ISO-10303-21;
HEADER;
/* Generated by software containing ST-Developer
 * from STEP Tools, Inc. (www.steptools.com) 
 */

FILE_DESCRIPTION(
/* description */ (''),
/* implementation_level */ '2;1');

FILE_NAME(
/* name */ 'Outer Male Coupling Molded v3.step',
/* time_stamp */ '2025-06-10T14:12:23-05:00',
/* author */ (''),
/* organization */ (''),
/* preprocessor_version */ 'ST-DEVELOPER v20.1',
/* originating_system */ 'Autodesk Translation Framework v14.10.0.0',
/* authorisation */ '');

FILE_SCHEMA (('AUTOMOTIVE_DESIGN { 1 0 10303 214 3 1 1 }'));
ENDSEC;

DATA;
#10=MECHANICAL_DESIGN_GEOMETRIC_PRESENTATION_REPRESENTATION('',(#13),#7670);
#11=SHAPE_REPRESENTATION_RELATIONSHIP('SRR','None',#7677,#12);
#12=ADVANCED_BREP_SHAPE_REPRESENTATION('',(#14),#7669);
#13=STYLED_ITEM('',(#7686),#14);
#14=MANIFOLD_SOLID_BREP('Male',#1820);
#15=B_SPLINE_SURFACE_WITH_KNOTS('',3,3,((#3480,#3481,#3482,#3483,#3484,
#3485),(#3486,#3487,#3488,#3489,#3490,#3491),(#3492,#3493,#3494,#3495,#3496,
#3497),(#3498,#3499,#3500,#3501,#3502,#3503)),.UNSPECIFIED.,.F.,.F.,.F.,
(4,4),(4,2,4),(0.,1.),(-0.000476705283780756,0.,0.0318492101720297),
 .UNSPECIFIED.);
#16=B_SPLINE_SURFACE_WITH_KNOTS('',3,3,((#3519,#3520,#3521,#3522,#3523,
#3524),(#3525,#3526,#3527,#3528,#3529,#3530),(#3531,#3532,#3533,#3534,#3535,
#3536),(#3537,#3538,#3539,#3540,#3541,#3542),(#3543,#3544,#3545,#3546,#3547,
#3548)),.UNSPECIFIED.,.F.,.F.,.F.,(4,1,4),(4,1,1,4),(0.,0.571428571428571,
1.),(0.,0.0375328831389373,0.0750657662778746,0.13136509098628),
 .UNSPECIFIED.);
#17=B_SPLINE_SURFACE_WITH_KNOTS('',3,3,((#3570,#3571,#3572,#3573,#3574,
#3575),(#3576,#3577,#3578,#3579,#3580,#3581),(#3582,#3583,#3584,#3585,#3586,
#3587),(#3588,#3589,#3590,#3591,#3592,#3593),(#3594,#3595,#3596,#3597,#3598,
#3599)),.UNSPECIFIED.,.F.,.F.,.F.,(4,1,4),(4,1,1,4),(0.,0.571428571428571,
1.),(0.,0.0281499767075746,0.0562999534151492,0.131366557968681),
 .UNSPECIFIED.);
#18=B_SPLINE_SURFACE_WITH_KNOTS('',3,3,((#3615,#3616,#3617,#3618,#3619,
#3620),(#3621,#3622,#3623,#3624,#3625,#3626),(#3627,#3628,#3629,#3630,#3631,
#3632),(#3633,#3634,#3635,#3636,#3637,#3638)),.UNSPECIFIED.,.F.,.F.,.F.,
(4,4),(4,2,4),(0.,1.),(-0.032325915455813,-0.0318492101719503,-8.92106840993287E-17),
 .UNSPECIFIED.);
#19=B_SPLINE_SURFACE_WITH_KNOTS('',3,3,((#3653,#3654,#3655,#3656,#3657),
(#3658,#3659,#3660,#3661,#3662),(#3663,#3664,#3665,#3666,#3667),(#3668,
#3669,#3670,#3671,#3672),(#3673,#3674,#3675,#3676,#3677)),.UNSPECIFIED.,
 .F.,.F.,.F.,(4,1,4),(4,1,4),(0.,0.5,1.),(-0.401901820145254,-0.0574145457350363,
0.401901820145254),.UNSPECIFIED.);
#20=B_SPLINE_SURFACE_WITH_KNOTS('',3,3,((#3678,#3679,#3680,#3681,#3682,
#3683),(#3684,#3685,#3686,#3687,#3688,#3689),(#3690,#3691,#3692,#3693,#3694,
#3695),(#3696,#3697,#3698,#3699,#3700,#3701)),.UNSPECIFIED.,.F.,.F.,.F.,
(4,4),(4,2,4),(0.,1.),(-0.000476705283830082,0.,0.0318492101719833),
 .UNSPECIFIED.);
#21=B_SPLINE_SURFACE_WITH_KNOTS('',3,3,((#3717,#3718,#3719,#3720,#3721,
#3722),(#3723,#3724,#3725,#3726,#3727,#3728),(#3729,#3730,#3731,#3732,#3733,
#3734),(#3735,#3736,#3737,#3738,#3739,#3740),(#3741,#3742,#3743,#3744,#3745,
#3746)),.UNSPECIFIED.,.F.,.F.,.F.,(4,1,4),(4,1,1,4),(0.,0.571428571428571,
1.),(0.,0.0281496623542025,0.0562993247084051,0.131365090986279),
 .UNSPECIFIED.);
#22=B_SPLINE_SURFACE_WITH_KNOTS('',3,3,((#3768,#3769,#3770,#3771,#3772,
#3773),(#3774,#3775,#3776,#3777,#3778,#3779),(#3780,#3781,#3782,#3783,#3784,
#3785),(#3786,#3787,#3788,#3789,#3790,#3791),(#3792,#3793,#3794,#3795,#3796,
#3797)),.UNSPECIFIED.,.F.,.F.,.F.,(4,1,4),(4,1,1,4),(0.,0.571428571428571,
1.),(0.,0.0281499767075744,0.0562999534151488,0.131366557968681),
 .UNSPECIFIED.);
#23=B_SPLINE_SURFACE_WITH_KNOTS('',3,3,((#3813,#3814,#3815,#3816,#3817,
#3818),(#3819,#3820,#3821,#3822,#3823,#3824),(#3825,#3826,#3827,#3828,#3829,
#3830),(#3831,#3832,#3833,#3834,#3835,#3836)),.UNSPECIFIED.,.F.,.F.,.F.,
(4,4),(4,2,4),(0.,1.),(-0.0323259154558107,-0.0318492101721308,0.),
 .UNSPECIFIED.);
#24=B_SPLINE_SURFACE_WITH_KNOTS('',3,3,((#3851,#3852,#3853,#3854,#3855),
(#3856,#3857,#3858,#3859,#3860),(#3861,#3862,#3863,#3864,#3865),(#3866,
#3867,#3868,#3869,#3870),(#3871,#3872,#3873,#3874,#3875)),.UNSPECIFIED.,
 .F.,.F.,.F.,(4,1,4),(4,1,4),(0.,0.5,1.),(-0.401901820145254,-0.0574145457350363,
0.401901820145254),.UNSPECIFIED.);
#25=B_SPLINE_SURFACE_WITH_KNOTS('',3,3,((#3876,#3877,#3878,#3879,#3880,
#3881),(#3882,#3883,#3884,#3885,#3886,#3887),(#3888,#3889,#3890,#3891,#3892,
#3893),(#3894,#3895,#3896,#3897,#3898,#3899)),.UNSPECIFIED.,.F.,.F.,.F.,
(4,4),(4,2,4),(0.,1.),(-0.0323259154558111,-0.0318492101721311,0.),
 .UNSPECIFIED.);
#26=B_SPLINE_SURFACE_WITH_KNOTS('',3,3,((#3915,#3916,#3917,#3918,#3919,
#3920),(#3921,#3922,#3923,#3924,#3925,#3926),(#3927,#3928,#3929,#3930,#3931,
#3932),(#3933,#3934,#3935,#3936,#3937,#3938),(#3939,#3940,#3941,#3942,#3943,
#3944)),.UNSPECIFIED.,.F.,.F.,.F.,(4,1,4),(4,1,1,4),(0.,0.571428571428571,
1.),(0.,0.0281496623542025,0.056299324708405,0.131365090986278),
 .UNSPECIFIED.);
#27=B_SPLINE_SURFACE_WITH_KNOTS('',3,3,((#3966,#3967,#3968,#3969,#3970,
#3971),(#3972,#3973,#3974,#3975,#3976,#3977),(#3978,#3979,#3980,#3981,#3982,
#3983),(#3984,#3985,#3986,#3987,#3988,#3989),(#3990,#3991,#3992,#3993,#3994,
#3995)),.UNSPECIFIED.,.F.,.F.,.F.,(4,1,4),(4,1,1,4),(0.,0.571428571428571,
1.),(0.,0.0375333022767658,0.0750666045535317,0.13136655796868),
 .UNSPECIFIED.);
#28=B_SPLINE_SURFACE_WITH_KNOTS('',3,3,((#4011,#4012,#4013,#4014,#4015,
#4016),(#4017,#4018,#4019,#4020,#4021,#4022),(#4023,#4024,#4025,#4026,#4027,
#4028),(#4029,#4030,#4031,#4032,#4033,#4034)),.UNSPECIFIED.,.F.,.F.,.F.,
(4,4),(4,2,4),(0.,1.),(-0.000476705283819978,0.,0.0318492101719929),
 .UNSPECIFIED.);
#29=B_SPLINE_SURFACE_WITH_KNOTS('',3,3,((#4074,#4075,#4076,#4077,#4078,
#4079),(#4080,#4081,#4082,#4083,#4084,#4085),(#4086,#4087,#4088,#4089,#4090,
#4091),(#4092,#4093,#4094,#4095,#4096,#4097)),.UNSPECIFIED.,.F.,.F.,.F.,
(4,4),(4,2,4),(0.,1.),(-0.032325915455811,-0.0318492101721313,0.),
 .UNSPECIFIED.);
#30=B_SPLINE_SURFACE_WITH_KNOTS('',3,3,((#4112,#4113,#4114,#4115,#4116,
#4117),(#4118,#4119,#4120,#4121,#4122,#4123),(#4124,#4125,#4126,#4127,#4128,
#4129),(#4130,#4131,#4132,#4133,#4134,#4135),(#4136,#4137,#4138,#4139,#4140,
#4141)),.UNSPECIFIED.,.F.,.F.,.F.,(4,1,4),(4,1,1,4),(0.,0.571428571428571,
1.),(0.,0.0281496623542028,0.0562993247084056,0.13136509098628),
 .UNSPECIFIED.);
#31=B_SPLINE_SURFACE_WITH_KNOTS('',3,3,((#4154,#4155,#4156,#4157,#4158,
#4159),(#4160,#4161,#4162,#4163,#4164,#4165),(#4166,#4167,#4168,#4169,#4170,
#4171),(#4172,#4173,#4174,#4175,#4176,#4177),(#4178,#4179,#4180,#4181,#4182,
#4183)),.UNSPECIFIED.,.F.,.F.,.F.,(4,1,4),(4,1,1,4),(0.,0.571428571428571,
1.),(0.,0.0281499767075742,0.0562999534151485,0.13136655796868),
 .UNSPECIFIED.);
#32=B_SPLINE_SURFACE_WITH_KNOTS('',3,3,((#4192,#4193,#4194,#4195,#4196,
#4197),(#4198,#4199,#4200,#4201,#4202,#4203),(#4204,#4205,#4206,#4207,#4208,
#4209),(#4210,#4211,#4212,#4213,#4214,#4215)),.UNSPECIFIED.,.F.,.F.,.F.,
(4,4),(4,2,4),(0.,1.),(-0.000476705283675153,0.,0.0318492101721365),
 .UNSPECIFIED.);
#33=B_SPLINE_SURFACE_WITH_KNOTS('',3,3,((#4223,#4224,#4225,#4226,#4227),
(#4228,#4229,#4230,#4231,#4232),(#4233,#4234,#4235,#4236,#4237),(#4238,
#4239,#4240,#4241,#4242),(#4243,#4244,#4245,#4246,#4247)),.UNSPECIFIED.,
 .F.,.F.,.F.,(4,1,4),(4,1,4),(0.,0.5,1.),(-0.401901820145254,-0.0574145457350363,
0.401901820145254),.UNSPECIFIED.);
#34=B_SPLINE_SURFACE_WITH_KNOTS('',3,3,((#4250,#4251,#4252,#4253,#4254),
(#4255,#4256,#4257,#4258,#4259),(#4260,#4261,#4262,#4263,#4264),(#4265,
#4266,#4267,#4268,#4269),(#4270,#4271,#4272,#4273,#4274)),.UNSPECIFIED.,
 .F.,.F.,.F.,(4,1,4),(4,1,4),(0.,0.5,1.),(-0.401901820145254,-0.0574145457350363,
0.401901820145254),.UNSPECIFIED.);
#35=B_SPLINE_SURFACE_WITH_KNOTS('',3,3,((#4282,#4283,#4284,#4285,#4286),
(#4287,#4288,#4289,#4290,#4291),(#4292,#4293,#4294,#4295,#4296),(#4297,
#4298,#4299,#4300,#4301),(#4302,#4303,#4304,#4305,#4306)),.UNSPECIFIED.,
 .F.,.F.,.F.,(4,1,4),(4,1,4),(0.,0.571428571428571,1.),(-6.93889390390723E-18,
0.0277342170134038,0.0554684340268075),.UNSPECIFIED.);
#36=B_SPLINE_SURFACE_WITH_KNOTS('',3,3,((#4319,#4320,#4321,#4322),(#4323,
#4324,#4325,#4326),(#4327,#4328,#4329,#4330),(#4331,#4332,#4333,#4334),
(#4335,#4336,#4337,#4338)),.UNSPECIFIED.,.F.,.F.,.F.,(4,1,4),(4,4),(0.,
0.571428571428571,1.),(0.,0.00268204353781495),.UNSPECIFIED.);
#37=B_SPLINE_SURFACE_WITH_KNOTS('',3,3,((#4350,#4351,#4352,#4353,#4354),
(#4355,#4356,#4357,#4358,#4359),(#4360,#4361,#4362,#4363,#4364),(#4365,
#4366,#4367,#4368,#4369),(#4370,#4371,#4372,#4373,#4374)),.UNSPECIFIED.,
 .F.,.F.,.F.,(4,1,4),(4,1,4),(0.,0.571428571428571,1.),(0.,0.134432259351283,
0.31367527181966),.UNSPECIFIED.);
#38=B_SPLINE_SURFACE_WITH_KNOTS('',3,3,((#4388,#4389,#4390,#4391,#4392,
#4393,#4394,#4395,#4396,#4397,#4398,#4399,#4400,#4401,#4402,#4403,#4404,
#4405,#4406,#4407,#4408,#4409,#4410,#4411,#4412,#4413,#4414,#4415,#4416,
#4417,#4418,#4419,#4420,#4421,#4422,#4423,#4424,#4425,#4426,#4427,#4428,
#4429,#4430,#4431,#4432,#4433,#4434,#4435,#4436,#4437,#4438,#4439,#4440,
#4441,#4442,#4443,#4444,#4445,#4446,#4447,#4448,#4449,#4450,#4451,#4452,
#4453,#4454,#4455,#4456,#4457,#4458,#4459,#4460),(#4461,#4462,#4463,#4464,
#4465,#4466,#4467,#4468,#4469,#4470,#4471,#4472,#4473,#4474,#4475,#4476,
#4477,#4478,#4479,#4480,#4481,#4482,#4483,#4484,#4485,#4486,#4487,#4488,
#4489,#4490,#4491,#4492,#4493,#4494,#4495,#4496,#4497,#4498,#4499,#4500,
#4501,#4502,#4503,#4504,#4505,#4506,#4507,#4508,#4509,#4510,#4511,#4512,
#4513,#4514,#4515,#4516,#4517,#4518,#4519,#4520,#4521,#4522,#4523,#4524,
#4525,#4526,#4527,#4528,#4529,#4530,#4531,#4532,#4533),(#4534,#4535,#4536,
#4537,#4538,#4539,#4540,#4541,#4542,#4543,#4544,#4545,#4546,#4547,#4548,
#4549,#4550,#4551,#4552,#4553,#4554,#4555,#4556,#4557,#4558,#4559,#4560,
#4561,#4562,#4563,#4564,#4565,#4566,#4567,#4568,#4569,#4570,#4571,#4572,
#4573,#4574,#4575,#4576,#4577,#4578,#4579,#4580,#4581,#4582,#4583,#4584,
#4585,#4586,#4587,#4588,#4589,#4590,#4591,#4592,#4593,#4594,#4595,#4596,
#4597,#4598,#4599,#4600,#4601,#4602,#4603,#4604,#4605,#4606),(#4607,#4608,
#4609,#4610,#4611,#4612,#4613,#4614,#4615,#4616,#4617,#4618,#4619,#4620,
#4621,#4622,#4623,#4624,#4625,#4626,#4627,#4628,#4629,#4630,#4631,#4632,
#4633,#4634,#4635,#4636,#4637,#4638,#4639,#4640,#4641,#4642,#4643,#4644,
#4645,#4646,#4647,#4648,#4649,#4650,#4651,#4652,#4653,#4654,#4655,#4656,
#4657,#4658,#4659,#4660,#4661,#4662,#4663,#4664,#4665,#4666,#4667,#4668,
#4669,#4670,#4671,#4672,#4673,#4674,#4675,#4676,#4677,#4678,#4679),(#4680,
#4681,#4682,#4683,#4684,#4685,#4686,#4687,#4688,#4689,#4690,#4691,#4692,
#4693,#4694,#4695,#4696,#4697,#4698,#4699,#4700,#4701,#4702,#4703,#4704,
#4705,#4706,#4707,#4708,#4709,#4710,#4711,#4712,#4713,#4714,#4715,#4716,
#4717,#4718,#4719,#4720,#4721,#4722,#4723,#4724,#4725,#4726,#4727,#4728,
#4729,#4730,#4731,#4732,#4733,#4734,#4735,#4736,#4737,#4738,#4739,#4740,
#4741,#4742,#4743,#4744,#4745,#4746,#4747,#4748,#4749,#4750,#4751,#4752)),
 .UNSPECIFIED.,.F.,.F.,.F.,(4,1,4),(4,1,1,1,1,1,1,1,1,1,1,1,1,1,1,1,1,1,
1,1,1,1,1,1,1,1,1,1,1,1,1,1,1,1,1,1,1,1,1,1,1,1,1,1,1,1,1,1,1,1,1,1,1,1,
1,1,1,1,1,1,1,1,1,1,1,1,1,1,1,1,4),(0.,0.571428571428571,1.),(0.,1.38760525465951,
2.77521050931902,4.16281576397853,5.55042101863804,6.93802627329755,8.32563152795706,
9.71323678261657,11.1008420372761,12.0259122070491,12.9509823768221,13.8760525465951,
14.8011227163681,16.1887279710276,16.6512630559141,17.3450656832439,18.0388683105736,
19.4264735652331,20.8140788198927,22.2016840745522,23.1267542443252,24.0518244140982,
24.9768945838712,25.9019647536442,27.1353916466749,28.3688185397055,29.6022454327362,
30.5273156025092,31.4523857722822,32.3774559420552,33.3025261118283,34.2275962816013,
35.1526664513743,36.0777366211473,37.0028067909203,37.9278769606933,38.8529471304663,
39.7780173002393,40.7030874700123,41.936514363043,43.1699412560737,44.4033681491043,
45.636795042135,46.8702219351657,48.1036488281964,49.337075721227,50.5705026142577,
51.8039295072884,52.7289996770614,53.6540698468344,54.5791400166074,55.5042101863804,
56.4292803561534,57.3543505259264,58.2794206956994,59.2044908654724,60.4379177585031,
61.6713446515338,62.9047715445645,64.1381984375952,65.3716253306258,66.6050522236565,
67.992657478316,69.3802627329755,70.0740653603053,70.767867987635,72.1554732422945,
73.5430784969541,74.9306837516136,76.3182890062731,77.7058942609326),
 .UNSPECIFIED.);
#39=B_SPLINE_SURFACE_WITH_KNOTS('',3,3,((#4842,#4843,#4844,#4845,#4846,
#4847,#4848),(#4849,#4850,#4851,#4852,#4853,#4854,#4855),(#4856,#4857,#4858,
#4859,#4860,#4861,#4862),(#4863,#4864,#4865,#4866,#4867,#4868,#4869),(#4870,
#4871,#4872,#4873,#4874,#4875,#4876)),.UNSPECIFIED.,.F.,.F.,.F.,(4,1,4),
(4,1,1,1,4),(0.,0.571428571428571,1.),(0.,0.953239345849854,1.90647869169971,
2.6214082010871,3.33633771047449),.UNSPECIFIED.);
#40=B_SPLINE_SURFACE_WITH_KNOTS('',3,3,((#4886,#4887,#4888,#4889,#4890,
#4891),(#4892,#4893,#4894,#4895,#4896,#4897),(#4898,#4899,#4900,#4901,#4902,
#4903),(#4904,#4905,#4906,#4907,#4908,#4909),(#4910,#4911,#4912,#4913,#4914,
#4915)),.UNSPECIFIED.,.F.,.F.,.F.,(4,1,4),(4,1,1,4),(0.,0.571428571428571,
1.),(0.,0.0288430154463089,0.0480716924105148,0.0673003693747208),
 .UNSPECIFIED.);
#41=B_SPLINE_SURFACE_WITH_KNOTS('',3,3,((#4928,#4929,#4930,#4931),(#4932,
#4933,#4934,#4935),(#4936,#4937,#4938,#4939),(#4940,#4941,#4942,#4943),
(#4944,#4945,#4946,#4947)),.UNSPECIFIED.,.F.,.F.,.F.,(4,1,4),(4,4),(0.,
0.571428571428571,1.),(0.,0.0245794343518147),.UNSPECIFIED.);
#42=B_SPLINE_SURFACE_WITH_KNOTS('',3,3,((#4954,#4955,#4956,#4957,#4958),
(#4959,#4960,#4961,#4962,#4963),(#4964,#4965,#4966,#4967,#4968),(#4969,
#4970,#4971,#4972,#4973)),.UNSPECIFIED.,.F.,.F.,.F.,(4,4),(4,1,4),(0.,1.),
(0.,0.0221294308606723,0.0442588617213445),.UNSPECIFIED.);
#43=B_SPLINE_SURFACE_WITH_KNOTS('',3,3,((#4987,#4988,#4989,#4990),(#4991,
#4992,#4993,#4994),(#4995,#4996,#4997,#4998),(#4999,#5000,#5001,#5002),
(#5003,#5004,#5005,#5006)),.UNSPECIFIED.,.F.,.F.,.F.,(4,1,4),(4,4),(0.,
0.571428571428571,1.),(2.23328514926282,3.11439798655736),.UNSPECIFIED.);
#44=B_SPLINE_SURFACE_WITH_KNOTS('',3,3,((#5017,#5018,#5019,#5020,#5021,
#5022),(#5023,#5024,#5025,#5026,#5027,#5028),(#5029,#5030,#5031,#5032,#5033,
#5034),(#5035,#5036,#5037,#5038,#5039,#5040),(#5041,#5042,#5043,#5044,#5045,
#5046)),.UNSPECIFIED.,.F.,.F.,.F.,(4,1,4),(4,1,1,4),(0.,0.571428571428571,
1.),(0.,1.05282077896156,1.75470129826926,2.45658181757697),
 .UNSPECIFIED.);
#45=B_SPLINE_SURFACE_WITH_KNOTS('',3,3,((#5055,#5056,#5057,#5058,#5059,
#5060,#5061,#5062,#5063,#5064,#5065,#5066,#5067,#5068,#5069,#5070,#5071,
#5072,#5073,#5074,#5075,#5076,#5077,#5078,#5079,#5080,#5081,#5082,#5083,
#5084,#5085,#5086,#5087,#5088,#5089,#5090,#5091,#5092,#5093,#5094,#5095,
#5096,#5097,#5098,#5099,#5100,#5101,#5102,#5103,#5104,#5105,#5106,#5107,
#5108,#5109,#5110,#5111,#5112,#5113,#5114,#5115,#5116,#5117,#5118,#5119,
#5120,#5121,#5122,#5123,#5124,#5125,#5126,#5127,#5128,#5129,#5130,#5131,
#5132,#5133,#5134,#5135,#5136,#5137,#5138,#5139,#5140,#5141,#5142,#5143,
#5144,#5145,#5146,#5147,#5148),(#5149,#5150,#5151,#5152,#5153,#5154,#5155,
#5156,#5157,#5158,#5159,#5160,#5161,#5162,#5163,#5164,#5165,#5166,#5167,
#5168,#5169,#5170,#5171,#5172,#5173,#5174,#5175,#5176,#5177,#5178,#5179,
#5180,#5181,#5182,#5183,#5184,#5185,#5186,#5187,#5188,#5189,#5190,#5191,
#5192,#5193,#5194,#5195,#5196,#5197,#5198,#5199,#5200,#5201,#5202,#5203,
#5204,#5205,#5206,#5207,#5208,#5209,#5210,#5211,#5212,#5213,#5214,#5215,
#5216,#5217,#5218,#5219,#5220,#5221,#5222,#5223,#5224,#5225,#5226,#5227,
#5228,#5229,#5230,#5231,#5232,#5233,#5234,#5235,#5236,#5237,#5238,#5239,
#5240,#5241,#5242),(#5243,#5244,#5245,#5246,#5247,#5248,#5249,#5250,#5251,
#5252,#5253,#5254,#5255,#5256,#5257,#5258,#5259,#5260,#5261,#5262,#5263,
#5264,#5265,#5266,#5267,#5268,#5269,#5270,#5271,#5272,#5273,#5274,#5275,
#5276,#5277,#5278,#5279,#5280,#5281,#5282,#5283,#5284,#5285,#5286,#5287,
#5288,#5289,#5290,#5291,#5292,#5293,#5294,#5295,#5296,#5297,#5298,#5299,
#5300,#5301,#5302,#5303,#5304,#5305,#5306,#5307,#5308,#5309,#5310,#5311,
#5312,#5313,#5314,#5315,#5316,#5317,#5318,#5319,#5320,#5321,#5322,#5323,
#5324,#5325,#5326,#5327,#5328,#5329,#5330,#5331,#5332,#5333,#5334,#5335,
#5336),(#5337,#5338,#5339,#5340,#5341,#5342,#5343,#5344,#5345,#5346,#5347,
#5348,#5349,#5350,#5351,#5352,#5353,#5354,#5355,#5356,#5357,#5358,#5359,
#5360,#5361,#5362,#5363,#5364,#5365,#5366,#5367,#5368,#5369,#5370,#5371,
#5372,#5373,#5374,#5375,#5376,#5377,#5378,#5379,#5380,#5381,#5382,#5383,
#5384,#5385,#5386,#5387,#5388,#5389,#5390,#5391,#5392,#5393,#5394,#5395,
#5396,#5397,#5398,#5399,#5400,#5401,#5402,#5403,#5404,#5405,#5406,#5407,
#5408,#5409,#5410,#5411,#5412,#5413,#5414,#5415,#5416,#5417,#5418,#5419,
#5420,#5421,#5422,#5423,#5424,#5425,#5426,#5427,#5428,#5429,#5430),(#5431,
#5432,#5433,#5434,#5435,#5436,#5437,#5438,#5439,#5440,#5441,#5442,#5443,
#5444,#5445,#5446,#5447,#5448,#5449,#5450,#5451,#5452,#5453,#5454,#5455,
#5456,#5457,#5458,#5459,#5460,#5461,#5462,#5463,#5464,#5465,#5466,#5467,
#5468,#5469,#5470,#5471,#5472,#5473,#5474,#5475,#5476,#5477,#5478,#5479,
#5480,#5481,#5482,#5483,#5484,#5485,#5486,#5487,#5488,#5489,#5490,#5491,
#5492,#5493,#5494,#5495,#5496,#5497,#5498,#5499,#5500,#5501,#5502,#5503,
#5504,#5505,#5506,#5507,#5508,#5509,#5510,#5511,#5512,#5513,#5514,#5515,
#5516,#5517,#5518,#5519,#5520,#5521,#5522,#5523,#5524)),.UNSPECIFIED.,.F.,
 .F.,.F.,(4,1,4),(4,1,1,1,1,1,1,1,1,1,1,1,1,1,1,1,1,1,1,1,1,1,1,1,1,1,1,
1,1,1,1,1,1,1,1,1,1,1,1,1,1,1,1,1,1,1,1,1,1,1,1,1,1,1,1,1,1,1,1,1,1,1,1,
1,1,1,1,1,1,1,1,1,1,1,1,1,1,1,1,1,1,1,1,1,1,1,1,1,1,1,1,4),(0.,0.571428571428571,
1.),(0.,0.814629028383146,1.62925805676629,2.44388708514944,3.25851611353258,
4.07314514191573,4.88777417029887,5.70240319868202,6.51703222706517,7.33166125544831,
8.14629028383146,8.9609193122146,9.77554834059775,10.5901773689809,11.404806397364,
12.2194354257472,13.0340644541303,14.1202364919745,15.2064085298187,16.2925805676629,
17.3787526055071,18.4649246433513,19.5510966811955,20.3657257095786,21.1803547379618,
21.9949837663449,22.8096127947281,23.6242418231112,24.4388708514944,25.2534998798775,
26.0681289082607,27.1543009461049,28.2404729839491,29.3266450217932,30.4128170596374,
31.8610464434297,33.309275827222,34.7575052110142,35.8436772488584,36.9298492867026,
38.0160213245468,39.102193362391,40.1883654002352,41.2745374380794,42.3607094759236,
43.4468815137678,44.533053551612,45.6192255894562,46.7053976273004,47.7915696651446,
48.8777417029887,49.9639137408329,51.0500857786771,52.1362578165213,53.2224298543655,
54.3086018922097,55.0327165841058,56.4809459678981,57.9291753516904,58.6532900435865,
59.3774047354826,60.8256341192749,61.9118061571191,62.9979781949633,64.0841502328075,
65.1703222706517,66.2564943084959,67.3426663463401,68.4288383841842,69.5150104220284,
70.9632398058207,72.411469189613,73.8596985734052,75.3079279571975,76.7561573409897,
78.204386724782,79.0190157531651,79.8336447815483,80.6482738099314,81.4629028383146,
82.2775318666977,83.0921608950809,83.906789923464,84.7214189518472,85.5360479802303,
86.3506770086135,87.1653060369966,87.9799350653797,88.7945640937629,89.609193122146,
90.4238221505292,91.2384511789123),.UNSPECIFIED.);
#46=B_SPLINE_SURFACE_WITH_KNOTS('',3,3,((#5642,#5643,#5644,#5645,#5646),
(#5647,#5648,#5649,#5650,#5651),(#5652,#5653,#5654,#5655,#5656),(#5657,
#5658,#5659,#5660,#5661),(#5662,#5663,#5664,#5665,#5666)),.UNSPECIFIED.,
 .F.,.F.,.F.,(4,1,4),(4,1,4),(0.,0.571428571428571,1.),(0.,0.135564775859807,
0.316317810339551),.UNSPECIFIED.);
#47=B_SPLINE_SURFACE_WITH_KNOTS('',3,3,((#5680,#5681,#5682,#5683),(#5684,
#5685,#5686,#5687),(#5688,#5689,#5690,#5691),(#5692,#5693,#5694,#5695),
(#5696,#5697,#5698,#5699)),.UNSPECIFIED.,.F.,.F.,.F.,(4,1,4),(4,4),(0.,
0.571428571428571,1.),(3.21340946987558E-15,0.00270983204838071),
 .UNSPECIFIED.);
#48=B_SPLINE_SURFACE_WITH_KNOTS('',3,3,((#5711,#5712,#5713,#5714,#5715),
(#5716,#5717,#5718,#5719,#5720),(#5721,#5722,#5723,#5724,#5725),(#5726,
#5727,#5728,#5729,#5730),(#5731,#5732,#5733,#5734,#5735)),.UNSPECIFIED.,
 .F.,.F.,.F.,(4,1,4),(4,1,4),(0.,0.571428571428571,1.),(0.,0.0280168037415677,
0.0560336074831355),.UNSPECIFIED.);
#49=B_SPLINE_SURFACE_WITH_KNOTS('',3,3,((#5752,#5753,#5754,#5755,#5756,
#5757,#5758,#5759,#5760,#5761,#5762,#5763,#5764,#5765,#5766,#5767,#5768,
#5769,#5770,#5771,#5772,#5773,#5774,#5775,#5776,#5777,#5778,#5779,#5780,
#5781,#5782,#5783,#5784,#5785,#5786,#5787,#5788,#5789,#5790,#5791,#5792,
#5793,#5794,#5795,#5796,#5797,#5798,#5799,#5800,#5801,#5802,#5803,#5804,
#5805,#5806,#5807,#5808,#5809,#5810,#5811,#5812,#5813,#5814,#5815,#5816,
#5817,#5818,#5819,#5820,#5821,#5822,#5823),(#5824,#5825,#5826,#5827,#5828,
#5829,#5830,#5831,#5832,#5833,#5834,#5835,#5836,#5837,#5838,#5839,#5840,
#5841,#5842,#5843,#5844,#5845,#5846,#5847,#5848,#5849,#5850,#5851,#5852,
#5853,#5854,#5855,#5856,#5857,#5858,#5859,#5860,#5861,#5862,#5863,#5864,
#5865,#5866,#5867,#5868,#5869,#5870,#5871,#5872,#5873,#5874,#5875,#5876,
#5877,#5878,#5879,#5880,#5881,#5882,#5883,#5884,#5885,#5886,#5887,#5888,
#5889,#5890,#5891,#5892,#5893,#5894,#5895),(#5896,#5897,#5898,#5899,#5900,
#5901,#5902,#5903,#5904,#5905,#5906,#5907,#5908,#5909,#5910,#5911,#5912,
#5913,#5914,#5915,#5916,#5917,#5918,#5919,#5920,#5921,#5922,#5923,#5924,
#5925,#5926,#5927,#5928,#5929,#5930,#5931,#5932,#5933,#5934,#5935,#5936,
#5937,#5938,#5939,#5940,#5941,#5942,#5943,#5944,#5945,#5946,#5947,#5948,
#5949,#5950,#5951,#5952,#5953,#5954,#5955,#5956,#5957,#5958,#5959,#5960,
#5961,#5962,#5963,#5964,#5965,#5966,#5967),(#5968,#5969,#5970,#5971,#5972,
#5973,#5974,#5975,#5976,#5977,#5978,#5979,#5980,#5981,#5982,#5983,#5984,
#5985,#5986,#5987,#5988,#5989,#5990,#5991,#5992,#5993,#5994,#5995,#5996,
#5997,#5998,#5999,#6000,#6001,#6002,#6003,#6004,#6005,#6006,#6007,#6008,
#6009,#6010,#6011,#6012,#6013,#6014,#6015,#6016,#6017,#6018,#6019,#6020,
#6021,#6022,#6023,#6024,#6025,#6026,#6027,#6028,#6029,#6030,#6031,#6032,
#6033,#6034,#6035,#6036,#6037,#6038,#6039),(#6040,#6041,#6042,#6043,#6044,
#6045,#6046,#6047,#6048,#6049,#6050,#6051,#6052,#6053,#6054,#6055,#6056,
#6057,#6058,#6059,#6060,#6061,#6062,#6063,#6064,#6065,#6066,#6067,#6068,
#6069,#6070,#6071,#6072,#6073,#6074,#6075,#6076,#6077,#6078,#6079,#6080,
#6081,#6082,#6083,#6084,#6085,#6086,#6087,#6088,#6089,#6090,#6091,#6092,
#6093,#6094,#6095,#6096,#6097,#6098,#6099,#6100,#6101,#6102,#6103,#6104,
#6105,#6106,#6107,#6108,#6109,#6110,#6111)),.UNSPECIFIED.,.F.,.F.,.F.,(4,
1,4),(4,1,1,1,1,1,1,1,1,1,1,1,1,1,1,1,1,1,1,1,1,1,1,1,1,1,1,1,1,1,1,1,1,
1,1,1,1,1,1,1,1,1,1,1,1,1,1,1,1,1,1,1,1,1,1,1,1,1,1,1,1,1,1,1,1,1,1,1,1,
4),(0.,0.571428571428571,1.),(0.0137413743696546,1.33384284646649,2.65394431856333,
3.97404579066016,4.63409652670858,5.294147262757,6.61424873485384,7.93435020695068,
9.25445167904751,10.5745531511443,11.4546207992089,12.3346884472735,13.214756095338,
14.0948237434026,14.9748913914671,15.8549590395317,17.1750605116285,18.4951619837254,
19.8152634558222,21.135364927919,22.4554664000159,23.7755678721127,25.0956693442096,
26.4157708163064,27.2958384643709,28.1759061124355,29.0559737605001,29.9360414085646,
30.8161090566292,31.6961767046937,32.8696002354465,34.0430237661992,35.216447296952,
36.3898708277047,37.5632943584575,38.7367178892102,39.6167855372748,40.4968531853393,
41.3769208334039,42.2569884814684,43.137056129533,44.0171237775975,44.8971914256621,
45.7772590737267,46.9506826044794,48.1241061352321,49.2975296659849,50.4709531967376,
51.6443767274904,52.8178002582431,53.6978679063077,54.5779355543722,55.4580032024368,
56.3380708505014,56.9247826158777,57.5114943812541,58.6849179120068,59.8583414427596,
61.0317649735123,62.2051885042651,63.3786120350178,64.0386627710662,64.6987135071146,
66.0188149792115,67.3389164513083,68.6590179234052,69.979119395502,71.2992208675988,
72.6193223396957,73.9394238117925),.UNSPECIFIED.);
#50=B_SPLINE_SURFACE_WITH_KNOTS('',3,3,((#6186,#6187,#6188,#6189,#6190,
#6191),(#6192,#6193,#6194,#6195,#6196,#6197),(#6198,#6199,#6200,#6201,#6202,
#6203),(#6204,#6205,#6206,#6207,#6208,#6209),(#6210,#6211,#6212,#6213,#6214,
#6215)),.UNSPECIFIED.,.F.,.F.,.F.,(4,1,4),(4,1,1,4),(0.,0.571428571428571,
1.),(1.37984414383047E-16,1.26232767234681,2.10387945391134,2.94543123547588),
 .UNSPECIFIED.);
#51=B_SPLINE_SURFACE_WITH_KNOTS('',3,3,((#6224,#6225,#6226,#6227,#6228),
(#6229,#6230,#6231,#6232,#6233),(#6234,#6235,#6236,#6237,#6238),(#6239,
#6240,#6241,#6242,#6243),(#6244,#6245,#6246,#6247,#6248)),.UNSPECIFIED.,
 .F.,.F.,.F.,(4,1,4),(4,1,4),(0.,0.571428571428571,1.),(0.,0.112784652286746,
0.263164188669075),.UNSPECIFIED.);
#52=B_SPLINE_SURFACE_WITH_KNOTS('',3,3,((#6262,#6263,#6264,#6265),(#6266,
#6267,#6268,#6269),(#6270,#6271,#6272,#6273),(#6274,#6275,#6276,#6277),
(#6278,#6279,#6280,#6281)),.UNSPECIFIED.,.F.,.F.,.F.,(4,1,4),(4,4),(0.,
0.571428571428571,1.),(6.43079781483808E-17,0.0320933168275412),
 .UNSPECIFIED.);
#53=B_SPLINE_SURFACE_WITH_KNOTS('',3,3,((#6290,#6291,#6292,#6293,#6294,
#6295,#6296),(#6297,#6298,#6299,#6300,#6301,#6302,#6303),(#6304,#6305,#6306,
#6307,#6308,#6309,#6310),(#6311,#6312,#6313,#6314,#6315,#6316,#6317)),
 .UNSPECIFIED.,.F.,.F.,.F.,(4,4),(4,1,1,1,4),(0.0893767452141684,0.247796045079243),
(0.00868811631868078,0.399215168937735,0.789742221556789,1.18026927417584,
1.5707963267949),.UNSPECIFIED.);
#54=B_SPLINE_SURFACE_WITH_KNOTS('',3,3,((#6319,#6320,#6321,#6322,#6323,
#6324,#6325,#6326,#6327,#6328,#6329,#6330,#6331,#6332,#6333,#6334,#6335,
#6336,#6337,#6338,#6339,#6340,#6341,#6342,#6343,#6344,#6345,#6346,#6347,
#6348,#6349,#6350,#6351,#6352,#6353,#6354,#6355,#6356,#6357,#6358,#6359,
#6360,#6361,#6362,#6363,#6364,#6365,#6366,#6367,#6368,#6369,#6370,#6371,
#6372,#6373,#6374,#6375,#6376,#6377,#6378,#6379,#6380,#6381,#6382,#6383,
#6384,#6385,#6386,#6387,#6388,#6389,#6390,#6391,#6392,#6393,#6394,#6395),
(#6396,#6397,#6398,#6399,#6400,#6401,#6402,#6403,#6404,#6405,#6406,#6407,
#6408,#6409,#6410,#6411,#6412,#6413,#6414,#6415,#6416,#6417,#6418,#6419,
#6420,#6421,#6422,#6423,#6424,#6425,#6426,#6427,#6428,#6429,#6430,#6431,
#6432,#6433,#6434,#6435,#6436,#6437,#6438,#6439,#6440,#6441,#6442,#6443,
#6444,#6445,#6446,#6447,#6448,#6449,#6450,#6451,#6452,#6453,#6454,#6455,
#6456,#6457,#6458,#6459,#6460,#6461,#6462,#6463,#6464,#6465,#6466,#6467,
#6468,#6469,#6470,#6471,#6472),(#6473,#6474,#6475,#6476,#6477,#6478,#6479,
#6480,#6481,#6482,#6483,#6484,#6485,#6486,#6487,#6488,#6489,#6490,#6491,
#6492,#6493,#6494,#6495,#6496,#6497,#6498,#6499,#6500,#6501,#6502,#6503,
#6504,#6505,#6506,#6507,#6508,#6509,#6510,#6511,#6512,#6513,#6514,#6515,
#6516,#6517,#6518,#6519,#6520,#6521,#6522,#6523,#6524,#6525,#6526,#6527,
#6528,#6529,#6530,#6531,#6532,#6533,#6534,#6535,#6536,#6537,#6538,#6539,
#6540,#6541,#6542,#6543,#6544,#6545,#6546,#6547,#6548,#6549),(#6550,#6551,
#6552,#6553,#6554,#6555,#6556,#6557,#6558,#6559,#6560,#6561,#6562,#6563,
#6564,#6565,#6566,#6567,#6568,#6569,#6570,#6571,#6572,#6573,#6574,#6575,
#6576,#6577,#6578,#6579,#6580,#6581,#6582,#6583,#6584,#6585,#6586,#6587,
#6588,#6589,#6590,#6591,#6592,#6593,#6594,#6595,#6596,#6597,#6598,#6599,
#6600,#6601,#6602,#6603,#6604,#6605,#6606,#6607,#6608,#6609,#6610,#6611,
#6612,#6613,#6614,#6615,#6616,#6617,#6618,#6619,#6620,#6621,#6622,#6623,
#6624,#6625,#6626)),.UNSPECIFIED.,.F.,.F.,.F.,(4,4),(4,1,1,1,1,1,1,1,1,
1,1,1,1,1,1,1,1,1,1,1,1,1,1,1,1,1,1,1,1,1,1,1,1,1,1,1,1,1,1,1,1,1,1,1,1,
1,1,1,1,1,1,1,1,1,1,1,1,1,1,1,1,1,1,1,1,1,1,1,1,1,1,1,1,1,4),(0.0893767452141653,
0.247796045079309),(0.,0.489372349155943,0.978744698311886,1.46811704746783,
1.95748939662377,2.44686174577972,2.93623409493566,3.4256064440916,3.91497879324754,
4.40435114240349,4.89372349155943,5.38309584071537,5.87246818987132,6.36184053902726,
6.8512128881832,7.34058523733914,7.82995758649509,8.31932993565103,8.80870228480697,
9.29807463396292,9.78744698311886,10.2768193322748,10.7661916814307,11.2555640305867,
11.7449363797426,12.2343087288986,12.7236810780545,13.2130534272105,13.7024257763664,
14.1917981255223,14.6811704746783,15.1705428238342,15.6599151729902,16.1492875221461,
16.6386598713021,17.128032220458,17.6174045696139,18.1067769187699,18.5961492679258,
19.0855216170818,19.5748939662377,20.0642663153937,20.5536386645496,21.0430110137055,
21.5323833628615,22.0217557120174,22.5111280611734,23.0005004103293,23.4898727594853,
23.9792451086412,24.4686174577972,24.9579898069531,25.447362156109,25.936734505265,
26.4261068544209,26.9154792035769,27.4048515527328,27.8942239018888,28.3835962510447,
28.8729686002006,29.3623409493566,29.8517132985125,30.3410856476685,30.8304579968244,
31.3198303459804,31.8092026951363,32.2985750442922,32.7879473934482,33.2773197426041,
33.7666920917601,34.256064440916,34.745436790072,35.2348091392279,35.7241814883838,
36.2135538375398),.UNSPECIFIED.);
#55=B_SPLINE_SURFACE_WITH_KNOTS('',3,3,((#6627,#6628,#6629,#6630),(#6631,
#6632,#6633,#6634),(#6635,#6636,#6637,#6638),(#6639,#6640,#6641,#6642),
(#6643,#6644,#6645,#6646)),.UNSPECIFIED.,.F.,.F.,.F.,(4,1,4),(4,4),(0.,
0.571428571428571,1.),(0.00649778838390835,0.0404333666188889),
 .UNSPECIFIED.);
#56=B_SPLINE_SURFACE_WITH_KNOTS('',3,3,((#6658,#6659,#6660,#6661,#6662),
(#6663,#6664,#6665,#6666,#6667),(#6668,#6669,#6670,#6671,#6672),(#6673,
#6674,#6675,#6676,#6677),(#6678,#6679,#6680,#6681,#6682)),.UNSPECIFIED.,
 .F.,.F.,.F.,(4,1,4),(4,1,4),(0.,0.571428571428571,1.),(0.,0.113749369304947,
0.265415195044877),.UNSPECIFIED.);
#57=B_SPLINE_SURFACE_WITH_KNOTS('',3,3,((#6695,#6696,#6697,#6698,#6699,
#6700),(#6701,#6702,#6703,#6704,#6705,#6706),(#6707,#6708,#6709,#6710,#6711,
#6712),(#6713,#6714,#6715,#6716,#6717,#6718),(#6719,#6720,#6721,#6722,#6723,
#6724)),.UNSPECIFIED.,.F.,.F.,.F.,(4,1,4),(4,1,1,4),(0.,0.571428571428571,
1.),(0.,0.8412606372139,1.6825212744278,2.94441223024865),.UNSPECIFIED.);
#58=B_SPLINE_SURFACE_WITH_KNOTS('',3,3,((#6733,#6734,#6735,#6736,#6737,
#6738,#6739,#6740,#6741,#6742,#6743,#6744,#6745,#6746,#6747,#6748,#6749,
#6750,#6751,#6752,#6753,#6754,#6755,#6756,#6757,#6758,#6759,#6760,#6761,
#6762,#6763,#6764,#6765,#6766,#6767,#6768,#6769,#6770,#6771,#6772,#6773,
#6774,#6775,#6776,#6777,#6778,#6779,#6780,#6781,#6782,#6783,#6784,#6785,
#6786,#6787,#6788,#6789,#6790,#6791,#6792,#6793,#6794,#6795,#6796,#6797,
#6798,#6799,#6800,#6801,#6802,#6803,#6804,#6805,#6806,#6807,#6808,#6809,
#6810,#6811,#6812,#6813,#6814,#6815,#6816,#6817,#6818,#6819,#6820,#6821,
#6822,#6823),(#6824,#6825,#6826,#6827,#6828,#6829,#6830,#6831,#6832,#6833,
#6834,#6835,#6836,#6837,#6838,#6839,#6840,#6841,#6842,#6843,#6844,#6845,
#6846,#6847,#6848,#6849,#6850,#6851,#6852,#6853,#6854,#6855,#6856,#6857,
#6858,#6859,#6860,#6861,#6862,#6863,#6864,#6865,#6866,#6867,#6868,#6869,
#6870,#6871,#6872,#6873,#6874,#6875,#6876,#6877,#6878,#6879,#6880,#6881,
#6882,#6883,#6884,#6885,#6886,#6887,#6888,#6889,#6890,#6891,#6892,#6893,
#6894,#6895,#6896,#6897,#6898,#6899,#6900,#6901,#6902,#6903,#6904,#6905,
#6906,#6907,#6908,#6909,#6910,#6911,#6912,#6913,#6914),(#6915,#6916,#6917,
#6918,#6919,#6920,#6921,#6922,#6923,#6924,#6925,#6926,#6927,#6928,#6929,
#6930,#6931,#6932,#6933,#6934,#6935,#6936,#6937,#6938,#6939,#6940,#6941,
#6942,#6943,#6944,#6945,#6946,#6947,#6948,#6949,#6950,#6951,#6952,#6953,
#6954,#6955,#6956,#6957,#6958,#6959,#6960,#6961,#6962,#6963,#6964,#6965,
#6966,#6967,#6968,#6969,#6970,#6971,#6972,#6973,#6974,#6975,#6976,#6977,
#6978,#6979,#6980,#6981,#6982,#6983,#6984,#6985,#6986,#6987,#6988,#6989,
#6990,#6991,#6992,#6993,#6994,#6995,#6996,#6997,#6998,#6999,#7000,#7001,
#7002,#7003,#7004,#7005),(#7006,#7007,#7008,#7009,#7010,#7011,#7012,#7013,
#7014,#7015,#7016,#7017,#7018,#7019,#7020,#7021,#7022,#7023,#7024,#7025,
#7026,#7027,#7028,#7029,#7030,#7031,#7032,#7033,#7034,#7035,#7036,#7037,
#7038,#7039,#7040,#7041,#7042,#7043,#7044,#7045,#7046,#7047,#7048,#7049,
#7050,#7051,#7052,#7053,#7054,#7055,#7056,#7057,#7058,#7059,#7060,#7061,
#7062,#7063,#7064,#7065,#7066,#7067,#7068,#7069,#7070,#7071,#7072,#7073,
#7074,#7075,#7076,#7077,#7078,#7079,#7080,#7081,#7082,#7083,#7084,#7085,
#7086,#7087,#7088,#7089,#7090,#7091,#7092,#7093,#7094,#7095,#7096),(#7097,
#7098,#7099,#7100,#7101,#7102,#7103,#7104,#7105,#7106,#7107,#7108,#7109,
#7110,#7111,#7112,#7113,#7114,#7115,#7116,#7117,#7118,#7119,#7120,#7121,
#7122,#7123,#7124,#7125,#7126,#7127,#7128,#7129,#7130,#7131,#7132,#7133,
#7134,#7135,#7136,#7137,#7138,#7139,#7140,#7141,#7142,#7143,#7144,#7145,
#7146,#7147,#7148,#7149,#7150,#7151,#7152,#7153,#7154,#7155,#7156,#7157,
#7158,#7159,#7160,#7161,#7162,#7163,#7164,#7165,#7166,#7167,#7168,#7169,
#7170,#7171,#7172,#7173,#7174,#7175,#7176,#7177,#7178,#7179,#7180,#7181,
#7182,#7183,#7184,#7185,#7186,#7187)),.UNSPECIFIED.,.F.,.F.,.F.,(4,1,4),
(4,1,1,1,1,1,1,1,1,1,1,1,1,1,1,1,1,1,1,1,1,1,1,1,1,1,1,1,1,1,1,1,1,1,1,
1,1,1,1,1,1,1,1,1,1,1,1,1,1,1,1,1,1,1,1,1,1,1,1,1,1,1,1,1,1,1,1,1,1,1,1,
1,1,1,1,1,1,1,1,1,1,1,1,1,1,1,1,1,4),(0.,0.571428571428571,1.),(1.77677746716033E-16,
0.774601318661083,1.54920263732217,2.32380395598325,3.09840527464433,3.87300659330541,
4.6476079119665,5.42220923062758,6.19681054928866,6.97141186794975,7.74601318661083,
8.52061450527191,9.29521582393299,10.0698171425941,10.8444184612552,11.6190197799162,
12.3936210985773,13.4264228567921,14.4592246150069,15.4920263732217,16.5248281314364,
17.9018971423895,19.2789661533425,20.6560351642955,21.6888369225103,22.7216386807251,
23.7544404389399,24.7872421971547,25.8200439553694,26.8528457135842,27.5413802190607,
28.9184492300138,29.6069837354903,30.2955182409668,30.9840527464433,32.1316102555708,
33.0496562628729,34.0824580210876,35.1152597793024,36.1480615375172,37.180863295732,
38.2136650539468,39.2464668121615,40.2792685703763,41.3120703285911,42.6891393395441,
44.0662083504972,45.4432773614502,46.8203463724032,48.1974153833563,49.5744843943093,
50.9515534052623,52.3286224162154,53.7056914271684,54.3942259326449,55.0827604381214,
56.4598294490745,57.8368984600275,58.8697002182423,59.9025019764571,60.9353037346718,
61.9681054928866,63.0009072511014,64.0337090093162,65.066510767531,66.0993125257457,
67.1321142839605,68.1649160421753,69.1977178003901,70.2305195586048,71.6075885695579,
72.9846575805109,74.3617265914639,75.136327910125,75.9109292287861,76.6855305474472,
77.4601318661083,78.2347331847694,79.0093345034304,79.7839358220915,80.5585371407526,
81.3331384594137,82.1077397780748,82.8823410967359,83.6569424153969,84.431543734058,
85.2061450527191,85.9807463713802,86.7553476900413),.UNSPECIFIED.);
#59=B_SPLINE_SURFACE_WITH_KNOTS('',3,3,((#7279,#7280,#7281,#7282,#7283,
#7284,#7285,#7286,#7287,#7288,#7289,#7290,#7291,#7292,#7293,#7294,#7295,
#7296,#7297,#7298,#7299,#7300,#7301,#7302,#7303,#7304,#7305,#7306,#7307,
#7308,#7309,#7310,#7311,#7312,#7313,#7314,#7315,#7316,#7317,#7318,#7319,
#7320,#7321,#7322,#7323,#7324,#7325,#7326,#7327,#7328,#7329,#7330,#7331,
#7332,#7333,#7334,#7335,#7336,#7337,#7338,#7339,#7340,#7341,#7342,#7343,
#7344,#7345,#7346,#7347,#7348,#7349,#7350,#7351,#7352,#7353,#7354,#7355,
#7356,#7357,#7358,#7359,#7360,#7361,#7362,#7363,#7364,#7365,#7366,#7367),
(#7368,#7369,#7370,#7371,#7372,#7373,#7374,#7375,#7376,#7377,#7378,#7379,
#7380,#7381,#7382,#7383,#7384,#7385,#7386,#7387,#7388,#7389,#7390,#7391,
#7392,#7393,#7394,#7395,#7396,#7397,#7398,#7399,#7400,#7401,#7402,#7403,
#7404,#7405,#7406,#7407,#7408,#7409,#7410,#7411,#7412,#7413,#7414,#7415,
#7416,#7417,#7418,#7419,#7420,#7421,#7422,#7423,#7424,#7425,#7426,#7427,
#7428,#7429,#7430,#7431,#7432,#7433,#7434,#7435,#7436,#7437,#7438,#7439,
#7440,#7441,#7442,#7443,#7444,#7445,#7446,#7447,#7448,#7449,#7450,#7451,
#7452,#7453,#7454,#7455,#7456),(#7457,#7458,#7459,#7460,#7461,#7462,#7463,
#7464,#7465,#7466,#7467,#7468,#7469,#7470,#7471,#7472,#7473,#7474,#7475,
#7476,#7477,#7478,#7479,#7480,#7481,#7482,#7483,#7484,#7485,#7486,#7487,
#7488,#7489,#7490,#7491,#7492,#7493,#7494,#7495,#7496,#7497,#7498,#7499,
#7500,#7501,#7502,#7503,#7504,#7505,#7506,#7507,#7508,#7509,#7510,#7511,
#7512,#7513,#7514,#7515,#7516,#7517,#7518,#7519,#7520,#7521,#7522,#7523,
#7524,#7525,#7526,#7527,#7528,#7529,#7530,#7531,#7532,#7533,#7534,#7535,
#7536,#7537,#7538,#7539,#7540,#7541,#7542,#7543,#7544,#7545),(#7546,#7547,
#7548,#7549,#7550,#7551,#7552,#7553,#7554,#7555,#7556,#7557,#7558,#7559,
#7560,#7561,#7562,#7563,#7564,#7565,#7566,#7567,#7568,#7569,#7570,#7571,
#7572,#7573,#7574,#7575,#7576,#7577,#7578,#7579,#7580,#7581,#7582,#7583,
#7584,#7585,#7586,#7587,#7588,#7589,#7590,#7591,#7592,#7593,#7594,#7595,
#7596,#7597,#7598,#7599,#7600,#7601,#7602,#7603,#7604,#7605,#7606,#7607,
#7608,#7609,#7610,#7611,#7612,#7613,#7614,#7615,#7616,#7617,#7618,#7619,
#7620,#7621,#7622,#7623,#7624,#7625,#7626,#7627,#7628,#7629,#7630,#7631,
#7632,#7633,#7634)),.UNSPECIFIED.,.F.,.F.,.F.,(4,4),(4,1,1,1,1,1,1,1,1,
1,1,1,1,1,1,1,1,1,1,1,1,1,1,1,1,1,1,1,1,1,1,1,1,1,1,1,1,1,1,1,1,1,1,1,1,
1,1,1,1,1,1,1,1,1,1,1,1,1,1,1,1,1,1,1,1,1,1,1,1,1,1,1,1,1,1,1,1,1,1,1,1,
1,1,1,1,1,4),(0.0521951547915837,0.210614454656765),(0.,0.49414812958976,
0.98829625917952,1.48244438876928,1.97659251835904,2.4707406479488,2.96488877753856,
3.45903690712832,3.95318503671808,4.44733316630784,4.9414812958976,5.43562942548736,
5.92977755507712,6.42392568466688,6.91807381425664,7.4122219438464,7.90637007343616,
8.40051820302592,8.89466633261568,9.38881446220544,9.8829625917952,10.377110721385,
10.8712588509747,11.3654069805645,11.8595551101542,12.353703239744,12.8478513693338,
13.3419994989235,13.8361476285133,14.330295758103,14.8244438876928,15.3185920172826,
15.8127401468723,16.3068882764621,16.8010364060518,17.2951845356416,17.7893326652314,
18.2834807948211,18.7776289244109,19.2717770540006,19.7659251835904,20.2600733131802,
20.7542214427699,21.2483695723597,21.7425177019494,22.2366658315392,22.730813961129,
23.2249620907187,23.7191102203085,24.2132583498982,24.707406479488,25.2015546090778,
25.6957027386675,26.1898508682573,26.683998997847,27.1781471274368,27.6722952570266,
28.1664433866163,28.6605915162061,29.1547396457958,29.6488877753856,30.1430359049754,
30.6371840345651,31.1313321641549,31.6254802937446,32.1196284233344,32.6137765529242,
33.1079246825139,33.6020728121037,34.0962209416934,34.5903690712832,35.084517200873,
35.5786653304627,36.0728134600525,36.5669615896422,37.061109719232,37.5552578488218,
38.0494059784115,38.5435541080013,39.037702237591,39.5318503671808,40.0259984967706,
40.5201466263603,41.0142947559501,41.5084428855398,42.0025910151296,42.4967391447194),
 .UNSPECIFIED.);
#60=B_SPLINE_SURFACE_WITH_KNOTS('',3,3,((#7636,#7637,#7638,#7639,#7640,
#7641,#7642),(#7643,#7644,#7645,#7646,#7647,#7648,#7649),(#7650,#7651,#7652,
#7653,#7654,#7655,#7656),(#7657,#7658,#7659,#7660,#7661,#7662,#7663)),
 .UNSPECIFIED.,.F.,.F.,.F.,(4,4),(4,1,1,1,4),(0.0486271690105593,0.210614454656763),
(0.00859342673118849,0.399144151747116,0.789694876763043,1.18024560177897,
1.5707963267949),.UNSPECIFIED.);
#61=ELLIPSE('',#1921,25.7827029132182,25.4);
#62=ELLIPSE('',#1922,25.7827029132182,25.4);
#63=ELLIPSE('',#1923,25.7827029132182,25.4);
#64=ELLIPSE('',#1924,25.7827029132182,25.4);
#65=ELLIPSE('',#1925,25.7827029132182,25.4);
#66=ELLIPSE('',#1926,25.7827029132182,25.4);
#67=ELLIPSE('',#1944,25.4872079583322,25.1);
#68=ELLIPSE('',#1951,25.4872079583322,25.1);
#69=ELLIPSE('',#1965,25.4872079583322,25.1);
#70=ELLIPSE('',#1967,25.4872079583322,25.1);
#71=(
BOUNDED_SURFACE()
B_SPLINE_SURFACE(2,2,((#2917,#2918,#2919),(#2920,#2921,#2922),(#2923,#2924,
#2925)),.UNSPECIFIED.,.F.,.F.,.F.)
B_SPLINE_SURFACE_WITH_KNOTS((3,3),(3,3),(-0.0375792678325011,0.0375792678325009),
(-1.86887124310619,-1.5707963267949),.UNSPECIFIED.)
GEOMETRIC_REPRESENTATION_ITEM()
RATIONAL_B_SPLINE_SURFACE(((1.,0.988914460327837,1.),(0.999293982406874,
0.988216269320749,0.999293982406874),(1.,0.988914460327837,1.)))
REPRESENTATION_ITEM('')
SURFACE()
);
#72=(
BOUNDED_SURFACE()
B_SPLINE_SURFACE(2,2,((#3182,#3183,#3184),(#3185,#3186,#3187),(#3188,#3189,
#3190)),.UNSPECIFIED.,.F.,.F.,.F.)
B_SPLINE_SURFACE_WITH_KNOTS((3,3),(3,3),(-0.0375792678325005,0.0375792678325006),
(-1.86887124310621,-1.5707963267949),.UNSPECIFIED.)
GEOMETRIC_REPRESENTATION_ITEM()
RATIONAL_B_SPLINE_SURFACE(((1.,0.988914460327836,1.),(0.999293982406874,
0.988216269320747,0.999293982406874),(1.,0.988914460327836,1.)))
REPRESENTATION_ITEM('')
SURFACE()
);
#73=(
BOUNDED_SURFACE()
B_SPLINE_SURFACE(2,2,((#3191,#3192,#3193,#3194,#3195,#3196,#3197,#3198,
#3199),(#3200,#3201,#3202,#3203,#3204,#3205,#3206,#3207,#3208),(#3209,#3210,
#3211,#3212,#3213,#3214,#3215,#3216,#3217)),.UNSPECIFIED.,.F.,.T.,.F.)
B_SPLINE_SURFACE_WITH_KNOTS((3,3),(3,2,2,2,3),(-9.32724257624618E-17,0.135207478497747),
(-3.14159265358979,-1.5707963267949,0.,1.5707963267949,3.14159265358979),
 .UNSPECIFIED.)
GEOMETRIC_REPRESENTATION_ITEM()
RATIONAL_B_SPLINE_SURFACE(((1.,0.707106781186548,1.,0.707106781186548,1.,
0.707106781186548,1.,0.707106781186548,1.),(0.997715737392594,0.70549156360684,
0.997715737392594,0.70549156360684,0.997715737392594,0.70549156360684,0.997715737392594,
0.70549156360684,0.997715737392594),(1.,0.707106781186548,1.,0.707106781186548,
1.,0.707106781186548,1.,0.707106781186548,1.)))
REPRESENTATION_ITEM('')
SURFACE()
);
#74=(
BOUNDED_SURFACE()
B_SPLINE_SURFACE(2,2,((#3323,#3324,#3325),(#3326,#3327,#3328),(#3329,#3330,
#3331)),.UNSPECIFIED.,.F.,.F.,.F.)
B_SPLINE_SURFACE_WITH_KNOTS((3,3),(3,3),(-0.0375792678325006,0.0375792678325008),
(-1.86783319197982,-1.5707963267949),.UNSPECIFIED.)
GEOMETRIC_REPRESENTATION_ITEM()
RATIONAL_B_SPLINE_SURFACE(((1.,0.988991395324745,1.),(0.999293982406937,
0.988293150000257,0.999293982406937),(1.,0.988991395324745,1.)))
REPRESENTATION_ITEM('')
SURFACE()
);
#75=(
BOUNDED_SURFACE()
B_SPLINE_SURFACE(2,2,((#3336,#3337,#3338),(#3339,#3340,#3341),(#3342,#3343,
#3344)),.UNSPECIFIED.,.F.,.F.,.F.)
B_SPLINE_SURFACE_WITH_KNOTS((3,3),(3,3),(-0.0375792678325012,0.0375792678325007),
(-1.86887109556494,-1.5707963267949),.UNSPECIFIED.)
GEOMETRIC_REPRESENTATION_ITEM()
RATIONAL_B_SPLINE_SURFACE(((1.,0.988914471281764,1.),(0.999293982406874,
0.988216280266942,0.999293982406874),(1.,0.988914471281764,1.)))
REPRESENTATION_ITEM('')
SURFACE()
);
#76=(
BOUNDED_SURFACE()
B_SPLINE_SURFACE(2,2,((#3345,#3346,#3347),(#3348,#3349,#3350),(#3351,#3352,
#3353)),.UNSPECIFIED.,.F.,.F.,.F.)
B_SPLINE_SURFACE_WITH_KNOTS((3,3),(3,3),(-0.0375792678324996,0.0375792678325008),
(-1.86887124310618,-1.5707963267949),.UNSPECIFIED.)
GEOMETRIC_REPRESENTATION_ITEM()
RATIONAL_B_SPLINE_SURFACE(((1.,0.988914460327838,1.),(0.999293982406937,
0.988216269320812,0.999293982406937),(1.,0.988914460327838,1.)))
REPRESENTATION_ITEM('')
SURFACE()
);
#77=(
BOUNDED_SURFACE()
B_SPLINE_SURFACE(2,2,((#3358,#3359,#3360),(#3361,#3362,#3363),(#3364,#3365,
#3366)),.UNSPECIFIED.,.F.,.F.,.F.)
B_SPLINE_SURFACE_WITH_KNOTS((3,3),(3,3),(-0.0375792678325005,0.037579267832501),
(-1.86783319197981,-1.5707963267949),.UNSPECIFIED.)
GEOMETRIC_REPRESENTATION_ITEM()
RATIONAL_B_SPLINE_SURFACE(((1.,0.988991395324746,1.),(0.999293982406936,
0.988293150000258,0.999293982406936),(1.,0.988991395324746,1.)))
REPRESENTATION_ITEM('')
SURFACE()
);
#78=FACE_BOUND('',#245,.T.);
#79=FACE_BOUND('',#250,.T.);
#80=FACE_BOUND('',#269,.T.);
#81=FACE_BOUND('',#276,.T.);
#82=FACE_BOUND('',#278,.T.);
#83=FACE_BOUND('',#281,.T.);
#84=PLANE('',#1857);
#85=PLANE('',#1869);
#86=PLANE('',#1902);
#87=PLANE('',#1918);
#88=PLANE('',#1930);
#89=PLANE('',#1943);
#90=PLANE('',#1950);
#91=PLANE('',#1957);
#92=PLANE('',#1966);
#93=PLANE('',#1968);
#94=PLANE('',#1970);
#95=PLANE('',#1991);
#96=PLANE('',#1999);
#97=CONICAL_SURFACE('',#1855,21.1137500000003,0.00595305467577075);
#98=CONICAL_SURFACE('',#1863,21.7090267916177,0.79135121807322);
#99=CONICAL_SURFACE('',#1870,24.1647130254264,0.135207478497747);
#100=CONICAL_SURFACE('',#1904,16.8809296078459,0.0261799387799149);
#101=CONICAL_SURFACE('',#1909,19.3476281568616,0.0261799387799148);
#102=CONICAL_SURFACE('',#1937,17.0943448686348,0.0261799387799152);
#103=TOROIDAL_SURFACE('',#1850,20.422061243185,0.6);
#104=TOROIDAL_SURFACE('',#1859,21.8015568560078,0.6);
#105=TOROIDAL_SURFACE('',#1865,22.9104614266383,0.8);
#106=TOROIDAL_SURFACE('',#1894,33.9806521739129,8.81065217391293);
#107=TOROIDAL_SURFACE('',#1897,17.1993625906916,0.3);
#108=TOROIDAL_SURFACE('',#1906,19.0030092524467,0.3);
#109=TOROIDAL_SURFACE('',#1911,19.6922470612765,0.3);
#110=TOROIDAL_SURFACE('',#1913,25.1,0.3);
#111=TOROIDAL_SURFACE('',#1927,19.863,0.3);
#112=TOROIDAL_SURFACE('',#1933,17.7309367985461,0.3);
#113=TOROIDAL_SURFACE('',#1987,22.285,0.5);
#114=FACE_OUTER_BOUND('',#230,.T.);
#115=FACE_OUTER_BOUND('',#231,.T.);
#116=FACE_OUTER_BOUND('',#232,.T.);
#117=FACE_OUTER_BOUND('',#233,.T.);
#118=FACE_OUTER_BOUND('',#234,.T.);
#119=FACE_OUTER_BOUND('',#235,.T.);
#120=FACE_OUTER_BOUND('',#236,.T.);
#121=FACE_OUTER_BOUND('',#237,.T.);
#122=FACE_OUTER_BOUND('',#238,.T.);
#123=FACE_OUTER_BOUND('',#239,.T.);
#124=FACE_OUTER_BOUND('',#240,.T.);
#125=FACE_OUTER_BOUND('',#241,.T.);
#126=FACE_OUTER_BOUND('',#242,.T.);
#127=FACE_OUTER_BOUND('',#243,.T.);
#128=FACE_OUTER_BOUND('',#244,.T.);
#129=FACE_OUTER_BOUND('',#246,.T.);
#130=FACE_OUTER_BOUND('',#247,.T.);
#131=FACE_OUTER_BOUND('',#248,.T.);
#132=FACE_OUTER_BOUND('',#249,.T.);
#133=FACE_OUTER_BOUND('',#251,.T.);
#134=FACE_OUTER_BOUND('',#252,.T.);
#135=FACE_OUTER_BOUND('',#253,.T.);
#136=FACE_OUTER_BOUND('',#254,.T.);
#137=FACE_OUTER_BOUND('',#255,.T.);
#138=FACE_OUTER_BOUND('',#256,.T.);
#139=FACE_OUTER_BOUND('',#257,.T.);
#140=FACE_OUTER_BOUND('',#258,.T.);
#141=FACE_OUTER_BOUND('',#259,.T.);
#142=FACE_OUTER_BOUND('',#260,.T.);
#143=FACE_OUTER_BOUND('',#261,.T.);
#144=FACE_OUTER_BOUND('',#262,.T.);
#145=FACE_OUTER_BOUND('',#263,.T.);
#146=FACE_OUTER_BOUND('',#264,.T.);
#147=FACE_OUTER_BOUND('',#265,.T.);
#148=FACE_OUTER_BOUND('',#266,.T.);
#149=FACE_OUTER_BOUND('',#267,.T.);
#150=FACE_OUTER_BOUND('',#268,.T.);
#151=FACE_OUTER_BOUND('',#270,.T.);
#152=FACE_OUTER_BOUND('',#271,.T.);
#153=FACE_OUTER_BOUND('',#272,.T.);
#154=FACE_OUTER_BOUND('',#273,.T.);
#155=FACE_OUTER_BOUND('',#274,.T.);
#156=FACE_OUTER_BOUND('',#275,.T.);
#157=FACE_OUTER_BOUND('',#277,.T.);
#158=FACE_OUTER_BOUND('',#279,.T.);
#159=FACE_OUTER_BOUND('',#280,.T.);
#160=FACE_OUTER_BOUND('',#282,.T.);
#161=FACE_OUTER_BOUND('',#283,.T.);
#162=FACE_OUTER_BOUND('',#284,.T.);
#163=FACE_OUTER_BOUND('',#285,.T.);
#164=FACE_OUTER_BOUND('',#286,.T.);
#165=FACE_OUTER_BOUND('',#287,.T.);
#166=FACE_OUTER_BOUND('',#288,.T.);
#167=FACE_OUTER_BOUND('',#289,.T.);
#168=FACE_OUTER_BOUND('',#290,.T.);
#169=FACE_OUTER_BOUND('',#291,.T.);
#170=FACE_OUTER_BOUND('',#292,.T.);
#171=FACE_OUTER_BOUND('',#293,.T.);
#172=FACE_OUTER_BOUND('',#294,.T.);
#173=FACE_OUTER_BOUND('',#295,.T.);
#174=FACE_OUTER_BOUND('',#296,.T.);
#175=FACE_OUTER_BOUND('',#297,.T.);
#176=FACE_OUTER_BOUND('',#298,.T.);
#177=FACE_OUTER_BOUND('',#299,.T.);
#178=FACE_OUTER_BOUND('',#300,.T.);
#179=FACE_OUTER_BOUND('',#301,.T.);
#180=FACE_OUTER_BOUND('',#302,.T.);
#181=FACE_OUTER_BOUND('',#303,.T.);
#182=FACE_OUTER_BOUND('',#304,.T.);
#183=FACE_OUTER_BOUND('',#305,.T.);
#184=FACE_OUTER_BOUND('',#306,.T.);
#185=FACE_OUTER_BOUND('',#307,.T.);
#186=FACE_OUTER_BOUND('',#308,.T.);
#187=FACE_OUTER_BOUND('',#309,.T.);
#188=FACE_OUTER_BOUND('',#310,.T.);
#189=FACE_OUTER_BOUND('',#311,.T.);
#190=FACE_OUTER_BOUND('',#312,.T.);
#191=FACE_OUTER_BOUND('',#313,.T.);
#192=FACE_OUTER_BOUND('',#314,.T.);
#193=FACE_OUTER_BOUND('',#315,.T.);
#194=FACE_OUTER_BOUND('',#316,.T.);
#195=FACE_OUTER_BOUND('',#317,.T.);
#196=FACE_OUTER_BOUND('',#318,.T.);
#197=FACE_OUTER_BOUND('',#319,.T.);
#198=FACE_OUTER_BOUND('',#320,.T.);
#199=FACE_OUTER_BOUND('',#321,.T.);
#200=FACE_OUTER_BOUND('',#322,.T.);
#201=FACE_OUTER_BOUND('',#323,.T.);
#202=FACE_OUTER_BOUND('',#324,.T.);
#203=FACE_OUTER_BOUND('',#325,.T.);
#204=FACE_OUTER_BOUND('',#326,.T.);
#205=FACE_OUTER_BOUND('',#327,.T.);
#206=FACE_OUTER_BOUND('',#328,.T.);
#207=FACE_OUTER_BOUND('',#329,.T.);
#208=FACE_OUTER_BOUND('',#330,.T.);
#209=FACE_OUTER_BOUND('',#331,.T.);
#210=FACE_OUTER_BOUND('',#332,.T.);
#211=FACE_OUTER_BOUND('',#333,.T.);
#212=FACE_OUTER_BOUND('',#334,.T.);
#213=FACE_OUTER_BOUND('',#335,.T.);
#214=FACE_OUTER_BOUND('',#336,.T.);
#215=FACE_OUTER_BOUND('',#337,.T.);
#216=FACE_OUTER_BOUND('',#338,.T.);
#217=FACE_OUTER_BOUND('',#339,.T.);
#218=FACE_OUTER_BOUND('',#340,.T.);
#219=FACE_OUTER_BOUND('',#341,.T.);
#220=FACE_OUTER_BOUND('',#342,.T.);
#221=FACE_OUTER_BOUND('',#343,.T.);
#222=FACE_OUTER_BOUND('',#344,.T.);
#223=FACE_OUTER_BOUND('',#345,.T.);
#224=FACE_OUTER_BOUND('',#346,.T.);
#225=FACE_OUTER_BOUND('',#347,.T.);
#226=FACE_OUTER_BOUND('',#348,.T.);
#227=FACE_OUTER_BOUND('',#349,.T.);
#228=FACE_OUTER_BOUND('',#350,.T.);
#229=FACE_OUTER_BOUND('',#351,.T.);
#230=EDGE_LOOP('',(#1119,#1120,#1121,#1122));
#231=EDGE_LOOP('',(#1123,#1124,#1125,#1126,#1127,#1128,#1129,#1130,#1131));
#232=EDGE_LOOP('',(#1132,#1133,#1134,#1135));
#233=EDGE_LOOP('',(#1136,#1137,#1138,#1139));
#234=EDGE_LOOP('',(#1140,#1141,#1142,#1143));
#235=EDGE_LOOP('',(#1144,#1145,#1146,#1147));
#236=EDGE_LOOP('',(#1148,#1149,#1150,#1151,#1152,#1153));
#237=EDGE_LOOP('',(#1154,#1155,#1156,#1157));
#238=EDGE_LOOP('',(#1158,#1159,#1160,#1161));
#239=EDGE_LOOP('',(#1162,#1163,#1164,#1165));
#240=EDGE_LOOP('',(#1166,#1167,#1168,#1169));
#241=EDGE_LOOP('',(#1170,#1171,#1172,#1173,#1174,#1175,#1176,#1177,#1178,
#1179,#1180));
#242=EDGE_LOOP('',(#1181,#1182,#1183,#1184,#1185));
#243=EDGE_LOOP('',(#1186,#1187,#1188,#1189,#1190));
#244=EDGE_LOOP('',(#1191));
#245=EDGE_LOOP('',(#1192));
#246=EDGE_LOOP('',(#1193,#1194,#1195,#1196,#1197));
#247=EDGE_LOOP('',(#1198,#1199,#1200,#1201,#1202));
#248=EDGE_LOOP('',(#1203,#1204,#1205,#1206));
#249=EDGE_LOOP('',(#1207));
#250=EDGE_LOOP('',(#1208));
#251=EDGE_LOOP('',(#1209,#1210,#1211,#1212));
#252=EDGE_LOOP('',(#1213,#1214));
#253=EDGE_LOOP('',(#1215,#1216,#1217,#1218));
#254=EDGE_LOOP('',(#1219,#1220,#1221,#1222,#1223,#1224,#1225,#1226,#1227,
#1228,#1229,#1230,#1231,#1232,#1233,#1234,#1235,#1236,#1237,#1238,#1239,
#1240,#1241,#1242,#1243,#1244,#1245,#1246));
#255=EDGE_LOOP('',(#1247,#1248,#1249,#1250));
#256=EDGE_LOOP('',(#1251,#1252));
#257=EDGE_LOOP('',(#1253,#1254,#1255,#1256,#1257,#1258,#1259,#1260,#1261,
#1262,#1263,#1264,#1265,#1266,#1267,#1268));
#258=EDGE_LOOP('',(#1269,#1270));
#259=EDGE_LOOP('',(#1271,#1272,#1273,#1274));
#260=EDGE_LOOP('',(#1275,#1276,#1277,#1278));
#261=EDGE_LOOP('',(#1279,#1280));
#262=EDGE_LOOP('',(#1281,#1282));
#263=EDGE_LOOP('',(#1283,#1284,#1285,#1286));
#264=EDGE_LOOP('',(#1287,#1288,#1289,#1290));
#265=EDGE_LOOP('',(#1291,#1292));
#266=EDGE_LOOP('',(#1293,#1294,#1295,#1296));
#267=EDGE_LOOP('',(#1297,#1298,#1299,#1300,#1301));
#268=EDGE_LOOP('',(#1302));
#269=EDGE_LOOP('',(#1303));
#270=EDGE_LOOP('',(#1304,#1305,#1306,#1307,#1308));
#271=EDGE_LOOP('',(#1309,#1310,#1311,#1312));
#272=EDGE_LOOP('',(#1313,#1314,#1315,#1316));
#273=EDGE_LOOP('',(#1317,#1318,#1319,#1320));
#274=EDGE_LOOP('',(#1321,#1322,#1323,#1324,#1325));
#275=EDGE_LOOP('',(#1326));
#276=EDGE_LOOP('',(#1327));
#277=EDGE_LOOP('',(#1328,#1329,#1330,#1331,#1332,#1333,#1334,#1335,#1336,
#1337,#1338,#1339,#1340));
#278=EDGE_LOOP('',(#1341,#1342,#1343,#1344));
#279=EDGE_LOOP('',(#1345,#1346,#1347,#1348,#1349));
#280=EDGE_LOOP('',(#1350));
#281=EDGE_LOOP('',(#1351));
#282=EDGE_LOOP('',(#1352,#1353,#1354,#1355));
#283=EDGE_LOOP('',(#1356,#1357,#1358,#1359,#1360));
#284=EDGE_LOOP('',(#1361,#1362,#1363,#1364,#1365));
#285=EDGE_LOOP('',(#1366,#1367,#1368));
#286=EDGE_LOOP('',(#1369,#1370,#1371,#1372));
#287=EDGE_LOOP('',(#1373,#1374,#1375,#1376));
#288=EDGE_LOOP('',(#1377,#1378,#1379,#1380));
#289=EDGE_LOOP('',(#1381,#1382,#1383));
#290=EDGE_LOOP('',(#1384,#1385));
#291=EDGE_LOOP('',(#1386,#1387,#1388,#1389,#1390,#1391,#1392));
#292=EDGE_LOOP('',(#1393,#1394,#1395));
#293=EDGE_LOOP('',(#1396,#1397,#1398,#1399));
#294=EDGE_LOOP('',(#1400,#1401,#1402,#1403));
#295=EDGE_LOOP('',(#1404,#1405,#1406,#1407));
#296=EDGE_LOOP('',(#1408,#1409,#1410));
#297=EDGE_LOOP('',(#1411,#1412));
#298=EDGE_LOOP('',(#1413,#1414,#1415,#1416,#1417,#1418,#1419));
#299=EDGE_LOOP('',(#1420,#1421,#1422));
#300=EDGE_LOOP('',(#1423,#1424,#1425,#1426));
#301=EDGE_LOOP('',(#1427,#1428,#1429,#1430));
#302=EDGE_LOOP('',(#1431,#1432,#1433,#1434));
#303=EDGE_LOOP('',(#1435,#1436,#1437));
#304=EDGE_LOOP('',(#1438,#1439,#1440,#1441,#1442,#1443,#1444,#1445));
#305=EDGE_LOOP('',(#1446,#1447,#1448,#1449));
#306=EDGE_LOOP('',(#1450,#1451,#1452));
#307=EDGE_LOOP('',(#1453,#1454,#1455,#1456));
#308=EDGE_LOOP('',(#1457,#1458,#1459,#1460));
#309=EDGE_LOOP('',(#1461,#1462,#1463,#1464));
#310=EDGE_LOOP('',(#1465,#1466,#1467));
#311=EDGE_LOOP('',(#1468,#1469,#1470,#1471));
#312=EDGE_LOOP('',(#1472,#1473,#1474,#1475,#1476,#1477));
#313=EDGE_LOOP('',(#1478,#1479));
#314=EDGE_LOOP('',(#1480,#1481,#1482,#1483,#1484,#1485));
#315=EDGE_LOOP('',(#1486,#1487));
#316=EDGE_LOOP('',(#1488,#1489,#1490,#1491));
#317=EDGE_LOOP('',(#1492,#1493,#1494,#1495,#1496,#1497,#1498,#1499));
#318=EDGE_LOOP('',(#1500,#1501,#1502,#1503));
#319=EDGE_LOOP('',(#1504,#1505,#1506,#1507));
#320=EDGE_LOOP('',(#1508,#1509,#1510,#1511));
#321=EDGE_LOOP('',(#1512,#1513,#1514,#1515));
#322=EDGE_LOOP('',(#1516,#1517,#1518,#1519,#1520,#1521,#1522,#1523,#1524));
#323=EDGE_LOOP('',(#1525,#1526,#1527,#1528));
#324=EDGE_LOOP('',(#1529,#1530,#1531,#1532));
#325=EDGE_LOOP('',(#1533,#1534,#1535,#1536));
#326=EDGE_LOOP('',(#1537,#1538,#1539,#1540));
#327=EDGE_LOOP('',(#1541,#1542,#1543,#1544));
#328=EDGE_LOOP('',(#1545,#1546,#1547,#1548));
#329=EDGE_LOOP('',(#1549,#1550,#1551,#1552));
#330=EDGE_LOOP('',(#1553,#1554,#1555,#1556,#1557,#1558,#1559,#1560,#1561,
#1562));
#331=EDGE_LOOP('',(#1563,#1564,#1565,#1566));
#332=EDGE_LOOP('',(#1567,#1568,#1569,#1570));
#333=EDGE_LOOP('',(#1571,#1572,#1573,#1574));
#334=EDGE_LOOP('',(#1575,#1576,#1577,#1578,#1579,#1580,#1581));
#335=EDGE_LOOP('',(#1582,#1583,#1584,#1585));
#336=EDGE_LOOP('',(#1586,#1587,#1588,#1589));
#337=EDGE_LOOP('',(#1590,#1591,#1592,#1593,#1594,#1595));
#338=EDGE_LOOP('',(#1596,#1597,#1598,#1599,#1600,#1601,#1602,#1603,#1604,
#1605));
#339=EDGE_LOOP('',(#1606,#1607,#1608,#1609));
#340=EDGE_LOOP('',(#1610,#1611,#1612,#1613));
#341=EDGE_LOOP('',(#1614,#1615,#1616,#1617));
#342=EDGE_LOOP('',(#1618,#1619,#1620,#1621,#1622));
#343=EDGE_LOOP('',(#1623,#1624,#1625,#1626,#1627));
#344=EDGE_LOOP('',(#1628,#1629,#1630,#1631,#1632));
#345=EDGE_LOOP('',(#1633,#1634,#1635,#1636));
#346=EDGE_LOOP('',(#1637,#1638,#1639,#1640));
#347=EDGE_LOOP('',(#1641,#1642,#1643,#1644,#1645,#1646,#1647,#1648,#1649,
#1650,#1651));
#348=EDGE_LOOP('',(#1652,#1653,#1654,#1655,#1656));
#349=EDGE_LOOP('',(#1657,#1658,#1659,#1660,#1661,#1662));
#350=EDGE_LOOP('',(#1663,#1664,#1665,#1666));
#351=EDGE_LOOP('',(#1667,#1668,#1669,#1670));
#352=CIRCLE('',#1835,21.785);
#353=CIRCLE('',#1837,21.785);
#354=CIRCLE('',#1848,20.163);
#355=CIRCLE('',#1849,20.163);
#356=CIRCLE('',#1851,21.0220506115584);
#357=CIRCLE('',#1852,21.0220506115584);
#358=CIRCLE('',#1853,0.6);
#359=CIRCLE('',#1854,20.422061243185);
#360=CIRCLE('',#1856,21.2015674876344);
#361=CIRCLE('',#1858,19.6922470612765);
#362=CIRCLE('',#1860,21.3798259572714);
#363=CIRCLE('',#1861,0.6);
#364=CIRCLE('',#1862,21.3798259572714);
#365=CIRCLE('',#1864,22.2150066027491);
#366=CIRCLE('',#1866,22.9104614266383);
#367=CIRCLE('',#1867,0.8);
#368=CIRCLE('',#1868,23.7031601348634);
#369=CIRCLE('',#1871,24.7204260508522);
#370=CIRCLE('',#1872,100.00000000007);
#371=CIRCLE('',#1875,25.4);
#372=CIRCLE('',#1876,25.4);
#373=CIRCLE('',#1877,25.4);
#374=CIRCLE('',#1878,25.4);
#375=CIRCLE('',#1879,25.4);
#376=CIRCLE('',#1880,25.4);
#377=CIRCLE('',#1881,25.4);
#378=CIRCLE('',#1882,25.4);
#379=CIRCLE('',#1884,100.00000000007);
#380=CIRCLE('',#1885,74.4606812163854);
#381=CIRCLE('',#1886,100.00000000007);
#382=CIRCLE('',#1889,100.00000000007);
#383=CIRCLE('',#1890,100.00000000007);
#384=CIRCLE('',#1893,100.00000000007);
#385=CIRCLE('',#1895,25.4);
#386=CIRCLE('',#1896,8.81065217391293);
#387=CIRCLE('',#1898,16.899465393199);
#388=CIRCLE('',#1899,0.3);
#389=CIRCLE('',#1900,17.1993625906916);
#390=CIRCLE('',#1901,16.899465393199);
#391=CIRCLE('',#1903,19.0030092524467);
#392=CIRCLE('',#1905,16.75);
#393=CIRCLE('',#1907,0.3);
#394=CIRCLE('',#1908,19.3029064499394);
#395=CIRCLE('',#1910,19.3923498637838);
#396=CIRCLE('',#1912,0.3);
#397=CIRCLE('',#1914,25.4);
#398=CIRCLE('',#1915,0.3);
#399=CIRCLE('',#1916,25.1);
#400=CIRCLE('',#1917,25.4);
#401=CIRCLE('',#1919,22.285);
#402=CIRCLE('',#1928,19.863);
#403=CIRCLE('',#1929,0.3);
#404=CIRCLE('',#1931,17.7309367985461);
#405=CIRCLE('',#1934,0.3);
#406=CIRCLE('',#1935,17.4310396010535);
#407=CIRCLE('',#1936,17.4310396010535);
#408=CIRCLE('',#1938,0.300000000000001);
#409=CIRCLE('',#1939,0.3);
#410=CIRCLE('',#1941,0.299999999999999);
#411=CIRCLE('',#1942,0.299999999999998);
#412=CIRCLE('',#1945,0.300000000000002);
#413=CIRCLE('',#1946,0.3);
#414=CIRCLE('',#1948,0.3);
#415=CIRCLE('',#1949,0.300000000000002);
#416=CIRCLE('',#1952,0.300000000000002);
#417=CIRCLE('',#1953,0.299999999999998);
#418=CIRCLE('',#1955,0.299999999999998);
#419=CIRCLE('',#1956,0.300000000000002);
#420=CIRCLE('',#1959,0.299999999999998);
#421=CIRCLE('',#1960,0.299999999999998);
#422=CIRCLE('',#1962,0.299999999999998);
#423=CIRCLE('',#1963,0.299999999999994);
#424=CIRCLE('',#1972,0.250000000000002);
#425=CIRCLE('',#1973,0.25000000000002);
#426=CIRCLE('',#1974,0.249999999999999);
#427=CIRCLE('',#1975,0.250000000000004);
#428=CIRCLE('',#1976,0.25);
#429=CIRCLE('',#1977,0.249999999999997);
#430=CIRCLE('',#1979,0.249999999999997);
#431=CIRCLE('',#1980,0.250000000000003);
#432=CIRCLE('',#1981,0.250000000000001);
#433=CIRCLE('',#1982,0.25);
#434=CIRCLE('',#1983,0.249999999999999);
#435=CIRCLE('',#1984,0.249999999999999);
#436=CIRCLE('',#1985,0.250000000000006);
#437=CIRCLE('',#1986,0.250000000000019);
#438=CIRCLE('',#1988,0.5);
#439=CIRCLE('',#1992,0.249999999999999);
#440=CIRCLE('',#1993,0.250000000000002);
#441=CIRCLE('',#1994,0.25);
#442=CIRCLE('',#1995,0.249999999999999);
#443=CIRCLE('',#1996,0.250000000000001);
#444=CIRCLE('',#1997,0.25);
#445=B_SPLINE_CURVE_WITH_KNOTS('',3,(#2399,#2400,#2401,#2402,#2403,#2404,
#2405,#2406,#2407,#2408,#2409,#2410,#2411,#2412,#2413,#2414),
 .UNSPECIFIED.,.F.,.F.,(4,1,1,1,1,1,1,1,1,1,1,1,1,4),(-91.2384511789123,
-90.4238221505292,-89.609193122146,-88.7945640937629,-87.9799350653797,
-87.1653060369966,-86.3506770086135,-85.5360479802303,-84.7214189518472,
-83.906789923464,-83.0921608950809,-82.2775318666977,-81.4629028383146,
-81.0887853498003),.UNSPECIFIED.);
#446=B_SPLINE_CURVE_WITH_KNOTS('',3,(#2416,#2417,#2418,#2419,#2420,#2421),
 .UNSPECIFIED.,.F.,.F.,(4,1,1,4),(-2.45658181757697,-1.75470129826926,-1.05282077896156,
0.),.UNSPECIFIED.);
#447=B_SPLINE_CURVE_WITH_KNOTS('',3,(#2427,#2428,#2429,#2430,#2431,#2432,
#2433,#2434,#2435,#2436,#2437,#2438,#2439,#2440,#2441),.UNSPECIFIED.,.F.,
 .F.,(4,1,1,1,1,1,1,1,1,1,1,1,4),(-81.0887466676899,-80.6482738099314,-79.8336447815483,
-79.0190157531651,-78.204386724782,-76.7561573409897,-75.3079279571975,
-73.8596985734052,-72.411469189613,-70.9632398058207,-69.5150104220284,
-68.4288383841842,-67.5553079507048),.UNSPECIFIED.);
#448=B_SPLINE_CURVE_WITH_KNOTS('',3,(#2445,#2446,#2447,#2448),
 .UNSPECIFIED.,.F.,.F.,(4,4),(0.,0.0245794343518147),.UNSPECIFIED.);
#449=B_SPLINE_CURVE_WITH_KNOTS('',3,(#2452,#2453,#2454,#2455,#2456,#2457),
 .UNSPECIFIED.,.F.,.F.,(4,1,1,4),(0.,0.0288430154463089,0.0480716924105148,
0.0673003693747208),.UNSPECIFIED.);
#450=B_SPLINE_CURVE_WITH_KNOTS('',3,(#2459,#2460,#2461,#2462,#2463,#2464,
#2465),.UNSPECIFIED.,.F.,.F.,(4,1,1,1,4),(-3.33633771047449,-2.6214082010871,
-1.90647869169971,-0.953239345849854,0.),.UNSPECIFIED.);
#451=B_SPLINE_CURVE_WITH_KNOTS('',3,(#2466,#2467,#2468,#2469,#2470,#2471,
#2472,#2473,#2474,#2475,#2476),.UNSPECIFIED.,.F.,.F.,(4,1,1,1,1,1,1,1,4),
(-10.1508971846773,-9.71323678261657,-8.32563152795706,-6.93802627329755,
-5.55042101863804,-4.16281576397853,-2.77521050931902,-1.38760525465951,
0.),.UNSPECIFIED.);
#452=B_SPLINE_CURVE_WITH_KNOTS('',3,(#2481,#2482,#2483,#2484,#2485,#2486,
#2487,#2488,#2489,#2490,#2491,#2492,#2493,#2494,#2495,#2496,#2497),
 .UNSPECIFIED.,.F.,.F.,(4,1,1,1,1,1,1,1,1,1,1,1,1,1,4),(-67.5553079507048,
-67.3426663463401,-66.2564943084959,-65.1703222706517,-64.0841502328075,
-62.9979781949633,-61.9118061571191,-60.8256341192749,-59.3774047354826,
-58.6532900435865,-57.9291753516904,-56.4809459678981,-55.0327165841058,
-54.3086018922097,-54.021911204898),.UNSPECIFIED.);
#453=B_SPLINE_CURVE_WITH_KNOTS('',3,(#2498,#2499,#2500,#2501,#2502,#2503,
#2504,#2505,#2506,#2507,#2508,#2509,#2510,#2511,#2512,#2513,#2514),
 .UNSPECIFIED.,.F.,.F.,(4,1,1,1,1,1,1,1,1,1,1,1,1,1,4),(-23.6840456412404,
-23.1267542443252,-22.2016840745522,-20.8140788198927,-19.4264735652331,
-18.0388683105736,-17.3450656832439,-16.6512630559141,-16.1887279710276,
-14.8011227163681,-13.8760525465951,-12.9509823768221,-12.0259122070491,
-11.1008420372761,-10.1508971846773),.UNSPECIFIED.);
#454=B_SPLINE_CURVE_WITH_KNOTS('',3,(#2519,#2520,#2521,#2522,#2523,#2524,
#2525,#2526,#2527,#2528,#2529,#2530,#2531,#2532,#2533,#2534),
 .UNSPECIFIED.,.F.,.F.,(4,1,1,1,1,1,1,1,1,1,1,1,1,4),(-54.021911204898,
-53.2224298543655,-52.1362578165213,-51.0500857786771,-49.9639137408329,
-48.8777417029887,-47.7915696651446,-46.7053976273004,-45.6192255894562,
-44.533053551612,-43.4468815137678,-42.3607094759236,-41.2745374380794,
-40.4882853202027),.UNSPECIFIED.);
#455=B_SPLINE_CURVE_WITH_KNOTS('',3,(#2535,#2536,#2537,#2538,#2539,#2540,
#2541,#2542,#2543,#2544,#2545,#2546,#2547,#2548,#2549,#2550,#2551,#2552),
 .UNSPECIFIED.,.F.,.F.,(4,1,1,1,1,1,1,1,1,1,1,1,1,1,1,4),(-37.2176864999284,
-37.0028067909203,-36.0777366211473,-35.1526664513743,-34.2275962816013,
-33.3025261118283,-32.3774559420552,-31.4523857722822,-30.5273156025092,
-29.6022454327362,-28.3688185397055,-27.1353916466749,-25.9019647536442,
-24.9768945838712,-24.0518244140982,-23.6841693971533),.UNSPECIFIED.);
#456=B_SPLINE_CURVE_WITH_KNOTS('',3,(#2557,#2558,#2559,#2560,#2561,#2562,
#2563,#2564,#2565,#2566,#2567,#2568,#2569,#2570,#2571,#2572),
 .UNSPECIFIED.,.F.,.F.,(4,1,1,1,1,1,1,1,1,1,1,1,1,4),(-40.4882853202027,
-40.1883654002352,-39.102193362391,-38.0160213245468,-36.9298492867026,
-35.8436772488584,-34.7575052110142,-33.309275827222,-31.8610464434297,
-30.4128170596374,-29.3266450217932,-28.2404729839491,-27.1543009461049,
-26.9547257147455),.UNSPECIFIED.);
#457=B_SPLINE_CURVE_WITH_KNOTS('',3,(#2573,#2574,#2575,#2576,#2577,#2578,
#2579,#2580,#2581,#2582,#2583,#2584,#2585,#2586,#2587,#2588),
 .UNSPECIFIED.,.F.,.F.,(4,1,1,1,1,1,1,1,1,1,1,1,1,4),(-50.7513463371282,
-50.5705026142577,-49.337075721227,-48.1036488281964,-46.8702219351657,
-45.636795042135,-44.4033681491043,-43.1699412560737,-41.936514363043,-40.7030874700123,
-39.7780173002393,-38.8529471304663,-37.9278769606933,-37.2177179912382),
 .UNSPECIFIED.);
#458=B_SPLINE_CURVE_WITH_KNOTS('',3,(#2593,#2594,#2595,#2596,#2597,#2598,
#2599,#2600,#2601,#2602,#2603,#2604,#2605,#2606,#2607,#2608,#2609,#2610),
 .UNSPECIFIED.,.F.,.F.,(4,1,1,1,1,1,1,1,1,1,1,1,1,1,1,4),(-26.9547155180843,
-26.0681289082607,-25.2534998798775,-24.4388708514944,-23.6242418231112,
-22.8096127947281,-21.9949837663449,-21.1803547379618,-20.3657257095786,
-19.5510966811955,-18.4649246433513,-17.3787526055071,-16.2925805676629,
-15.2064085298187,-14.1202364919745,-13.4211981552504),.UNSPECIFIED.);
#459=B_SPLINE_CURVE_WITH_KNOTS('',3,(#2611,#2612,#2613,#2614,#2615,#2616,
#2617,#2618,#2619,#2620,#2621,#2622,#2623,#2624,#2625,#2626,#2627),
 .UNSPECIFIED.,.F.,.F.,(4,1,1,1,1,1,1,1,1,1,1,1,1,1,4),(-64.2847311682317,
-64.1381984375952,-62.9047715445645,-61.6713446515338,-60.4379177585031,
-59.2044908654724,-58.2794206956994,-57.3543505259264,-56.4292803561534,
-55.5042101863804,-54.5791400166074,-53.6540698468344,-52.7289996770614,
-51.8039295072884,-50.7512072710288),.UNSPECIFIED.);
#460=B_SPLINE_CURVE_WITH_KNOTS('',3,(#2633,#2634,#2635,#2636,#2637,#2638,
#2639,#2640),.UNSPECIFIED.,.F.,.F.,(4,1,1,1,1,4),(-73.9394238117925,-72.6193223396957,
-71.2992208675988,-69.979119395502,-68.6590179234052,-67.525653969342),
 .UNSPECIFIED.);
#461=B_SPLINE_CURVE_WITH_KNOTS('',3,(#2642,#2643,#2644,#2645,#2646,#2647),
 .UNSPECIFIED.,.F.,.F.,(4,1,1,4),(-2.94543123547588,-2.10387945391134,-1.26232767234681,
-1.37984414383047E-16),.UNSPECIFIED.);
#462=B_SPLINE_CURVE_WITH_KNOTS('',3,(#2651,#2652,#2653,#2654,#2655,#2656),
 .UNSPECIFIED.,.F.,.F.,(4,1,1,4),(-2.94441223024865,-1.6825212744278,-0.8412606372139,
0.),.UNSPECIFIED.);
#463=B_SPLINE_CURVE_WITH_KNOTS('',3,(#2657,#2658,#2659,#2660,#2661,#2662,
#2663,#2664,#2665,#2666,#2667,#2668),.UNSPECIFIED.,.F.,.F.,(4,1,1,1,1,1,
1,1,1,4),(-6.41490352115576,-6.19681054928866,-5.42220923062758,-4.6476079119665,
-3.87300659330541,-3.09840527464433,-2.32380395598325,-1.54920263732217,
-0.774601318661083,-1.77677746716033E-16),.UNSPECIFIED.);
#464=B_SPLINE_CURVE_WITH_KNOTS('',3,(#2673,#2674,#2675,#2676,#2677,#2678,
#2679,#2680,#2681,#2682,#2683,#2684,#2685,#2686,#2687,#2688,#2689),
 .UNSPECIFIED.,.F.,.F.,(4,1,1,1,1,1,1,1,1,1,1,1,1,1,4),(-67.525653969342,
-67.3389164513083,-66.0188149792115,-64.6987135071146,-64.0386627710662,
-63.3786120350178,-62.2051885042651,-61.0317649735123,-59.8583414427596,
-58.6849179120068,-57.5114943812541,-56.9247826158777,-56.3380708505014,
-55.4580032024368,-54.6968538874246),.UNSPECIFIED.);
#465=B_SPLINE_CURVE_WITH_KNOTS('',3,(#2690,#2691,#2692,#2693,#2694,#2695,
#2696,#2697,#2698,#2699,#2700,#2701,#2702,#2703,#2704,#2705,#2706),
 .UNSPECIFIED.,.F.,.F.,(4,1,1,1,1,1,1,1,1,1,1,1,1,1,4),(-19.2433583257826,
-17.9018971423895,-16.5248281314364,-15.4920263732217,-14.4592246150069,
-13.4264228567921,-12.3936210985773,-11.6190197799162,-10.8444184612552,
-10.0698171425941,-9.29521582393299,-8.52061450527191,-7.74601318661083,
-6.97141186794975,-6.41490352115576),.UNSPECIFIED.);
#466=B_SPLINE_CURVE_WITH_KNOTS('',3,(#2711,#2712,#2713,#2714,#2715,#2716,
#2717,#2718,#2719,#2720,#2721,#2722,#2723,#2724,#2725,#2726,#2727),
 .UNSPECIFIED.,.F.,.F.,(4,1,1,1,1,1,1,1,1,1,1,1,1,1,4),(-54.6968538874246,
-54.5779355543722,-53.6978679063077,-52.8178002582431,-51.6443767274904,
-50.4709531967376,-49.2975296659849,-48.1241061352321,-46.9506826044794,
-45.7772590737267,-44.8971914256621,-44.0171237775975,-43.137056129533,
-42.2569884814684,-41.867991205971),.UNSPECIFIED.);
#467=B_SPLINE_CURVE_WITH_KNOTS('',3,(#2728,#2729,#2730,#2731,#2732,#2733,
#2734,#2735,#2736,#2737,#2738,#2739,#2740,#2741,#2742,#2743,#2744),
 .UNSPECIFIED.,.F.,.F.,(4,1,1,1,1,1,1,1,1,1,1,1,1,1,4),(-32.0724666022625,
-30.9840527464433,-30.2955182409668,-29.6069837354903,-28.9184492300138,
-27.5413802190607,-26.8528457135842,-25.8200439553694,-24.7872421971547,
-23.7544404389399,-22.7216386807251,-21.6888369225103,-20.6560351642955,
-19.2789661533425,-19.2433583257826),.UNSPECIFIED.);
#468=B_SPLINE_CURVE_WITH_KNOTS('',3,(#2749,#2750,#2751,#2752,#2753,#2754,
#2755,#2756,#2757,#2758,#2759,#2760,#2761,#2762,#2763,#2764,#2765),
 .UNSPECIFIED.,.F.,.F.,(4,1,1,1,1,1,1,1,1,1,1,1,1,1,4),(-41.867991205971,
-41.3769208334039,-40.4968531853393,-39.6167855372748,-38.7367178892102,
-37.5632943584575,-36.3898708277047,-35.216447296952,-34.0430237661992,
-32.8696002354465,-31.6961767046937,-30.8161090566292,-29.9360414085646,
-29.0559737605001,-29.0392484275793),.UNSPECIFIED.);
#469=B_SPLINE_CURVE_WITH_KNOTS('',3,(#2766,#2767,#2768,#2769,#2770,#2771,
#2772,#2773,#2774,#2775,#2776,#2777,#2778,#2779,#2780,#2781),
 .UNSPECIFIED.,.F.,.F.,(4,1,1,1,1,1,1,1,1,1,1,1,1,4),(-44.9009747891434,
-44.0662083504972,-42.6891393395441,-41.3120703285911,-40.2792685703763,
-39.2464668121615,-38.2136650539468,-37.180863295732,-36.1480615375172,
-35.1152597793024,-34.0824580210876,-33.0496562628729,-32.1316102555708,
-32.0724666022625),.UNSPECIFIED.);
#470=B_SPLINE_CURVE_WITH_KNOTS('',3,(#2786,#2787,#2788,#2789,#2790,#2791,
#2792,#2793,#2794,#2795,#2796,#2797,#2798,#2799),.UNSPECIFIED.,.F.,.F.,
(4,1,1,1,1,1,1,1,1,1,1,4),(-29.0392484275793,-28.1759061124355,-27.2958384643709,
-26.4157708163064,-25.0956693442096,-23.7755678721127,-22.4554664000159,
-21.135364927919,-19.8152634558222,-18.4951619837254,-17.1750605116285,
-16.2105778828436),.UNSPECIFIED.);
#471=B_SPLINE_CURVE_WITH_KNOTS('',3,(#2800,#2801,#2802,#2803,#2804,#2805,
#2806,#2807,#2808,#2809,#2810,#2811,#2812,#2813),.UNSPECIFIED.,.F.,.F.,
(4,1,1,1,1,1,1,1,1,1,1,4),(-57.7297784902708,-56.4598294490745,-55.0827604381214,
-54.3942259326449,-53.7056914271684,-52.3286224162154,-50.9515534052623,
-49.5744843943093,-48.1974153833563,-46.8203463724032,-45.4432773614502,
-44.9009747891434),.UNSPECIFIED.);
#472=B_SPLINE_CURVE_WITH_KNOTS('',3,(#2822,#2823,#2824,#2825,#2826,#2827,
#2828,#2829),.UNSPECIFIED.,.F.,.F.,(4,1,1,1,1,4),(-86.7553476900413,-85.9807463713802,
-85.2061450527191,-84.431543734058,-83.6569424153969,-83.3874552888466),
 .UNSPECIFIED.);
#473=B_SPLINE_CURVE_WITH_KNOTS('',3,(#2831,#2832,#2833,#2834,#2835,#2836,
#2837,#2838,#2839,#2840),.UNSPECIFIED.,.F.,.F.,(4,2,2,2,4),(-0.000152520151754118,
0.,0.0094273657207586,0.0192094816183907,0.034915232806687),
 .UNSPECIFIED.);
#474=B_SPLINE_CURVE_WITH_KNOTS('',3,(#2844,#2845,#2846,#2847,#2848,#2849,
#2850,#2851,#2852,#2853),.UNSPECIFIED.,.F.,.F.,(4,2,2,2,4),(0.,0.00908872757487818,
0.0220195225038166,0.0344025850077582,0.0345606584869921),.UNSPECIFIED.);
#475=B_SPLINE_CURVE_WITH_KNOTS('',3,(#2855,#2856,#2857,#2858,#2859,#2860),
 .UNSPECIFIED.,.F.,.F.,(4,1,1,4),(-3.38171336085134,-2.65394431856333,-1.33384284646649,
-0.0138568942104778),.UNSPECIFIED.);
#476=B_SPLINE_CURVE_WITH_KNOTS('',3,(#2863,#2864,#2865,#2866,#2867,#2868,
#2869,#2870,#2871,#2872,#2873,#2874,#2875,#2876,#2877,#2878,#2879,#2880),
 .UNSPECIFIED.,.F.,.F.,(4,1,1,1,1,1,1,1,1,1,1,1,1,1,1,4),(-83.3874552888466,
-82.8823410967359,-82.1077397780748,-81.3331384594137,-80.5585371407526,
-79.7839358220915,-79.0093345034304,-78.2347331847694,-77.4601318661083,
-76.6855305474472,-75.9109292287861,-75.136327910125,-74.3617265914639,
-72.9846575805109,-71.6075885695579,-70.5588480214311),.UNSPECIFIED.);
#477=B_SPLINE_CURVE_WITH_KNOTS('',3,(#2928,#2929,#2930,#2931,#2932,#2933,
#2934,#2935,#2936,#2937,#2938,#2939,#2940,#2941,#2942,#2943,#2944,#2945,
#2946,#2947,#2948,#2949,#2950,#2951),.UNSPECIFIED.,.F.,.F.,(4,2,2,2,2,2,
2,2,2,2,2,4),(0.,0.0313540203257234,0.0757000395920268,0.158846357762281,
0.246636626316122,0.376755037760508,0.551481867313528,0.667549993595813,
0.764597800497074,0.821193134452737,0.84676057705787,0.869284723715708),
 .UNSPECIFIED.);
#478=B_SPLINE_CURVE_WITH_KNOTS('',3,(#2957,#2958,#2959,#2960,#2961,#2962,
#2963,#2964,#2965,#2966,#2967,#2968,#2969,#2970,#2971,#2972,#2973,#2974,
#2975,#2976,#2977,#2978,#2979,#2980,#2981,#2982),.UNSPECIFIED.,.F.,.F.,
(4,2,2,2,2,2,2,2,2,2,2,2,4),(-2.25250893645599,-1.91456430765743,-1.56349539078883,
-1.34723923658577,-1.21472313990406,-1.11390782212258,-1.05369793972995,
-1.00001650474714,-0.931970592297997,-0.802442384766797,-0.596269740702287,
-0.335692031570714,-1.4294066384922E-5),.UNSPECIFIED.);
#479=B_SPLINE_CURVE_WITH_KNOTS('',3,(#2990,#2991,#2992,#2993,#2994,#2995,
#2996,#2997,#2998,#2999,#3000,#3001,#3002,#3003,#3004,#3005,#3006,#3007,
#3008,#3009,#3010,#3011,#3012,#3013),.UNSPECIFIED.,.F.,.F.,(4,2,2,2,2,2,
2,2,2,2,2,4),(0.,0.0313540203256475,0.075700039591574,0.158846357762571,
0.246636626319004,0.376755037766337,0.55148186732299,0.667549993603967,
0.764597800502288,0.821193134457519,0.846760577062549,0.869284723719695),
 .UNSPECIFIED.);
#480=B_SPLINE_CURVE_WITH_KNOTS('',3,(#3021,#3022,#3023,#3024,#3025,#3026,
#3027,#3028,#3029,#3030,#3031,#3032,#3033,#3034,#3035,#3036,#3037,#3038,
#3039,#3040,#3041,#3042,#3043,#3044,#3045,#3046,#3047,#3048),
 .UNSPECIFIED.,.F.,.F.,(4,2,2,2,2,2,2,2,2,2,2,2,2,4),(0.,0.0590113488767685,
0.131083533098746,0.236593108386986,0.34601436452239,0.396156799121558,
0.429694678602727,0.461043402508199,0.50120351378268,0.577038219963281,
0.715327351729146,0.81200244638833,0.858537616366825,0.9024363726447),
 .UNSPECIFIED.);
#481=B_SPLINE_CURVE_WITH_KNOTS('',3,(#3056,#3057,#3058,#3059,#3060,#3061,
#3062,#3063,#3064,#3065,#3066,#3067,#3068,#3069,#3070,#3071,#3072,#3073,
#3074,#3075,#3076,#3077,#3078,#3079),.UNSPECIFIED.,.F.,.F.,(4,2,2,2,2,2,
2,2,2,2,2,4),(0.,0.0313535808555364,0.0756990014121218,0.158844795453846,
0.246634317744732,0.376751539134212,0.551478651376539,0.667546525616524,
0.764594288677358,0.82119106689946,0.846758821461989,0.869283104118476),
 .UNSPECIFIED.);
#482=B_SPLINE_CURVE_WITH_KNOTS('',3,(#3092,#3093,#3094,#3095,#3096,#3097,
#3098,#3099,#3100,#3101,#3102,#3103,#3104,#3105,#3106,#3107,#3108,#3109,
#3110,#3111,#3112,#3113,#3114,#3115),.UNSPECIFIED.,.F.,.F.,(4,2,2,2,2,2,
2,2,2,2,2,4),(0.,0.0313540203258215,0.075700039592372,0.158846357764564,
0.246636626322882,0.376755037774184,0.551481867336634,0.667549993623493,
0.764597800533985,0.821193134498555,0.846760577107718,0.869284723769059),
 .UNSPECIFIED.);
#483=B_SPLINE_CURVE_WITH_KNOTS('',3,(#3123,#3124,#3125,#3126,#3127,#3128,
#3129,#3130,#3131,#3132,#3133,#3134,#3135,#3136,#3137,#3138,#3139,#3140,
#3141,#3142,#3143,#3144,#3145,#3146,#3147,#3148,#3149,#3150),
 .UNSPECIFIED.,.F.,.F.,(4,2,2,2,2,2,2,2,2,2,2,2,2,4),(0.,0.0590113488767716,
0.131083533098749,0.236593108391086,0.346014364534869,0.396156799137819,
0.429694678621688,0.461043402528916,0.501203513805609,0.577038219990958,
0.71532735176485,0.812002446428062,0.8585376164079,0.902436372687232),
 .UNSPECIFIED.);
#484=B_SPLINE_CURVE_WITH_KNOTS('',3,(#3156,#3157,#3158,#3159,#3160,#3161,
#3162,#3163,#3164,#3165,#3166,#3167,#3168,#3169,#3170,#3171,#3172,#3173,
#3174,#3175,#3176,#3177,#3178,#3179,#3180,#3181),.UNSPECIFIED.,.F.,.F.,
(4,2,2,2,2,2,2,2,2,2,2,2,4),(-2.25250893651378,-1.91456430769129,-1.56349539080613,
-1.34723923659733,-1.2147231399119,-1.11390782212664,-1.05369793973158,
-1.00001650474688,-0.931970592296715,-0.802442384766619,-0.596269740702436,
-0.335692031570721,-1.4294066384922E-5),.UNSPECIFIED.);
#485=B_SPLINE_CURVE_WITH_KNOTS('',3,(#3219,#3220,#3221,#3222,#3223,#3224,
#3225,#3226,#3227,#3228,#3229,#3230,#3231,#3232,#3233,#3234,#3235,#3236,
#3237,#3238,#3239,#3240,#3241,#3242,#3243,#3244),.UNSPECIFIED.,.F.,.F.,
(4,2,2,2,2,2,2,2,2,2,2,2,4),(-2.25250893632132,-1.9145643075577,-1.56349539072147,
-1.34723923653495,-1.21472313986345,-1.11390782208879,-1.05369793970109,
-1.00001650472315,-0.931970592280295,-0.802442384761999,-0.596269740705564,
-0.335692031570654,-1.42940663853106E-5),.UNSPECIFIED.);
#486=B_SPLINE_CURVE_WITH_KNOTS('',3,(#3245,#3246,#3247,#3248,#3249,#3250,
#3251,#3252,#3253,#3254,#3255,#3256,#3257,#3258,#3259,#3260,#3261,#3262,
#3263,#3264,#3265,#3266,#3267,#3268,#3269,#3270),.UNSPECIFIED.,.F.,.F.,
(4,2,2,2,2,2,2,2,2,2,2,2,4),(-2.1711106785847,-1.88738831782789,-1.59551292288175,
-1.38807258428279,-1.2017258117833,-1.1109364623492,-1.05413777662824,-1.00172061341595,
-0.932762049298078,-0.793772691014225,-0.5845434518114,-0.323446749120246,
-1.42940671828396E-5),.UNSPECIFIED.);
#487=B_SPLINE_CURVE_WITH_KNOTS('',3,(#3271,#3272,#3273,#3274,#3275,#3276,
#3277,#3278,#3279,#3280,#3281,#3282,#3283,#3284,#3285,#3286,#3287,#3288,
#3289,#3290,#3291,#3292,#3293,#3294,#3295,#3296),.UNSPECIFIED.,.F.,.F.,
(4,2,2,2,2,2,2,2,2,2,2,2,4),(-2.1710968808697,-1.88736257002557,-1.59549259308939,
-1.38805386345016,-1.20170815840175,-1.11091973290492,-1.05412172870547,
-1.00170526541644,-0.932747733178185,-0.793760677717107,-0.584534185363487,
-0.323442493760715,0.),.UNSPECIFIED.);
#488=B_SPLINE_CURVE_WITH_KNOTS('',3,(#3297,#3298,#3299,#3300,#3301,#3302,
#3303,#3304,#3305,#3306,#3307,#3308,#3309,#3310,#3311,#3312,#3313,#3314,
#3315,#3316,#3317,#3318,#3319,#3320,#3321,#3322),.UNSPECIFIED.,.F.,.F.,
(4,2,2,2,2,2,2,2,2,2,2,2,4),(-2.25250545045135,-1.91455920598137,-1.56349113347863,
-1.34723542613745,-1.21471957954368,-1.11390447100663,-1.05369474038868,
-1.00001345719384,-0.931967760988145,-0.802440013534626,-0.596267911281321,
-0.335691177650646,-1.15243856659279E-5),.UNSPECIFIED.);
#489=B_SPLINE_CURVE_WITH_KNOTS('',3,(#3438,#3439,#3440,#3441,#3442,#3443,
#3444,#3445,#3446,#3447,#3448,#3449,#3450,#3451,#3452,#3453,#3454),
 .UNSPECIFIED.,.F.,.F.,(4,1,1,1,1,1,1,1,1,1,1,1,1,1,4),(-16.2105778828436,
-15.8549590395317,-14.9748913914671,-14.0948237434026,-13.214756095338,
-12.3346884472735,-11.4546207992089,-10.5745531511443,-9.25445167904751,
-7.93435020695068,-6.61424873485384,-5.294147262757,-4.63409652670858,-3.97404579066016,
-3.38171336085134),.UNSPECIFIED.);
#490=B_SPLINE_CURVE_WITH_KNOTS('',3,(#3455,#3456,#3457,#3458,#3459,#3460,
#3461,#3462,#3463,#3464,#3465,#3466,#3467,#3468,#3469,#3470,#3471),
 .UNSPECIFIED.,.F.,.F.,(4,1,1,1,1,1,1,1,1,1,1,1,1,1,4),(-70.5588480214311,
-70.2305195586048,-69.1977178003901,-68.1649160421753,-67.1321142839605,
-66.0993125257457,-65.066510767531,-64.0337090093162,-63.0009072511014,
-61.9681054928866,-60.9353037346718,-59.9025019764571,-58.8697002182423,
-57.8368984600275,-57.7297784902708),.UNSPECIFIED.);
#491=B_SPLINE_CURVE_WITH_KNOTS('',3,(#3507,#3508,#3509,#3510,#3511,#3512),
 .UNSPECIFIED.,.F.,.F.,(4,2,4),(-0.0318492101720297,0.,0.000476705283780756),
 .UNSPECIFIED.);
#492=B_SPLINE_CURVE_WITH_KNOTS('',3,(#3513,#3514,#3515,#3516,#3517,#3518),
 .UNSPECIFIED.,.F.,.F.,(4,2,4),(-0.000476705283780756,0.,0.0318492101720297),
 .UNSPECIFIED.);
#493=B_SPLINE_CURVE_WITH_KNOTS('',3,(#3552,#3553,#3554,#3555,#3556,#3557),
 .UNSPECIFIED.,.F.,.F.,(4,1,1,4),(-0.13136509098628,-0.0750657662778746,
-0.0375328831389373,0.),.UNSPECIFIED.);
#494=B_SPLINE_CURVE_WITH_KNOTS('',3,(#3558,#3559,#3560,#3561,#3562,#3563),
 .UNSPECIFIED.,.F.,.F.,(4,1,1,4),(0.,0.0375328831389373,0.0750657662778746,
0.13136509098628),.UNSPECIFIED.);
#495=B_SPLINE_CURVE_WITH_KNOTS('',3,(#3601,#3602,#3603,#3604,#3605,#3606),
 .UNSPECIFIED.,.F.,.F.,(4,1,1,4),(-0.131366557968681,-0.0562999534151492,
-0.0281499767075746,0.),.UNSPECIFIED.);
#496=B_SPLINE_CURVE_WITH_KNOTS('',3,(#3609,#3610,#3611,#3612,#3613,#3614),
 .UNSPECIFIED.,.F.,.F.,(4,1,1,4),(0.,0.0281499767075746,0.0562999534151492,
0.131366557968681),.UNSPECIFIED.);
#497=B_SPLINE_CURVE_WITH_KNOTS('',3,(#3639,#3640,#3641,#3642,#3643,#3644),
 .UNSPECIFIED.,.F.,.F.,(4,2,4),(8.92106840993287E-17,0.0318492101719503,
0.032325915455813),.UNSPECIFIED.);
#498=B_SPLINE_CURVE_WITH_KNOTS('',3,(#3645,#3646,#3647,#3648,#3649,#3650),
 .UNSPECIFIED.,.F.,.F.,(4,2,4),(-0.032325915455813,-0.0318492101719503,
-8.92106840993287E-17),.UNSPECIFIED.);
#499=B_SPLINE_CURVE_WITH_KNOTS('',3,(#3705,#3706,#3707,#3708,#3709,#3710),
 .UNSPECIFIED.,.F.,.F.,(4,2,4),(-0.0318492101719833,0.,0.000476705283830082),
 .UNSPECIFIED.);
#500=B_SPLINE_CURVE_WITH_KNOTS('',3,(#3711,#3712,#3713,#3714,#3715,#3716),
 .UNSPECIFIED.,.F.,.F.,(4,2,4),(-0.000476705283830082,0.,0.0318492101719833),
 .UNSPECIFIED.);
#501=B_SPLINE_CURVE_WITH_KNOTS('',3,(#3750,#3751,#3752,#3753,#3754,#3755),
 .UNSPECIFIED.,.F.,.F.,(4,1,1,4),(-0.131365090986279,-0.0562993247084051,
-0.0281496623542025,0.),.UNSPECIFIED.);
#502=B_SPLINE_CURVE_WITH_KNOTS('',3,(#3756,#3757,#3758,#3759,#3760,#3761),
 .UNSPECIFIED.,.F.,.F.,(4,1,1,4),(0.,0.0281496623542025,0.0562993247084051,
0.131365090986279),.UNSPECIFIED.);
#503=B_SPLINE_CURVE_WITH_KNOTS('',3,(#3799,#3800,#3801,#3802,#3803,#3804),
 .UNSPECIFIED.,.F.,.F.,(4,1,1,4),(-0.131366557968681,-0.0562999534151488,
-0.0281499767075744,0.),.UNSPECIFIED.);
#504=B_SPLINE_CURVE_WITH_KNOTS('',3,(#3807,#3808,#3809,#3810,#3811,#3812),
 .UNSPECIFIED.,.F.,.F.,(4,1,1,4),(0.,0.0281499767075744,0.0562999534151488,
0.131366557968681),.UNSPECIFIED.);
#505=B_SPLINE_CURVE_WITH_KNOTS('',3,(#3837,#3838,#3839,#3840,#3841,#3842),
 .UNSPECIFIED.,.F.,.F.,(4,2,4),(0.,0.0318492101721308,0.0323259154558107),
 .UNSPECIFIED.);
#506=B_SPLINE_CURVE_WITH_KNOTS('',3,(#3843,#3844,#3845,#3846,#3847,#3848),
 .UNSPECIFIED.,.F.,.F.,(4,2,4),(-0.0323259154558107,-0.0318492101721308,
0.),.UNSPECIFIED.);
#507=B_SPLINE_CURVE_WITH_KNOTS('',3,(#3903,#3904,#3905,#3906,#3907,#3908),
 .UNSPECIFIED.,.F.,.F.,(4,2,4),(0.,0.0318492101721311,0.0323259154558111),
 .UNSPECIFIED.);
#508=B_SPLINE_CURVE_WITH_KNOTS('',3,(#3909,#3910,#3911,#3912,#3913,#3914),
 .UNSPECIFIED.,.F.,.F.,(4,2,4),(-0.0323259154558111,-0.0318492101721311,
0.),.UNSPECIFIED.);
#509=B_SPLINE_CURVE_WITH_KNOTS('',3,(#3948,#3949,#3950,#3951,#3952,#3953),
 .UNSPECIFIED.,.F.,.F.,(4,1,1,4),(-0.131365090986278,-0.056299324708405,
-0.0281496623542025,0.),.UNSPECIFIED.);
#510=B_SPLINE_CURVE_WITH_KNOTS('',3,(#3954,#3955,#3956,#3957,#3958,#3959),
 .UNSPECIFIED.,.F.,.F.,(4,1,1,4),(0.,0.0281496623542025,0.056299324708405,
0.131365090986278),.UNSPECIFIED.);
#511=B_SPLINE_CURVE_WITH_KNOTS('',3,(#3997,#3998,#3999,#4000,#4001,#4002),
 .UNSPECIFIED.,.F.,.F.,(4,1,1,4),(-0.13136655796868,-0.0750666045535317,
-0.0375333022767658,0.),.UNSPECIFIED.);
#512=B_SPLINE_CURVE_WITH_KNOTS('',3,(#4005,#4006,#4007,#4008,#4009,#4010),
 .UNSPECIFIED.,.F.,.F.,(4,1,1,4),(0.,0.0375333022767658,0.0750666045535317,
0.13136655796868),.UNSPECIFIED.);
#513=B_SPLINE_CURVE_WITH_KNOTS('',3,(#4035,#4036,#4037,#4038,#4039,#4040),
 .UNSPECIFIED.,.F.,.F.,(4,2,4),(-0.0318492101719929,0.,0.000476705283819978),
 .UNSPECIFIED.);
#514=B_SPLINE_CURVE_WITH_KNOTS('',3,(#4041,#4042,#4043,#4044,#4045,#4046),
 .UNSPECIFIED.,.F.,.F.,(4,2,4),(-0.000476705283819978,0.,0.0318492101719929),
 .UNSPECIFIED.);
#515=B_SPLINE_CURVE_WITH_KNOTS('',3,(#4051,#4052,#4053,#4054,#4055,#4056),
 .UNSPECIFIED.,.F.,.F.,(4,1,1,4),(-0.13136655796868,-0.0562999534151485,
-0.0281499767075742,0.),.UNSPECIFIED.);
#516=B_SPLINE_CURVE_WITH_KNOTS('',3,(#4060,#4061,#4062,#4063,#4064,#4065),
 .UNSPECIFIED.,.F.,.F.,(4,1,1,4),(0.,0.0281496623542028,0.0562993247084056,
0.13136509098628),.UNSPECIFIED.);
#517=B_SPLINE_CURVE_WITH_KNOTS('',3,(#4068,#4069,#4070,#4071,#4072,#4073),
 .UNSPECIFIED.,.F.,.F.,(4,2,4),(-0.0318492101721365,0.,0.000476705283675153),
 .UNSPECIFIED.);
#518=B_SPLINE_CURVE_WITH_KNOTS('',3,(#4100,#4101,#4102,#4103,#4104,#4105),
 .UNSPECIFIED.,.F.,.F.,(4,2,4),(0.,0.0318492101721313,0.032325915455811),
 .UNSPECIFIED.);
#519=B_SPLINE_CURVE_WITH_KNOTS('',3,(#4106,#4107,#4108,#4109,#4110,#4111),
 .UNSPECIFIED.,.F.,.F.,(4,2,4),(-0.032325915455811,-0.0318492101721313,
0.),.UNSPECIFIED.);
#520=B_SPLINE_CURVE_WITH_KNOTS('',3,(#4144,#4145,#4146,#4147,#4148,#4149),
 .UNSPECIFIED.,.F.,.F.,(4,1,1,4),(-0.13136509098628,-0.0562993247084056,
-0.0281496623542028,0.),.UNSPECIFIED.);
#521=B_SPLINE_CURVE_WITH_KNOTS('',3,(#4186,#4187,#4188,#4189,#4190,#4191),
 .UNSPECIFIED.,.F.,.F.,(4,1,1,4),(0.,0.0281499767075742,0.0562999534151485,
0.13136655796868),.UNSPECIFIED.);
#522=B_SPLINE_CURVE_WITH_KNOTS('',3,(#4216,#4217,#4218,#4219,#4220,#4221),
 .UNSPECIFIED.,.F.,.F.,(4,2,4),(-0.000476705283675153,0.,0.0318492101721365),
 .UNSPECIFIED.);
#523=B_SPLINE_CURVE_WITH_KNOTS('',3,(#4308,#4309,#4310,#4311),
 .UNSPECIFIED.,.F.,.F.,(4,4),(0.0344159631988779,0.0554684340268075),
 .UNSPECIFIED.);
#524=B_SPLINE_CURVE_WITH_KNOTS('',3,(#4314,#4315,#4316,#4317,#4318),
 .UNSPECIFIED.,.F.,.F.,(4,1,4),(-0.0554684340268075,-0.0277342170134038,
6.93889390390723E-18),.UNSPECIFIED.);
#525=B_SPLINE_CURVE_WITH_KNOTS('',3,(#4342,#4343,#4344,#4345),
 .UNSPECIFIED.,.F.,.F.,(4,4),(-0.00268204353781495,0.),.UNSPECIFIED.);
#526=B_SPLINE_CURVE_WITH_KNOTS('',3,(#4346,#4347,#4348,#4349),
 .UNSPECIFIED.,.F.,.F.,(4,4),(0.,0.00268204353781495),.UNSPECIFIED.);
#527=B_SPLINE_CURVE_WITH_KNOTS('',3,(#4376,#4377,#4378,#4379,#4380),
 .UNSPECIFIED.,.F.,.F.,(4,1,4),(-0.31367527181966,-0.134432259351283,0.),
 .UNSPECIFIED.);
#528=B_SPLINE_CURVE_WITH_KNOTS('',3,(#4383,#4384,#4385,#4386,#4387),
 .UNSPECIFIED.,.F.,.F.,(4,1,4),(0.,0.134432259351283,0.31367527181966),
 .UNSPECIFIED.);
#529=B_SPLINE_CURVE_WITH_KNOTS('',3,(#4753,#4754,#4755,#4756,#4757,#4758,
#4759,#4760,#4761,#4762,#4763,#4764,#4765,#4766),.UNSPECIFIED.,.F.,.F.,
(4,1,1,1,1,1,1,1,1,1,1,4),(-77.7058942609326,-76.3182890062731,-74.9306837516136,
-73.5430784969541,-72.1554732422945,-70.767867987635,-70.0740653603053,
-69.3802627329755,-67.992657478316,-66.6050522236565,-65.3716253306258,
-64.2848217113553),.UNSPECIFIED.);
#530=B_SPLINE_CURVE_WITH_KNOTS('',3,(#4769,#4770,#4771,#4772,#4773,#4774,
#4775,#4776,#4777,#4778,#4779,#4780,#4781,#4782,#4783,#4784,#4785,#4786,
#4787,#4788,#4789,#4790,#4791,#4792,#4793,#4794,#4795,#4796,#4797,#4798,
#4799,#4800,#4801,#4802,#4803,#4804,#4805,#4806,#4807,#4808,#4809,#4810,
#4811,#4812,#4813,#4814,#4815,#4816,#4817,#4818,#4819,#4820,#4821,#4822,
#4823,#4824,#4825,#4826,#4827,#4828,#4829,#4830,#4831,#4832,#4833,#4834,
#4835,#4836,#4837,#4838,#4839,#4840,#4841),.UNSPECIFIED.,.F.,.F.,(4,1,1,
1,1,1,1,1,1,1,1,1,1,1,1,1,1,1,1,1,1,1,1,1,1,1,1,1,1,1,1,1,1,1,1,1,1,1,1,
1,1,1,1,1,1,1,1,1,1,1,1,1,1,1,1,1,1,1,1,1,1,1,1,1,1,1,1,1,1,1,4),(0.,1.38760525465951,
2.77521050931902,4.16281576397853,5.55042101863804,6.93802627329755,8.32563152795706,
9.71323678261657,11.1008420372761,12.0259122070491,12.9509823768221,13.8760525465951,
14.8011227163681,16.1887279710276,16.6512630559141,17.3450656832439,18.0388683105736,
19.4264735652331,20.8140788198927,22.2016840745522,23.1267542443252,24.0518244140982,
24.9768945838712,25.9019647536442,27.1353916466749,28.3688185397055,29.6022454327362,
30.5273156025092,31.4523857722822,32.3774559420552,33.3025261118283,34.2275962816013,
35.1526664513743,36.0777366211473,37.0028067909203,37.9278769606933,38.8529471304663,
39.7780173002393,40.7030874700123,41.936514363043,43.1699412560737,44.4033681491043,
45.636795042135,46.8702219351657,48.1036488281964,49.337075721227,50.5705026142577,
51.8039295072884,52.7289996770614,53.6540698468344,54.5791400166074,55.5042101863804,
56.4292803561534,57.3543505259264,58.2794206956994,59.2044908654724,60.4379177585031,
61.6713446515338,62.9047715445645,64.1381984375952,65.3716253306258,66.6050522236565,
67.992657478316,69.3802627329755,70.0740653603053,70.767867987635,72.1554732422945,
73.5430784969541,74.9306837516136,76.3182890062731,77.7058942609326),
 .UNSPECIFIED.);
#531=B_SPLINE_CURVE_WITH_KNOTS('',3,(#4879,#4880,#4881,#4882,#4883,#4884,
#4885),.UNSPECIFIED.,.F.,.F.,(4,1,1,1,4),(0.,0.953239345849854,1.90647869169971,
2.6214082010871,3.33633771047449),.UNSPECIFIED.);
#532=B_SPLINE_CURVE_WITH_KNOTS('',3,(#4918,#4919,#4920,#4921,#4922,#4923),
 .UNSPECIFIED.,.F.,.F.,(4,1,1,4),(-0.0673003693747208,-0.0480716924105148,
-0.0288430154463089,0.),.UNSPECIFIED.);
#533=B_SPLINE_CURVE_WITH_KNOTS('',3,(#4950,#4951,#4952,#4953),
 .UNSPECIFIED.,.F.,.F.,(4,4),(-0.0245794343518147,0.),.UNSPECIFIED.);
#534=B_SPLINE_CURVE_WITH_KNOTS('',3,(#4975,#4976,#4977,#4978,#4979),
 .UNSPECIFIED.,.F.,.F.,(4,1,4),(-0.0442588617213445,-0.0221294308606723,
0.),.UNSPECIFIED.);
#535=B_SPLINE_CURVE_WITH_KNOTS('',3,(#4982,#4983,#4984,#4985,#4986),
 .UNSPECIFIED.,.F.,.F.,(4,1,4),(0.,0.0221294308606723,0.0442588617213445),
 .UNSPECIFIED.);
#536=B_SPLINE_CURVE_WITH_KNOTS('',3,(#5009,#5010,#5011,#5012),
 .UNSPECIFIED.,.F.,.F.,(4,4),(2.23328514926282,3.11439798655736),
 .UNSPECIFIED.);
#537=B_SPLINE_CURVE_WITH_KNOTS('',3,(#5013,#5014,#5015,#5016),
 .UNSPECIFIED.,.F.,.F.,(4,4),(-3.11439798655736,-2.23328514926282),
 .UNSPECIFIED.);
#538=B_SPLINE_CURVE_WITH_KNOTS('',3,(#5049,#5050,#5051,#5052,#5053,#5054),
 .UNSPECIFIED.,.F.,.F.,(4,1,1,4),(0.,1.05282077896156,1.75470129826926,
2.45658181757697),.UNSPECIFIED.);
#539=B_SPLINE_CURVE_WITH_KNOTS('',3,(#5526,#5527,#5528,#5529,#5530,#5531,
#5532,#5533,#5534,#5535,#5536,#5537,#5538,#5539,#5540,#5541,#5542,#5543,
#5544,#5545),.UNSPECIFIED.,.F.,.F.,(4,1,1,1,1,1,1,1,1,1,1,1,1,1,1,1,1,4),
(-13.4211981552504,-13.0340644541303,-12.2194354257472,-11.404806397364,
-10.5901773689809,-9.77554834059775,-8.9609193122146,-8.14629028383146,
-7.33166125544831,-6.51703222706517,-5.70240319868202,-4.88777417029887,
-4.07314514191573,-3.25851611353258,-2.44388708514944,-1.62925805676629,
-0.814629028383146,0.),.UNSPECIFIED.);
#540=B_SPLINE_CURVE_WITH_KNOTS('',3,(#5548,#5549,#5550,#5551,#5552,#5553,
#5554,#5555,#5556,#5557,#5558,#5559,#5560,#5561,#5562,#5563,#5564,#5565,
#5566,#5567,#5568,#5569,#5570,#5571,#5572,#5573,#5574,#5575,#5576,#5577,
#5578,#5579,#5580,#5581,#5582,#5583,#5584,#5585,#5586,#5587,#5588,#5589,
#5590,#5591,#5592,#5593,#5594,#5595,#5596,#5597,#5598,#5599,#5600,#5601,
#5602,#5603,#5604,#5605,#5606,#5607,#5608,#5609,#5610,#5611,#5612,#5613,
#5614,#5615,#5616,#5617,#5618,#5619,#5620,#5621,#5622,#5623,#5624,#5625,
#5626,#5627,#5628,#5629,#5630,#5631,#5632,#5633,#5634,#5635,#5636,#5637,
#5638,#5639,#5640,#5641),.UNSPECIFIED.,.F.,.F.,(4,1,1,1,1,1,1,1,1,1,1,1,
1,1,1,1,1,1,1,1,1,1,1,1,1,1,1,1,1,1,1,1,1,1,1,1,1,1,1,1,1,1,1,1,1,1,1,1,
1,1,1,1,1,1,1,1,1,1,1,1,1,1,1,1,1,1,1,1,1,1,1,1,1,1,1,1,1,1,1,1,1,1,1,1,
1,1,1,1,1,1,1,4),(0.,0.814629028383146,1.62925805676629,2.44388708514944,
3.25851611353258,4.07314514191573,4.88777417029887,5.70240319868202,6.51703222706517,
7.33166125544831,8.14629028383146,8.9609193122146,9.77554834059775,10.5901773689809,
11.404806397364,12.2194354257472,13.0340644541303,14.1202364919745,15.2064085298187,
16.2925805676629,17.3787526055071,18.4649246433513,19.5510966811955,20.3657257095786,
21.1803547379618,21.9949837663449,22.8096127947281,23.6242418231112,24.4388708514944,
25.2534998798775,26.0681289082607,27.1543009461049,28.2404729839491,29.3266450217932,
30.4128170596374,31.8610464434297,33.309275827222,34.7575052110142,35.8436772488584,
36.9298492867026,38.0160213245468,39.102193362391,40.1883654002352,41.2745374380794,
42.3607094759236,43.4468815137678,44.533053551612,45.6192255894562,46.7053976273004,
47.7915696651446,48.8777417029887,49.9639137408329,51.0500857786771,52.1362578165213,
53.2224298543655,54.3086018922097,55.0327165841058,56.4809459678981,57.9291753516904,
58.6532900435865,59.3774047354826,60.8256341192749,61.9118061571191,62.9979781949633,
64.0841502328075,65.1703222706517,66.2564943084959,67.3426663463401,68.4288383841842,
69.5150104220284,70.9632398058207,72.411469189613,73.8596985734052,75.3079279571975,
76.7561573409897,78.204386724782,79.0190157531651,79.8336447815483,80.6482738099314,
81.4629028383146,82.2775318666977,83.0921608950809,83.906789923464,84.7214189518472,
85.5360479802303,86.3506770086135,87.1653060369966,87.9799350653797,88.7945640937629,
89.609193122146,90.4238221505292,91.2384511789123),.UNSPECIFIED.);
#541=B_SPLINE_CURVE_WITH_KNOTS('',3,(#5668,#5669,#5670,#5671,#5672),
 .UNSPECIFIED.,.F.,.F.,(4,1,4),(-0.316317810339551,-0.135564775859807,0.),
 .UNSPECIFIED.);
#542=B_SPLINE_CURVE_WITH_KNOTS('',3,(#5675,#5676,#5677,#5678,#5679),
 .UNSPECIFIED.,.F.,.F.,(4,1,4),(0.,0.135564775859807,0.316317810339551),
 .UNSPECIFIED.);
#543=B_SPLINE_CURVE_WITH_KNOTS('',3,(#5703,#5704,#5705,#5706),
 .UNSPECIFIED.,.F.,.F.,(4,4),(-0.00270983204838071,-3.21340946987558E-15),
 .UNSPECIFIED.);
#544=B_SPLINE_CURVE_WITH_KNOTS('',3,(#5707,#5708,#5709,#5710),
 .UNSPECIFIED.,.F.,.F.,(4,4),(3.21340946987558E-15,0.00270983204838071),
 .UNSPECIFIED.);
#545=B_SPLINE_CURVE_WITH_KNOTS('',3,(#5736,#5737,#5738,#5739,#5740),
 .UNSPECIFIED.,.F.,.F.,(4,1,4),(-0.0560336074831355,-0.0280168037415677,
0.),.UNSPECIFIED.);
#546=B_SPLINE_CURVE_WITH_KNOTS('',3,(#5741,#5742,#5743,#5744),
 .UNSPECIFIED.,.F.,.F.,(4,4),(0.,0.0213207021926139),.UNSPECIFIED.);
#547=B_SPLINE_CURVE_WITH_KNOTS('',3,(#6113,#6114,#6115,#6116,#6117,#6118,
#6119,#6120,#6121,#6122,#6123,#6124,#6125,#6126,#6127,#6128,#6129,#6130,
#6131,#6132,#6133,#6134,#6135,#6136,#6137,#6138,#6139,#6140,#6141,#6142,
#6143,#6144,#6145,#6146,#6147,#6148,#6149,#6150,#6151,#6152,#6153,#6154,
#6155,#6156,#6157,#6158,#6159,#6160,#6161,#6162,#6163,#6164,#6165,#6166,
#6167,#6168,#6169,#6170,#6171,#6172,#6173,#6174,#6175,#6176,#6177,#6178,
#6179,#6180,#6181,#6182,#6183,#6184),.UNSPECIFIED.,.F.,.F.,(4,1,1,1,1,1,
1,1,1,1,1,1,1,1,1,1,1,1,1,1,1,1,1,1,1,1,1,1,1,1,1,1,1,1,1,1,1,1,1,1,1,1,
1,1,1,1,1,1,1,1,1,1,1,1,1,1,1,1,1,1,1,1,1,1,1,1,1,1,1,4),(0.0301906021198014,
1.33384284646649,2.65394431856333,3.97404579066016,4.63409652670858,5.294147262757,
6.61424873485384,7.93435020695068,9.25445167904751,10.5745531511443,11.4546207992089,
12.3346884472735,13.214756095338,14.0948237434026,14.9748913914671,15.8549590395317,
17.1750605116285,18.4951619837254,19.8152634558222,21.135364927919,22.4554664000159,
23.7755678721127,25.0956693442096,26.4157708163064,27.2958384643709,28.1759061124355,
29.0559737605001,29.9360414085646,30.8161090566292,31.6961767046937,32.8696002354465,
34.0430237661992,35.216447296952,36.3898708277047,37.5632943584575,38.7367178892102,
39.6167855372748,40.4968531853393,41.3769208334039,42.2569884814684,43.137056129533,
44.0171237775975,44.8971914256621,45.7772590737267,46.9506826044794,48.1241061352321,
49.2975296659849,50.4709531967376,51.6443767274904,52.8178002582431,53.6978679063077,
54.5779355543722,55.4580032024368,56.3380708505014,56.9247826158777,57.5114943812541,
58.6849179120068,59.8583414427596,61.0317649735123,62.2051885042651,63.3786120350178,
64.0386627710662,64.6987135071146,66.0188149792115,67.3389164513083,68.6590179234052,
69.979119395502,71.2992208675988,72.6193223396957,73.9394238117925),
 .UNSPECIFIED.);
#548=B_SPLINE_CURVE_WITH_KNOTS('',3,(#6218,#6219,#6220,#6221,#6222,#6223),
 .UNSPECIFIED.,.F.,.F.,(4,1,1,4),(1.37984414383047E-16,1.26232767234681,
2.10387945391134,2.94543123547588),.UNSPECIFIED.);
#549=B_SPLINE_CURVE_WITH_KNOTS('',3,(#6250,#6251,#6252,#6253,#6254),
 .UNSPECIFIED.,.F.,.F.,(4,1,4),(-0.263164188669075,-0.112784652286746,0.),
 .UNSPECIFIED.);
#550=B_SPLINE_CURVE_WITH_KNOTS('',3,(#6257,#6258,#6259,#6260,#6261),
 .UNSPECIFIED.,.F.,.F.,(4,1,4),(0.,0.112784652286746,0.263164188669075),
 .UNSPECIFIED.);
#551=B_SPLINE_CURVE_WITH_KNOTS('',3,(#6282,#6283,#6284,#6285),
 .UNSPECIFIED.,.F.,.F.,(4,4),(-0.0240702811066192,-6.43079781483808E-17),
 .UNSPECIFIED.);
#552=B_SPLINE_CURVE_WITH_KNOTS('',3,(#6286,#6287,#6288,#6289),
 .UNSPECIFIED.,.F.,.F.,(4,4),(6.43079781483808E-17,0.0233907945771883),
 .UNSPECIFIED.);
#553=B_SPLINE_CURVE_WITH_KNOTS('',3,(#6648,#6649,#6650,#6651),
 .UNSPECIFIED.,.F.,.F.,(4,4),(0.0127802268409786,0.0404333666188889),
 .UNSPECIFIED.);
#554=B_SPLINE_CURVE_WITH_KNOTS('',3,(#6654,#6655,#6656,#6657),
 .UNSPECIFIED.,.F.,.F.,(4,4),(-0.0404333666188889,-0.0161432354433561),
 .UNSPECIFIED.);
#555=B_SPLINE_CURVE_WITH_KNOTS('',3,(#6684,#6685,#6686,#6687,#6688),
 .UNSPECIFIED.,.F.,.F.,(4,1,4),(-0.265415195044877,-0.113749369304947,0.),
 .UNSPECIFIED.);
#556=B_SPLINE_CURVE_WITH_KNOTS('',3,(#6690,#6691,#6692,#6693,#6694),
 .UNSPECIFIED.,.F.,.F.,(4,1,4),(0.,0.113749369304947,0.265415195044877),
 .UNSPECIFIED.);
#557=B_SPLINE_CURVE_WITH_KNOTS('',3,(#6727,#6728,#6729,#6730,#6731,#6732),
 .UNSPECIFIED.,.F.,.F.,(4,1,1,4),(0.,0.8412606372139,1.6825212744278,2.94441223024865),
 .UNSPECIFIED.);
#558=B_SPLINE_CURVE_WITH_KNOTS('',3,(#7188,#7189,#7190,#7191,#7192,#7193,
#7194,#7195,#7196,#7197,#7198,#7199,#7200,#7201,#7202,#7203,#7204,#7205,
#7206,#7207,#7208,#7209,#7210,#7211,#7212,#7213,#7214,#7215,#7216,#7217,
#7218,#7219,#7220,#7221,#7222,#7223,#7224,#7225,#7226,#7227,#7228,#7229,
#7230,#7231,#7232,#7233,#7234,#7235,#7236,#7237,#7238,#7239,#7240,#7241,
#7242,#7243,#7244,#7245,#7246,#7247,#7248,#7249,#7250,#7251,#7252,#7253,
#7254,#7255,#7256,#7257,#7258,#7259,#7260,#7261,#7262,#7263,#7264,#7265,
#7266,#7267,#7268,#7269,#7270,#7271,#7272,#7273,#7274,#7275,#7276,#7277,
#7278),.UNSPECIFIED.,.F.,.F.,(4,1,1,1,1,1,1,1,1,1,1,1,1,1,1,1,1,1,1,1,1,
1,1,1,1,1,1,1,1,1,1,1,1,1,1,1,1,1,1,1,1,1,1,1,1,1,1,1,1,1,1,1,1,1,1,1,1,
1,1,1,1,1,1,1,1,1,1,1,1,1,1,1,1,1,1,1,1,1,1,1,1,1,1,1,1,1,1,1,4),(1.77677746716033E-16,
0.774601318661083,1.54920263732217,2.32380395598325,3.09840527464433,3.87300659330541,
4.6476079119665,5.42220923062758,6.19681054928866,6.97141186794975,7.74601318661083,
8.52061450527191,9.29521582393299,10.0698171425941,10.8444184612552,11.6190197799162,
12.3936210985773,13.4264228567921,14.4592246150069,15.4920263732217,16.5248281314364,
17.9018971423895,19.2789661533425,20.6560351642955,21.6888369225103,22.7216386807251,
23.7544404389399,24.7872421971547,25.8200439553694,26.8528457135842,27.5413802190607,
28.9184492300138,29.6069837354903,30.2955182409668,30.9840527464433,32.1316102555708,
33.0496562628729,34.0824580210876,35.1152597793024,36.1480615375172,37.180863295732,
38.2136650539468,39.2464668121615,40.2792685703763,41.3120703285911,42.6891393395441,
44.0662083504972,45.4432773614502,46.8203463724032,48.1974153833563,49.5744843943093,
50.9515534052623,52.3286224162154,53.7056914271684,54.3942259326449,55.0827604381214,
56.4598294490745,57.8368984600275,58.8697002182423,59.9025019764571,60.9353037346718,
61.9681054928866,63.0009072511014,64.0337090093162,65.066510767531,66.0993125257457,
67.1321142839605,68.1649160421753,69.1977178003901,70.2305195586048,71.6075885695579,
72.9846575805109,74.3617265914639,75.136327910125,75.9109292287861,76.6855305474472,
77.4601318661083,78.2347331847694,79.0093345034304,79.7839358220915,80.5585371407526,
81.3331384594137,82.1077397780748,82.8823410967359,83.6569424153969,84.431543734058,
85.2061450527191,85.9807463713802,86.7369633509365),.UNSPECIFIED.);
#559=LINE('',#2397,#618);
#560=LINE('',#2426,#619);
#561=LINE('',#2450,#620);
#562=LINE('',#2480,#621);
#563=LINE('',#2518,#622);
#564=LINE('',#2556,#623);
#565=LINE('',#2592,#624);
#566=LINE('',#2631,#625);
#567=LINE('',#2649,#626);
#568=LINE('',#2672,#627);
#569=LINE('',#2710,#628);
#570=LINE('',#2748,#629);
#571=LINE('',#2785,#630);
#572=LINE('',#2820,#631);
#573=LINE('',#2842,#632);
#574=LINE('',#2862,#633);
#575=LINE('',#2892,#634);
#576=LINE('',#2904,#635);
#577=LINE('',#2915,#636);
#578=LINE('',#2955,#637);
#579=LINE('',#2983,#638);
#580=LINE('',#2988,#639);
#581=LINE('',#3015,#640);
#582=LINE('',#3019,#641);
#583=LINE('',#3050,#642);
#584=LINE('',#3054,#643);
#585=LINE('',#3081,#644);
#586=LINE('',#3085,#645);
#587=LINE('',#3090,#646);
#588=LINE('',#3117,#647);
#589=LINE('',#3121,#648);
#590=LINE('',#3152,#649);
#591=LINE('',#3384,#650);
#592=LINE('',#3393,#651);
#593=LINE('',#3409,#652);
#594=LINE('',#3413,#653);
#595=LINE('',#3416,#654);
#596=LINE('',#3420,#655);
#597=LINE('',#3424,#656);
#598=LINE('',#3428,#657);
#599=LINE('',#3479,#658);
#600=LINE('',#3568,#659);
#601=LINE('',#3569,#660);
#602=LINE('',#3766,#661);
#603=LINE('',#3767,#662);
#604=LINE('',#3964,#663);
#605=LINE('',#3965,#664);
#606=LINE('',#4049,#665);
#607=LINE('',#4058,#666);
#608=LINE('',#4066,#667);
#609=LINE('',#4153,#668);
#610=LINE('',#4278,#669);
#611=LINE('',#4280,#670);
#612=LINE('',#4927,#671);
#613=LINE('',#5748,#672);
#614=LINE('',#5750,#673);
#615=LINE('',#6318,#674);
#616=LINE('',#7635,#675);
#617=LINE('',#7665,#676);
#618=VECTOR('',#2004,21.785);
#619=VECTOR('',#2009,21.785);
#620=VECTOR('',#2012,10.);
#621=VECTOR('',#2015,21.785);
#622=VECTOR('',#2018,21.785);
#623=VECTOR('',#2021,21.785);
#624=VECTOR('',#2024,21.785);
#625=VECTOR('',#2027,20.163);
#626=VECTOR('',#2028,10.);
#627=VECTOR('',#2031,20.163);
#628=VECTOR('',#2034,20.163);
#629=VECTOR('',#2037,20.163);
#630=VECTOR('',#2040,20.163);
#631=VECTOR('',#2047,20.163);
#632=VECTOR('',#2048,10.);
#633=VECTOR('',#2049,20.163);
#634=VECTOR('',#2064,21.1137500000003);
#635=VECTOR('',#2079,21.7090267916177);
#636=VECTOR('',#2094,24.1647130254264);
#637=VECTOR('',#2101,10.);
#638=VECTOR('',#2102,10.);
#639=VECTOR('',#2107,10.);
#640=VECTOR('',#2108,10.);
#641=VECTOR('',#2111,10.);
#642=VECTOR('',#2112,10.);
#643=VECTOR('',#2115,10.);
#644=VECTOR('',#2116,10.);
#645=VECTOR('',#2119,25.4);
#646=VECTOR('',#2124,10.);
#647=VECTOR('',#2125,10.);
#648=VECTOR('',#2128,10.);
#649=VECTOR('',#2129,10.);
#650=VECTOR('',#2176,16.8809296078459);
#651=VECTOR('',#2189,19.3476281568616);
#652=VECTOR('',#2210,25.4);
#653=VECTOR('',#2213,10.);
#654=VECTOR('',#2216,25.4);
#655=VECTOR('',#2219,10.);
#656=VECTOR('',#2222,10.);
#657=VECTOR('',#2225,10.);
#658=VECTOR('',#2250,17.0943448686348);
#659=VECTOR('',#2259,10.);
#660=VECTOR('',#2260,10.);
#661=VECTOR('',#2275,10.);
#662=VECTOR('',#2276,10.);
#663=VECTOR('',#2291,10.);
#664=VECTOR('',#2292,10.);
#665=VECTOR('',#2297,10.);
#666=VECTOR('',#2298,10.);
#667=VECTOR('',#2299,10.);
#668=VECTOR('',#2310,10.);
#669=VECTOR('',#2325,10.);
#670=VECTOR('',#2328,10.);
#671=VECTOR('',#2347,10.);
#672=VECTOR('',#2368,10.);
#673=VECTOR('',#2371,10.);
#674=VECTOR('',#2380,10.);
#675=VECTOR('',#2387,10.);
#676=VECTOR('',#2390,10.);
#677=VERTEX_POINT('',#2395);
#678=VERTEX_POINT('',#2396);
#679=VERTEX_POINT('',#2398);
#680=VERTEX_POINT('',#2415);
#681=VERTEX_POINT('',#2424);
#682=VERTEX_POINT('',#2425);
#683=VERTEX_POINT('',#2442);
#684=VERTEX_POINT('',#2444);
#685=VERTEX_POINT('',#2449);
#686=VERTEX_POINT('',#2451);
#687=VERTEX_POINT('',#2458);
#688=VERTEX_POINT('',#2478);
#689=VERTEX_POINT('',#2479);
#690=VERTEX_POINT('',#2516);
#691=VERTEX_POINT('',#2517);
#692=VERTEX_POINT('',#2554);
#693=VERTEX_POINT('',#2555);
#694=VERTEX_POINT('',#2590);
#695=VERTEX_POINT('',#2591);
#696=VERTEX_POINT('',#2629);
#697=VERTEX_POINT('',#2630);
#698=VERTEX_POINT('',#2632);
#699=VERTEX_POINT('',#2641);
#700=VERTEX_POINT('',#2648);
#701=VERTEX_POINT('',#2650);
#702=VERTEX_POINT('',#2670);
#703=VERTEX_POINT('',#2671);
#704=VERTEX_POINT('',#2708);
#705=VERTEX_POINT('',#2709);
#706=VERTEX_POINT('',#2746);
#707=VERTEX_POINT('',#2747);
#708=VERTEX_POINT('',#2783);
#709=VERTEX_POINT('',#2784);
#710=VERTEX_POINT('',#2815);
#711=VERTEX_POINT('',#2816);
#712=VERTEX_POINT('',#2819);
#713=VERTEX_POINT('',#2821);
#714=VERTEX_POINT('',#2830);
#715=VERTEX_POINT('',#2841);
#716=VERTEX_POINT('',#2843);
#717=VERTEX_POINT('',#2854);
#718=VERTEX_POINT('',#2861);
#719=VERTEX_POINT('',#2882);
#720=VERTEX_POINT('',#2883);
#721=VERTEX_POINT('',#2886);
#722=VERTEX_POINT('',#2890);
#723=VERTEX_POINT('',#2894);
#724=VERTEX_POINT('',#2897);
#725=VERTEX_POINT('',#2898);
#726=VERTEX_POINT('',#2903);
#727=VERTEX_POINT('',#2907);
#728=VERTEX_POINT('',#2909);
#729=VERTEX_POINT('',#2914);
#730=VERTEX_POINT('',#2926);
#731=VERTEX_POINT('',#2927);
#732=VERTEX_POINT('',#2954);
#733=VERTEX_POINT('',#2956);
#734=VERTEX_POINT('',#2985);
#735=VERTEX_POINT('',#2987);
#736=VERTEX_POINT('',#2989);
#737=VERTEX_POINT('',#3014);
#738=VERTEX_POINT('',#3016);
#739=VERTEX_POINT('',#3018);
#740=VERTEX_POINT('',#3020);
#741=VERTEX_POINT('',#3049);
#742=VERTEX_POINT('',#3051);
#743=VERTEX_POINT('',#3053);
#744=VERTEX_POINT('',#3055);
#745=VERTEX_POINT('',#3080);
#746=VERTEX_POINT('',#3082);
#747=VERTEX_POINT('',#3084);
#748=VERTEX_POINT('',#3087);
#749=VERTEX_POINT('',#3089);
#750=VERTEX_POINT('',#3091);
#751=VERTEX_POINT('',#3116);
#752=VERTEX_POINT('',#3118);
#753=VERTEX_POINT('',#3120);
#754=VERTEX_POINT('',#3122);
#755=VERTEX_POINT('',#3151);
#756=VERTEX_POINT('',#3368);
#757=VERTEX_POINT('',#3372);
#758=VERTEX_POINT('',#3373);
#759=VERTEX_POINT('',#3375);
#760=VERTEX_POINT('',#3380);
#761=VERTEX_POINT('',#3383);
#762=VERTEX_POINT('',#3387);
#763=VERTEX_POINT('',#3391);
#764=VERTEX_POINT('',#3397);
#765=VERTEX_POINT('',#3398);
#766=VERTEX_POINT('',#3400);
#767=VERTEX_POINT('',#3405);
#768=VERTEX_POINT('',#3408);
#769=VERTEX_POINT('',#3410);
#770=VERTEX_POINT('',#3412);
#771=VERTEX_POINT('',#3414);
#772=VERTEX_POINT('',#3417);
#773=VERTEX_POINT('',#3419);
#774=VERTEX_POINT('',#3422);
#775=VERTEX_POINT('',#3423);
#776=VERTEX_POINT('',#3425);
#777=VERTEX_POINT('',#3427);
#778=VERTEX_POINT('',#3431);
#779=VERTEX_POINT('',#3435);
#780=VERTEX_POINT('',#3473);
#781=VERTEX_POINT('',#3475);
#782=VERTEX_POINT('',#3504);
#783=VERTEX_POINT('',#3505);
#784=VERTEX_POINT('',#3549);
#785=VERTEX_POINT('',#3550);
#786=VERTEX_POINT('',#3565);
#787=VERTEX_POINT('',#3566);
#788=VERTEX_POINT('',#3600);
#789=VERTEX_POINT('',#3607);
#790=VERTEX_POINT('',#3702);
#791=VERTEX_POINT('',#3703);
#792=VERTEX_POINT('',#3747);
#793=VERTEX_POINT('',#3748);
#794=VERTEX_POINT('',#3763);
#795=VERTEX_POINT('',#3764);
#796=VERTEX_POINT('',#3798);
#797=VERTEX_POINT('',#3805);
#798=VERTEX_POINT('',#3900);
#799=VERTEX_POINT('',#3901);
#800=VERTEX_POINT('',#3945);
#801=VERTEX_POINT('',#3946);
#802=VERTEX_POINT('',#3961);
#803=VERTEX_POINT('',#3962);
#804=VERTEX_POINT('',#3996);
#805=VERTEX_POINT('',#4003);
#806=VERTEX_POINT('',#4048);
#807=VERTEX_POINT('',#4050);
#808=VERTEX_POINT('',#4057);
#809=VERTEX_POINT('',#4059);
#810=VERTEX_POINT('',#4098);
#811=VERTEX_POINT('',#4142);
#812=VERTEX_POINT('',#4151);
#813=VERTEX_POINT('',#4184);
#814=VERTEX_POINT('',#4307);
#815=VERTEX_POINT('',#4312);
#816=VERTEX_POINT('',#4339);
#817=VERTEX_POINT('',#4340);
#818=VERTEX_POINT('',#4375);
#819=VERTEX_POINT('',#4381);
#820=VERTEX_POINT('',#4767);
#821=VERTEX_POINT('',#4877);
#822=VERTEX_POINT('',#4916);
#823=VERTEX_POINT('',#4925);
#824=VERTEX_POINT('',#4948);
#825=VERTEX_POINT('',#4974);
#826=VERTEX_POINT('',#4980);
#827=VERTEX_POINT('',#5007);
#828=VERTEX_POINT('',#5047);
#829=VERTEX_POINT('',#5525);
#830=VERTEX_POINT('',#5546);
#831=VERTEX_POINT('',#5667);
#832=VERTEX_POINT('',#5673);
#833=VERTEX_POINT('',#5700);
#834=VERTEX_POINT('',#5701);
#835=VERTEX_POINT('',#6112);
#836=VERTEX_POINT('',#6216);
#837=VERTEX_POINT('',#6249);
#838=VERTEX_POINT('',#6255);
#839=VERTEX_POINT('',#6647);
#840=VERTEX_POINT('',#6652);
#841=VERTEX_POINT('',#6683);
#842=VERTEX_POINT('',#6725);
#843=EDGE_CURVE('',#677,#678,#559,.T.);
#844=EDGE_CURVE('',#679,#677,#445,.T.);
#845=EDGE_CURVE('',#680,#679,#446,.T.);
#846=EDGE_CURVE('',#678,#680,#352,.F.);
#847=EDGE_CURVE('',#681,#682,#560,.T.);
#848=EDGE_CURVE('',#677,#681,#447,.T.);
#849=EDGE_CURVE('',#683,#678,#353,.F.);
#850=EDGE_CURVE('',#684,#683,#448,.T.);
#851=EDGE_CURVE('',#685,#684,#561,.T.);
#852=EDGE_CURVE('',#686,#685,#449,.T.);
#853=EDGE_CURVE('',#687,#686,#450,.T.);
#854=EDGE_CURVE('',#682,#687,#451,.T.);
#855=EDGE_CURVE('',#688,#689,#562,.T.);
#856=EDGE_CURVE('',#681,#688,#452,.T.);
#857=EDGE_CURVE('',#689,#682,#453,.T.);
#858=EDGE_CURVE('',#690,#691,#563,.T.);
#859=EDGE_CURVE('',#688,#690,#454,.T.);
#860=EDGE_CURVE('',#691,#689,#455,.T.);
#861=EDGE_CURVE('',#692,#693,#564,.T.);
#862=EDGE_CURVE('',#690,#692,#456,.T.);
#863=EDGE_CURVE('',#693,#691,#457,.T.);
#864=EDGE_CURVE('',#694,#695,#565,.T.);
#865=EDGE_CURVE('',#692,#694,#458,.T.);
#866=EDGE_CURVE('',#695,#693,#459,.T.);
#867=EDGE_CURVE('',#696,#697,#566,.T.);
#868=EDGE_CURVE('',#698,#696,#460,.T.);
#869=EDGE_CURVE('',#699,#698,#461,.T.);
#870=EDGE_CURVE('',#700,#699,#567,.T.);
#871=EDGE_CURVE('',#701,#700,#462,.T.);
#872=EDGE_CURVE('',#697,#701,#463,.T.);
#873=EDGE_CURVE('',#702,#703,#568,.T.);
#874=EDGE_CURVE('',#696,#702,#464,.T.);
#875=EDGE_CURVE('',#703,#697,#465,.T.);
#876=EDGE_CURVE('',#704,#705,#569,.T.);
#877=EDGE_CURVE('',#702,#704,#466,.T.);
#878=EDGE_CURVE('',#705,#703,#467,.T.);
#879=EDGE_CURVE('',#706,#707,#570,.T.);
#880=EDGE_CURVE('',#704,#706,#468,.T.);
#881=EDGE_CURVE('',#707,#705,#469,.T.);
#882=EDGE_CURVE('',#708,#709,#571,.T.);
#883=EDGE_CURVE('',#706,#708,#470,.T.);
#884=EDGE_CURVE('',#709,#707,#471,.T.);
#885=EDGE_CURVE('',#710,#711,#354,.T.);
#886=EDGE_CURVE('',#711,#710,#355,.T.);
#887=EDGE_CURVE('',#711,#712,#572,.T.);
#888=EDGE_CURVE('',#713,#712,#472,.T.);
#889=EDGE_CURVE('',#714,#713,#473,.F.);
#890=EDGE_CURVE('',#715,#714,#573,.T.);
#891=EDGE_CURVE('',#716,#715,#474,.F.);
#892=EDGE_CURVE('',#717,#716,#475,.T.);
#893=EDGE_CURVE('',#717,#718,#574,.T.);
#894=EDGE_CURVE('',#712,#718,#476,.T.);
#895=EDGE_CURVE('',#719,#720,#356,.T.);
#896=EDGE_CURVE('',#720,#719,#357,.T.);
#897=EDGE_CURVE('',#719,#721,#358,.T.);
#898=EDGE_CURVE('',#721,#721,#359,.T.);
#899=EDGE_CURVE('',#722,#722,#360,.T.);
#900=EDGE_CURVE('',#722,#720,#575,.T.);
#901=EDGE_CURVE('',#723,#723,#361,.T.);
#902=EDGE_CURVE('',#724,#725,#362,.T.);
#903=EDGE_CURVE('',#725,#722,#363,.T.);
#904=EDGE_CURVE('',#725,#724,#364,.T.);
#905=EDGE_CURVE('',#724,#726,#576,.T.);
#906=EDGE_CURVE('',#726,#726,#365,.T.);
#907=EDGE_CURVE('',#727,#727,#366,.T.);
#908=EDGE_CURVE('',#727,#728,#367,.T.);
#909=EDGE_CURVE('',#728,#728,#368,.T.);
#910=EDGE_CURVE('',#728,#729,#577,.T.);
#911=EDGE_CURVE('',#729,#729,#369,.T.);
#912=EDGE_CURVE('',#730,#731,#477,.T.);
#913=EDGE_CURVE('',#730,#731,#370,.T.);
#914=EDGE_CURVE('',#732,#730,#578,.T.);
#915=EDGE_CURVE('',#733,#732,#478,.T.);
#916=EDGE_CURVE('',#731,#733,#579,.T.);
#917=EDGE_CURVE('',#734,#733,#371,.T.);
#918=EDGE_CURVE('',#734,#735,#580,.T.);
#919=EDGE_CURVE('',#735,#736,#479,.T.);
#920=EDGE_CURVE('',#736,#737,#581,.T.);
#921=EDGE_CURVE('',#738,#737,#372,.T.);
#922=EDGE_CURVE('',#738,#739,#582,.T.);
#923=EDGE_CURVE('',#739,#740,#480,.T.);
#924=EDGE_CURVE('',#740,#741,#583,.T.);
#925=EDGE_CURVE('',#742,#741,#373,.T.);
#926=EDGE_CURVE('',#742,#743,#584,.T.);
#927=EDGE_CURVE('',#743,#744,#481,.T.);
#928=EDGE_CURVE('',#744,#745,#585,.T.);
#929=EDGE_CURVE('',#746,#745,#374,.T.);
#930=EDGE_CURVE('',#746,#747,#586,.T.);
#931=EDGE_CURVE('',#747,#747,#375,.T.);
#932=EDGE_CURVE('',#748,#746,#376,.T.);
#933=EDGE_CURVE('',#748,#749,#587,.T.);
#934=EDGE_CURVE('',#749,#750,#482,.T.);
#935=EDGE_CURVE('',#750,#751,#588,.T.);
#936=EDGE_CURVE('',#752,#751,#377,.T.);
#937=EDGE_CURVE('',#752,#753,#589,.T.);
#938=EDGE_CURVE('',#753,#754,#483,.T.);
#939=EDGE_CURVE('',#754,#755,#590,.T.);
#940=EDGE_CURVE('',#732,#755,#378,.T.);
#941=EDGE_CURVE('',#735,#736,#379,.T.);
#942=EDGE_CURVE('',#737,#734,#484,.T.);
#943=EDGE_CURVE('',#729,#746,#380,.T.);
#944=EDGE_CURVE('',#745,#742,#485,.T.);
#945=EDGE_CURVE('',#741,#738,#486,.T.);
#946=EDGE_CURVE('',#755,#752,#487,.T.);
#947=EDGE_CURVE('',#751,#748,#488,.T.);
#948=EDGE_CURVE('',#739,#740,#381,.T.);
#949=EDGE_CURVE('',#743,#744,#382,.T.);
#950=EDGE_CURVE('',#749,#750,#383,.T.);
#951=EDGE_CURVE('',#753,#754,#384,.T.);
#952=EDGE_CURVE('',#756,#756,#385,.T.);
#953=EDGE_CURVE('',#756,#747,#386,.T.);
#954=EDGE_CURVE('',#757,#758,#387,.T.);
#955=EDGE_CURVE('',#758,#759,#388,.T.);
#956=EDGE_CURVE('',#759,#759,#389,.T.);
#957=EDGE_CURVE('',#758,#757,#390,.T.);
#958=EDGE_CURVE('',#760,#760,#391,.T.);
#959=EDGE_CURVE('',#757,#761,#591,.T.);
#960=EDGE_CURVE('',#761,#761,#392,.T.);
#961=EDGE_CURVE('',#760,#762,#393,.T.);
#962=EDGE_CURVE('',#762,#762,#394,.T.);
#963=EDGE_CURVE('',#763,#763,#395,.T.);
#964=EDGE_CURVE('',#763,#762,#592,.T.);
#965=EDGE_CURVE('',#723,#763,#396,.T.);
#966=EDGE_CURVE('',#764,#765,#397,.T.);
#967=EDGE_CURVE('',#765,#766,#398,.T.);
#968=EDGE_CURVE('',#766,#766,#399,.T.);
#969=EDGE_CURVE('',#765,#764,#400,.T.);
#970=EDGE_CURVE('',#767,#767,#401,.T.);
#971=EDGE_CURVE('',#756,#768,#593,.T.);
#972=EDGE_CURVE('',#769,#768,#61,.T.);
#973=EDGE_CURVE('',#769,#770,#594,.T.);
#974=EDGE_CURVE('',#771,#770,#62,.T.);
#975=EDGE_CURVE('',#771,#764,#595,.T.);
#976=EDGE_CURVE('',#772,#771,#63,.T.);
#977=EDGE_CURVE('',#772,#773,#596,.T.);
#978=EDGE_CURVE('',#768,#773,#64,.T.);
#979=EDGE_CURVE('',#774,#775,#597,.T.);
#980=EDGE_CURVE('',#776,#775,#65,.T.);
#981=EDGE_CURVE('',#776,#777,#598,.T.);
#982=EDGE_CURVE('',#774,#777,#66,.T.);
#983=EDGE_CURVE('',#778,#778,#402,.T.);
#984=EDGE_CURVE('',#778,#710,#403,.T.);
#985=EDGE_CURVE('',#779,#779,#404,.T.);
#986=EDGE_CURVE('',#708,#717,#489,.T.);
#987=EDGE_CURVE('',#718,#709,#490,.T.);
#988=EDGE_CURVE('',#779,#780,#405,.T.);
#989=EDGE_CURVE('',#780,#781,#406,.T.);
#990=EDGE_CURVE('',#781,#780,#407,.T.);
#991=EDGE_CURVE('',#761,#781,#599,.T.);
#992=EDGE_CURVE('',#782,#783,#408,.T.);
#993=EDGE_CURVE('',#783,#772,#491,.T.);
#994=EDGE_CURVE('',#772,#782,#492,.T.);
#995=EDGE_CURVE('',#784,#785,#409,.T.);
#996=EDGE_CURVE('',#785,#783,#493,.T.);
#997=EDGE_CURVE('',#782,#784,#494,.T.);
#998=EDGE_CURVE('',#786,#787,#410,.T.);
#999=EDGE_CURVE('',#787,#785,#600,.T.);
#1000=EDGE_CURVE('',#784,#786,#601,.T.);
#1001=EDGE_CURVE('',#786,#788,#495,.T.);
#1002=EDGE_CURVE('',#788,#789,#411,.T.);
#1003=EDGE_CURVE('',#789,#787,#496,.T.);
#1004=EDGE_CURVE('',#788,#770,#497,.T.);
#1005=EDGE_CURVE('',#770,#789,#498,.T.);
#1006=EDGE_CURVE('',#786,#784,#67,.T.);
#1007=EDGE_CURVE('',#790,#791,#412,.T.);
#1008=EDGE_CURVE('',#791,#769,#499,.T.);
#1009=EDGE_CURVE('',#769,#790,#500,.T.);
#1010=EDGE_CURVE('',#792,#793,#413,.T.);
#1011=EDGE_CURVE('',#793,#791,#501,.T.);
#1012=EDGE_CURVE('',#790,#792,#502,.T.);
#1013=EDGE_CURVE('',#794,#795,#414,.T.);
#1014=EDGE_CURVE('',#795,#793,#602,.T.);
#1015=EDGE_CURVE('',#792,#794,#603,.T.);
#1016=EDGE_CURVE('',#794,#796,#503,.T.);
#1017=EDGE_CURVE('',#796,#797,#415,.T.);
#1018=EDGE_CURVE('',#797,#795,#504,.T.);
#1019=EDGE_CURVE('',#796,#773,#505,.T.);
#1020=EDGE_CURVE('',#773,#797,#506,.T.);
#1021=EDGE_CURVE('',#794,#792,#68,.T.);
#1022=EDGE_CURVE('',#798,#799,#416,.T.);
#1023=EDGE_CURVE('',#799,#777,#507,.T.);
#1024=EDGE_CURVE('',#777,#798,#508,.T.);
#1025=EDGE_CURVE('',#800,#801,#417,.T.);
#1026=EDGE_CURVE('',#801,#799,#509,.T.);
#1027=EDGE_CURVE('',#798,#800,#510,.T.);
#1028=EDGE_CURVE('',#802,#803,#418,.T.);
#1029=EDGE_CURVE('',#803,#801,#604,.T.);
#1030=EDGE_CURVE('',#800,#802,#605,.T.);
#1031=EDGE_CURVE('',#802,#804,#511,.T.);
#1032=EDGE_CURVE('',#804,#805,#419,.T.);
#1033=EDGE_CURVE('',#805,#803,#512,.T.);
#1034=EDGE_CURVE('',#804,#774,#513,.T.);
#1035=EDGE_CURVE('',#774,#805,#514,.T.);
#1036=EDGE_CURVE('',#806,#798,#606,.T.);
#1037=EDGE_CURVE('',#807,#806,#515,.T.);
#1038=EDGE_CURVE('',#808,#807,#607,.T.);
#1039=EDGE_CURVE('',#809,#808,#516,.T.);
#1040=EDGE_CURVE('',#804,#809,#608,.T.);
#1041=EDGE_CURVE('',#806,#776,#517,.T.);
#1042=EDGE_CURVE('',#809,#810,#420,.T.);
#1043=EDGE_CURVE('',#810,#775,#518,.T.);
#1044=EDGE_CURVE('',#775,#809,#519,.T.);
#1045=EDGE_CURVE('',#808,#811,#421,.T.);
#1046=EDGE_CURVE('',#811,#810,#520,.T.);
#1047=EDGE_CURVE('',#807,#812,#422,.T.);
#1048=EDGE_CURVE('',#812,#811,#609,.T.);
#1049=EDGE_CURVE('',#806,#813,#423,.T.);
#1050=EDGE_CURVE('',#813,#812,#521,.T.);
#1051=EDGE_CURVE('',#776,#813,#522,.T.);
#1052=EDGE_CURVE('',#801,#803,#69,.T.);
#1053=EDGE_CURVE('',#811,#812,#70,.T.);
#1054=EDGE_CURVE('',#783,#797,#610,.T.);
#1055=EDGE_CURVE('',#791,#789,#611,.T.);
#1056=EDGE_CURVE('',#715,#814,#523,.T.);
#1057=EDGE_CURVE('',#814,#815,#424,.T.);
#1058=EDGE_CURVE('',#815,#716,#524,.T.);
#1059=EDGE_CURVE('',#816,#817,#425,.T.);
#1060=EDGE_CURVE('',#817,#815,#525,.T.);
#1061=EDGE_CURVE('',#814,#816,#526,.T.);
#1062=EDGE_CURVE('',#816,#818,#527,.T.);
#1063=EDGE_CURVE('',#818,#819,#426,.T.);
#1064=EDGE_CURVE('',#819,#817,#528,.T.);
#1065=EDGE_CURVE('',#818,#695,#529,.T.);
#1066=EDGE_CURVE('',#687,#820,#427,.T.);
#1067=EDGE_CURVE('',#820,#819,#530,.T.);
#1068=EDGE_CURVE('',#686,#821,#428,.T.);
#1069=EDGE_CURVE('',#821,#820,#531,.T.);
#1070=EDGE_CURVE('',#685,#822,#429,.T.);
#1071=EDGE_CURVE('',#822,#821,#532,.T.);
#1072=EDGE_CURVE('',#684,#823,#430,.T.);
#1073=EDGE_CURVE('',#823,#822,#612,.T.);
#1074=EDGE_CURVE('',#683,#824,#431,.T.);
#1075=EDGE_CURVE('',#824,#823,#533,.T.);
#1076=EDGE_CURVE('',#683,#825,#534,.T.);
#1077=EDGE_CURVE('',#825,#826,#432,.T.);
#1078=EDGE_CURVE('',#826,#824,#535,.T.);
#1079=EDGE_CURVE('',#680,#827,#433,.T.);
#1080=EDGE_CURVE('',#827,#826,#536,.T.);
#1081=EDGE_CURVE('',#825,#680,#537,.T.);
#1082=EDGE_CURVE('',#679,#828,#434,.T.);
#1083=EDGE_CURVE('',#828,#827,#538,.T.);
#1084=EDGE_CURVE('',#694,#829,#539,.T.);
#1085=EDGE_CURVE('',#829,#830,#435,.T.);
#1086=EDGE_CURVE('',#830,#828,#540,.T.);
#1087=EDGE_CURVE('',#829,#831,#541,.T.);
#1088=EDGE_CURVE('',#831,#832,#436,.T.);
#1089=EDGE_CURVE('',#832,#830,#542,.T.);
#1090=EDGE_CURVE('',#833,#834,#437,.T.);
#1091=EDGE_CURVE('',#834,#832,#543,.T.);
#1092=EDGE_CURVE('',#831,#833,#544,.T.);
#1093=EDGE_CURVE('',#713,#834,#545,.T.);
#1094=EDGE_CURVE('',#833,#714,#546,.T.);
#1095=EDGE_CURVE('',#767,#678,#438,.T.);
#1096=EDGE_CURVE('',#829,#818,#613,.T.);
#1097=EDGE_CURVE('',#816,#831,#614,.T.);
#1098=EDGE_CURVE('',#815,#835,#547,.T.);
#1099=EDGE_CURVE('',#835,#698,#439,.T.);
#1100=EDGE_CURVE('',#836,#699,#440,.T.);
#1101=EDGE_CURVE('',#835,#836,#548,.T.);
#1102=EDGE_CURVE('',#836,#837,#549,.T.);
#1103=EDGE_CURVE('',#837,#838,#441,.T.);
#1104=EDGE_CURVE('',#838,#699,#550,.T.);
#1105=EDGE_CURVE('',#822,#838,#551,.T.);
#1106=EDGE_CURVE('',#837,#821,#552,.T.);
#1107=EDGE_CURVE('',#835,#820,#615,.T.);
#1108=EDGE_CURVE('',#826,#839,#553,.T.);
#1109=EDGE_CURVE('',#839,#840,#442,.T.);
#1110=EDGE_CURVE('',#840,#823,#554,.T.);
#1111=EDGE_CURVE('',#839,#841,#555,.T.);
#1112=EDGE_CURVE('',#841,#700,#443,.T.);
#1113=EDGE_CURVE('',#700,#840,#556,.T.);
#1114=EDGE_CURVE('',#842,#701,#444,.T.);
#1115=EDGE_CURVE('',#841,#842,#557,.T.);
#1116=EDGE_CURVE('',#842,#834,#558,.T.);
#1117=EDGE_CURVE('',#828,#842,#616,.T.);
#1118=EDGE_CURVE('',#838,#840,#617,.T.);
#1119=ORIENTED_EDGE('',*,*,#843,.F.);
#1120=ORIENTED_EDGE('',*,*,#844,.F.);
#1121=ORIENTED_EDGE('',*,*,#845,.F.);
#1122=ORIENTED_EDGE('',*,*,#846,.F.);
#1123=ORIENTED_EDGE('',*,*,#847,.F.);
#1124=ORIENTED_EDGE('',*,*,#848,.F.);
#1125=ORIENTED_EDGE('',*,*,#843,.T.);
#1126=ORIENTED_EDGE('',*,*,#849,.F.);
#1127=ORIENTED_EDGE('',*,*,#850,.F.);
#1128=ORIENTED_EDGE('',*,*,#851,.F.);
#1129=ORIENTED_EDGE('',*,*,#852,.F.);
#1130=ORIENTED_EDGE('',*,*,#853,.F.);
#1131=ORIENTED_EDGE('',*,*,#854,.F.);
#1132=ORIENTED_EDGE('',*,*,#855,.F.);
#1133=ORIENTED_EDGE('',*,*,#856,.F.);
#1134=ORIENTED_EDGE('',*,*,#847,.T.);
#1135=ORIENTED_EDGE('',*,*,#857,.F.);
#1136=ORIENTED_EDGE('',*,*,#858,.F.);
#1137=ORIENTED_EDGE('',*,*,#859,.F.);
#1138=ORIENTED_EDGE('',*,*,#855,.T.);
#1139=ORIENTED_EDGE('',*,*,#860,.F.);
#1140=ORIENTED_EDGE('',*,*,#861,.F.);
#1141=ORIENTED_EDGE('',*,*,#862,.F.);
#1142=ORIENTED_EDGE('',*,*,#858,.T.);
#1143=ORIENTED_EDGE('',*,*,#863,.F.);
#1144=ORIENTED_EDGE('',*,*,#864,.F.);
#1145=ORIENTED_EDGE('',*,*,#865,.F.);
#1146=ORIENTED_EDGE('',*,*,#861,.T.);
#1147=ORIENTED_EDGE('',*,*,#866,.F.);
#1148=ORIENTED_EDGE('',*,*,#867,.F.);
#1149=ORIENTED_EDGE('',*,*,#868,.F.);
#1150=ORIENTED_EDGE('',*,*,#869,.F.);
#1151=ORIENTED_EDGE('',*,*,#870,.F.);
#1152=ORIENTED_EDGE('',*,*,#871,.F.);
#1153=ORIENTED_EDGE('',*,*,#872,.F.);
#1154=ORIENTED_EDGE('',*,*,#873,.F.);
#1155=ORIENTED_EDGE('',*,*,#874,.F.);
#1156=ORIENTED_EDGE('',*,*,#867,.T.);
#1157=ORIENTED_EDGE('',*,*,#875,.F.);
#1158=ORIENTED_EDGE('',*,*,#876,.F.);
#1159=ORIENTED_EDGE('',*,*,#877,.F.);
#1160=ORIENTED_EDGE('',*,*,#873,.T.);
#1161=ORIENTED_EDGE('',*,*,#878,.F.);
#1162=ORIENTED_EDGE('',*,*,#879,.F.);
#1163=ORIENTED_EDGE('',*,*,#880,.F.);
#1164=ORIENTED_EDGE('',*,*,#876,.T.);
#1165=ORIENTED_EDGE('',*,*,#881,.F.);
#1166=ORIENTED_EDGE('',*,*,#882,.F.);
#1167=ORIENTED_EDGE('',*,*,#883,.F.);
#1168=ORIENTED_EDGE('',*,*,#879,.T.);
#1169=ORIENTED_EDGE('',*,*,#884,.F.);
#1170=ORIENTED_EDGE('',*,*,#885,.F.);
#1171=ORIENTED_EDGE('',*,*,#886,.F.);
#1172=ORIENTED_EDGE('',*,*,#887,.T.);
#1173=ORIENTED_EDGE('',*,*,#888,.F.);
#1174=ORIENTED_EDGE('',*,*,#889,.F.);
#1175=ORIENTED_EDGE('',*,*,#890,.F.);
#1176=ORIENTED_EDGE('',*,*,#891,.F.);
#1177=ORIENTED_EDGE('',*,*,#892,.F.);
#1178=ORIENTED_EDGE('',*,*,#893,.T.);
#1179=ORIENTED_EDGE('',*,*,#894,.F.);
#1180=ORIENTED_EDGE('',*,*,#887,.F.);
#1181=ORIENTED_EDGE('',*,*,#895,.T.);
#1182=ORIENTED_EDGE('',*,*,#896,.T.);
#1183=ORIENTED_EDGE('',*,*,#897,.T.);
#1184=ORIENTED_EDGE('',*,*,#898,.T.);
#1185=ORIENTED_EDGE('',*,*,#897,.F.);
#1186=ORIENTED_EDGE('',*,*,#899,.F.);
#1187=ORIENTED_EDGE('',*,*,#900,.T.);
#1188=ORIENTED_EDGE('',*,*,#895,.F.);
#1189=ORIENTED_EDGE('',*,*,#896,.F.);
#1190=ORIENTED_EDGE('',*,*,#900,.F.);
#1191=ORIENTED_EDGE('',*,*,#898,.F.);
#1192=ORIENTED_EDGE('',*,*,#901,.F.);
#1193=ORIENTED_EDGE('',*,*,#902,.T.);
#1194=ORIENTED_EDGE('',*,*,#903,.T.);
#1195=ORIENTED_EDGE('',*,*,#899,.T.);
#1196=ORIENTED_EDGE('',*,*,#903,.F.);
#1197=ORIENTED_EDGE('',*,*,#904,.T.);
#1198=ORIENTED_EDGE('',*,*,#902,.F.);
#1199=ORIENTED_EDGE('',*,*,#905,.T.);
#1200=ORIENTED_EDGE('',*,*,#906,.T.);
#1201=ORIENTED_EDGE('',*,*,#905,.F.);
#1202=ORIENTED_EDGE('',*,*,#904,.F.);
#1203=ORIENTED_EDGE('',*,*,#907,.T.);
#1204=ORIENTED_EDGE('',*,*,#908,.T.);
#1205=ORIENTED_EDGE('',*,*,#909,.T.);
#1206=ORIENTED_EDGE('',*,*,#908,.F.);
#1207=ORIENTED_EDGE('',*,*,#907,.F.);
#1208=ORIENTED_EDGE('',*,*,#906,.F.);
#1209=ORIENTED_EDGE('',*,*,#909,.F.);
#1210=ORIENTED_EDGE('',*,*,#910,.T.);
#1211=ORIENTED_EDGE('',*,*,#911,.T.);
#1212=ORIENTED_EDGE('',*,*,#910,.F.);
#1213=ORIENTED_EDGE('',*,*,#912,.F.);
#1214=ORIENTED_EDGE('',*,*,#913,.T.);
#1215=ORIENTED_EDGE('',*,*,#914,.F.);
#1216=ORIENTED_EDGE('',*,*,#915,.F.);
#1217=ORIENTED_EDGE('',*,*,#916,.F.);
#1218=ORIENTED_EDGE('',*,*,#913,.F.);
#1219=ORIENTED_EDGE('',*,*,#914,.T.);
#1220=ORIENTED_EDGE('',*,*,#912,.T.);
#1221=ORIENTED_EDGE('',*,*,#916,.T.);
#1222=ORIENTED_EDGE('',*,*,#917,.F.);
#1223=ORIENTED_EDGE('',*,*,#918,.T.);
#1224=ORIENTED_EDGE('',*,*,#919,.T.);
#1225=ORIENTED_EDGE('',*,*,#920,.T.);
#1226=ORIENTED_EDGE('',*,*,#921,.F.);
#1227=ORIENTED_EDGE('',*,*,#922,.T.);
#1228=ORIENTED_EDGE('',*,*,#923,.T.);
#1229=ORIENTED_EDGE('',*,*,#924,.T.);
#1230=ORIENTED_EDGE('',*,*,#925,.F.);
#1231=ORIENTED_EDGE('',*,*,#926,.T.);
#1232=ORIENTED_EDGE('',*,*,#927,.T.);
#1233=ORIENTED_EDGE('',*,*,#928,.T.);
#1234=ORIENTED_EDGE('',*,*,#929,.F.);
#1235=ORIENTED_EDGE('',*,*,#930,.T.);
#1236=ORIENTED_EDGE('',*,*,#931,.T.);
#1237=ORIENTED_EDGE('',*,*,#930,.F.);
#1238=ORIENTED_EDGE('',*,*,#932,.F.);
#1239=ORIENTED_EDGE('',*,*,#933,.T.);
#1240=ORIENTED_EDGE('',*,*,#934,.T.);
#1241=ORIENTED_EDGE('',*,*,#935,.T.);
#1242=ORIENTED_EDGE('',*,*,#936,.F.);
#1243=ORIENTED_EDGE('',*,*,#937,.T.);
#1244=ORIENTED_EDGE('',*,*,#938,.T.);
#1245=ORIENTED_EDGE('',*,*,#939,.T.);
#1246=ORIENTED_EDGE('',*,*,#940,.F.);
#1247=ORIENTED_EDGE('',*,*,#920,.F.);
#1248=ORIENTED_EDGE('',*,*,#941,.F.);
#1249=ORIENTED_EDGE('',*,*,#918,.F.);
#1250=ORIENTED_EDGE('',*,*,#942,.F.);
#1251=ORIENTED_EDGE('',*,*,#919,.F.);
#1252=ORIENTED_EDGE('',*,*,#941,.T.);
#1253=ORIENTED_EDGE('',*,*,#911,.F.);
#1254=ORIENTED_EDGE('',*,*,#943,.T.);
#1255=ORIENTED_EDGE('',*,*,#929,.T.);
#1256=ORIENTED_EDGE('',*,*,#944,.T.);
#1257=ORIENTED_EDGE('',*,*,#925,.T.);
#1258=ORIENTED_EDGE('',*,*,#945,.T.);
#1259=ORIENTED_EDGE('',*,*,#921,.T.);
#1260=ORIENTED_EDGE('',*,*,#942,.T.);
#1261=ORIENTED_EDGE('',*,*,#917,.T.);
#1262=ORIENTED_EDGE('',*,*,#915,.T.);
#1263=ORIENTED_EDGE('',*,*,#940,.T.);
#1264=ORIENTED_EDGE('',*,*,#946,.T.);
#1265=ORIENTED_EDGE('',*,*,#936,.T.);
#1266=ORIENTED_EDGE('',*,*,#947,.T.);
#1267=ORIENTED_EDGE('',*,*,#932,.T.);
#1268=ORIENTED_EDGE('',*,*,#943,.F.);
#1269=ORIENTED_EDGE('',*,*,#923,.F.);
#1270=ORIENTED_EDGE('',*,*,#948,.T.);
#1271=ORIENTED_EDGE('',*,*,#922,.F.);
#1272=ORIENTED_EDGE('',*,*,#945,.F.);
#1273=ORIENTED_EDGE('',*,*,#924,.F.);
#1274=ORIENTED_EDGE('',*,*,#948,.F.);
#1275=ORIENTED_EDGE('',*,*,#928,.F.);
#1276=ORIENTED_EDGE('',*,*,#949,.F.);
#1277=ORIENTED_EDGE('',*,*,#926,.F.);
#1278=ORIENTED_EDGE('',*,*,#944,.F.);
#1279=ORIENTED_EDGE('',*,*,#927,.F.);
#1280=ORIENTED_EDGE('',*,*,#949,.T.);
#1281=ORIENTED_EDGE('',*,*,#934,.F.);
#1282=ORIENTED_EDGE('',*,*,#950,.T.);
#1283=ORIENTED_EDGE('',*,*,#933,.F.);
#1284=ORIENTED_EDGE('',*,*,#947,.F.);
#1285=ORIENTED_EDGE('',*,*,#935,.F.);
#1286=ORIENTED_EDGE('',*,*,#950,.F.);
#1287=ORIENTED_EDGE('',*,*,#939,.F.);
#1288=ORIENTED_EDGE('',*,*,#951,.F.);
#1289=ORIENTED_EDGE('',*,*,#937,.F.);
#1290=ORIENTED_EDGE('',*,*,#946,.F.);
#1291=ORIENTED_EDGE('',*,*,#938,.F.);
#1292=ORIENTED_EDGE('',*,*,#951,.T.);
#1293=ORIENTED_EDGE('',*,*,#952,.T.);
#1294=ORIENTED_EDGE('',*,*,#953,.T.);
#1295=ORIENTED_EDGE('',*,*,#931,.F.);
#1296=ORIENTED_EDGE('',*,*,#953,.F.);
#1297=ORIENTED_EDGE('',*,*,#954,.T.);
#1298=ORIENTED_EDGE('',*,*,#955,.T.);
#1299=ORIENTED_EDGE('',*,*,#956,.T.);
#1300=ORIENTED_EDGE('',*,*,#955,.F.);
#1301=ORIENTED_EDGE('',*,*,#957,.T.);
#1302=ORIENTED_EDGE('',*,*,#958,.F.);
#1303=ORIENTED_EDGE('',*,*,#956,.F.);
#1304=ORIENTED_EDGE('',*,*,#954,.F.);
#1305=ORIENTED_EDGE('',*,*,#959,.T.);
#1306=ORIENTED_EDGE('',*,*,#960,.F.);
#1307=ORIENTED_EDGE('',*,*,#959,.F.);
#1308=ORIENTED_EDGE('',*,*,#957,.F.);
#1309=ORIENTED_EDGE('',*,*,#958,.T.);
#1310=ORIENTED_EDGE('',*,*,#961,.T.);
#1311=ORIENTED_EDGE('',*,*,#962,.T.);
#1312=ORIENTED_EDGE('',*,*,#961,.F.);
#1313=ORIENTED_EDGE('',*,*,#963,.F.);
#1314=ORIENTED_EDGE('',*,*,#964,.T.);
#1315=ORIENTED_EDGE('',*,*,#962,.F.);
#1316=ORIENTED_EDGE('',*,*,#964,.F.);
#1317=ORIENTED_EDGE('',*,*,#901,.T.);
#1318=ORIENTED_EDGE('',*,*,#965,.T.);
#1319=ORIENTED_EDGE('',*,*,#963,.T.);
#1320=ORIENTED_EDGE('',*,*,#965,.F.);
#1321=ORIENTED_EDGE('',*,*,#966,.T.);
#1322=ORIENTED_EDGE('',*,*,#967,.T.);
#1323=ORIENTED_EDGE('',*,*,#968,.T.);
#1324=ORIENTED_EDGE('',*,*,#967,.F.);
#1325=ORIENTED_EDGE('',*,*,#969,.T.);
#1326=ORIENTED_EDGE('',*,*,#968,.F.);
#1327=ORIENTED_EDGE('',*,*,#970,.F.);
#1328=ORIENTED_EDGE('',*,*,#952,.F.);
#1329=ORIENTED_EDGE('',*,*,#971,.T.);
#1330=ORIENTED_EDGE('',*,*,#972,.F.);
#1331=ORIENTED_EDGE('',*,*,#973,.T.);
#1332=ORIENTED_EDGE('',*,*,#974,.F.);
#1333=ORIENTED_EDGE('',*,*,#975,.T.);
#1334=ORIENTED_EDGE('',*,*,#969,.F.);
#1335=ORIENTED_EDGE('',*,*,#966,.F.);
#1336=ORIENTED_EDGE('',*,*,#975,.F.);
#1337=ORIENTED_EDGE('',*,*,#976,.F.);
#1338=ORIENTED_EDGE('',*,*,#977,.T.);
#1339=ORIENTED_EDGE('',*,*,#978,.F.);
#1340=ORIENTED_EDGE('',*,*,#971,.F.);
#1341=ORIENTED_EDGE('',*,*,#979,.T.);
#1342=ORIENTED_EDGE('',*,*,#980,.F.);
#1343=ORIENTED_EDGE('',*,*,#981,.T.);
#1344=ORIENTED_EDGE('',*,*,#982,.F.);
#1345=ORIENTED_EDGE('',*,*,#983,.T.);
#1346=ORIENTED_EDGE('',*,*,#984,.T.);
#1347=ORIENTED_EDGE('',*,*,#885,.T.);
#1348=ORIENTED_EDGE('',*,*,#886,.T.);
#1349=ORIENTED_EDGE('',*,*,#984,.F.);
#1350=ORIENTED_EDGE('',*,*,#983,.F.);
#1351=ORIENTED_EDGE('',*,*,#985,.F.);
#1352=ORIENTED_EDGE('',*,*,#893,.F.);
#1353=ORIENTED_EDGE('',*,*,#986,.F.);
#1354=ORIENTED_EDGE('',*,*,#882,.T.);
#1355=ORIENTED_EDGE('',*,*,#987,.F.);
#1356=ORIENTED_EDGE('',*,*,#985,.T.);
#1357=ORIENTED_EDGE('',*,*,#988,.T.);
#1358=ORIENTED_EDGE('',*,*,#989,.T.);
#1359=ORIENTED_EDGE('',*,*,#990,.T.);
#1360=ORIENTED_EDGE('',*,*,#988,.F.);
#1361=ORIENTED_EDGE('',*,*,#960,.T.);
#1362=ORIENTED_EDGE('',*,*,#991,.T.);
#1363=ORIENTED_EDGE('',*,*,#989,.F.);
#1364=ORIENTED_EDGE('',*,*,#990,.F.);
#1365=ORIENTED_EDGE('',*,*,#991,.F.);
#1366=ORIENTED_EDGE('',*,*,#992,.T.);
#1367=ORIENTED_EDGE('',*,*,#993,.T.);
#1368=ORIENTED_EDGE('',*,*,#994,.T.);
#1369=ORIENTED_EDGE('',*,*,#995,.T.);
#1370=ORIENTED_EDGE('',*,*,#996,.T.);
#1371=ORIENTED_EDGE('',*,*,#992,.F.);
#1372=ORIENTED_EDGE('',*,*,#997,.T.);
#1373=ORIENTED_EDGE('',*,*,#998,.T.);
#1374=ORIENTED_EDGE('',*,*,#999,.T.);
#1375=ORIENTED_EDGE('',*,*,#995,.F.);
#1376=ORIENTED_EDGE('',*,*,#1000,.T.);
#1377=ORIENTED_EDGE('',*,*,#998,.F.);
#1378=ORIENTED_EDGE('',*,*,#1001,.T.);
#1379=ORIENTED_EDGE('',*,*,#1002,.T.);
#1380=ORIENTED_EDGE('',*,*,#1003,.T.);
#1381=ORIENTED_EDGE('',*,*,#1002,.F.);
#1382=ORIENTED_EDGE('',*,*,#1004,.T.);
#1383=ORIENTED_EDGE('',*,*,#1005,.T.);
#1384=ORIENTED_EDGE('',*,*,#1000,.F.);
#1385=ORIENTED_EDGE('',*,*,#1006,.F.);
#1386=ORIENTED_EDGE('',*,*,#1004,.F.);
#1387=ORIENTED_EDGE('',*,*,#1001,.F.);
#1388=ORIENTED_EDGE('',*,*,#1006,.T.);
#1389=ORIENTED_EDGE('',*,*,#997,.F.);
#1390=ORIENTED_EDGE('',*,*,#994,.F.);
#1391=ORIENTED_EDGE('',*,*,#976,.T.);
#1392=ORIENTED_EDGE('',*,*,#974,.T.);
#1393=ORIENTED_EDGE('',*,*,#1007,.T.);
#1394=ORIENTED_EDGE('',*,*,#1008,.T.);
#1395=ORIENTED_EDGE('',*,*,#1009,.T.);
#1396=ORIENTED_EDGE('',*,*,#1010,.T.);
#1397=ORIENTED_EDGE('',*,*,#1011,.T.);
#1398=ORIENTED_EDGE('',*,*,#1007,.F.);
#1399=ORIENTED_EDGE('',*,*,#1012,.T.);
#1400=ORIENTED_EDGE('',*,*,#1013,.T.);
#1401=ORIENTED_EDGE('',*,*,#1014,.T.);
#1402=ORIENTED_EDGE('',*,*,#1010,.F.);
#1403=ORIENTED_EDGE('',*,*,#1015,.T.);
#1404=ORIENTED_EDGE('',*,*,#1013,.F.);
#1405=ORIENTED_EDGE('',*,*,#1016,.T.);
#1406=ORIENTED_EDGE('',*,*,#1017,.T.);
#1407=ORIENTED_EDGE('',*,*,#1018,.T.);
#1408=ORIENTED_EDGE('',*,*,#1017,.F.);
#1409=ORIENTED_EDGE('',*,*,#1019,.T.);
#1410=ORIENTED_EDGE('',*,*,#1020,.T.);
#1411=ORIENTED_EDGE('',*,*,#1015,.F.);
#1412=ORIENTED_EDGE('',*,*,#1021,.F.);
#1413=ORIENTED_EDGE('',*,*,#1019,.F.);
#1414=ORIENTED_EDGE('',*,*,#1016,.F.);
#1415=ORIENTED_EDGE('',*,*,#1021,.T.);
#1416=ORIENTED_EDGE('',*,*,#1012,.F.);
#1417=ORIENTED_EDGE('',*,*,#1009,.F.);
#1418=ORIENTED_EDGE('',*,*,#972,.T.);
#1419=ORIENTED_EDGE('',*,*,#978,.T.);
#1420=ORIENTED_EDGE('',*,*,#1022,.T.);
#1421=ORIENTED_EDGE('',*,*,#1023,.T.);
#1422=ORIENTED_EDGE('',*,*,#1024,.T.);
#1423=ORIENTED_EDGE('',*,*,#1025,.T.);
#1424=ORIENTED_EDGE('',*,*,#1026,.T.);
#1425=ORIENTED_EDGE('',*,*,#1022,.F.);
#1426=ORIENTED_EDGE('',*,*,#1027,.T.);
#1427=ORIENTED_EDGE('',*,*,#1028,.T.);
#1428=ORIENTED_EDGE('',*,*,#1029,.T.);
#1429=ORIENTED_EDGE('',*,*,#1025,.F.);
#1430=ORIENTED_EDGE('',*,*,#1030,.T.);
#1431=ORIENTED_EDGE('',*,*,#1028,.F.);
#1432=ORIENTED_EDGE('',*,*,#1031,.T.);
#1433=ORIENTED_EDGE('',*,*,#1032,.T.);
#1434=ORIENTED_EDGE('',*,*,#1033,.T.);
#1435=ORIENTED_EDGE('',*,*,#1032,.F.);
#1436=ORIENTED_EDGE('',*,*,#1034,.T.);
#1437=ORIENTED_EDGE('',*,*,#1035,.T.);
#1438=ORIENTED_EDGE('',*,*,#1031,.F.);
#1439=ORIENTED_EDGE('',*,*,#1030,.F.);
#1440=ORIENTED_EDGE('',*,*,#1027,.F.);
#1441=ORIENTED_EDGE('',*,*,#1036,.F.);
#1442=ORIENTED_EDGE('',*,*,#1037,.F.);
#1443=ORIENTED_EDGE('',*,*,#1038,.F.);
#1444=ORIENTED_EDGE('',*,*,#1039,.F.);
#1445=ORIENTED_EDGE('',*,*,#1040,.F.);
#1446=ORIENTED_EDGE('',*,*,#1024,.F.);
#1447=ORIENTED_EDGE('',*,*,#981,.F.);
#1448=ORIENTED_EDGE('',*,*,#1041,.F.);
#1449=ORIENTED_EDGE('',*,*,#1036,.T.);
#1450=ORIENTED_EDGE('',*,*,#1042,.T.);
#1451=ORIENTED_EDGE('',*,*,#1043,.T.);
#1452=ORIENTED_EDGE('',*,*,#1044,.T.);
#1453=ORIENTED_EDGE('',*,*,#1045,.T.);
#1454=ORIENTED_EDGE('',*,*,#1046,.T.);
#1455=ORIENTED_EDGE('',*,*,#1042,.F.);
#1456=ORIENTED_EDGE('',*,*,#1039,.T.);
#1457=ORIENTED_EDGE('',*,*,#1047,.T.);
#1458=ORIENTED_EDGE('',*,*,#1048,.T.);
#1459=ORIENTED_EDGE('',*,*,#1045,.F.);
#1460=ORIENTED_EDGE('',*,*,#1038,.T.);
#1461=ORIENTED_EDGE('',*,*,#1047,.F.);
#1462=ORIENTED_EDGE('',*,*,#1037,.T.);
#1463=ORIENTED_EDGE('',*,*,#1049,.T.);
#1464=ORIENTED_EDGE('',*,*,#1050,.T.);
#1465=ORIENTED_EDGE('',*,*,#1049,.F.);
#1466=ORIENTED_EDGE('',*,*,#1041,.T.);
#1467=ORIENTED_EDGE('',*,*,#1051,.T.);
#1468=ORIENTED_EDGE('',*,*,#1034,.F.);
#1469=ORIENTED_EDGE('',*,*,#1040,.T.);
#1470=ORIENTED_EDGE('',*,*,#1044,.F.);
#1471=ORIENTED_EDGE('',*,*,#979,.F.);
#1472=ORIENTED_EDGE('',*,*,#1035,.F.);
#1473=ORIENTED_EDGE('',*,*,#982,.T.);
#1474=ORIENTED_EDGE('',*,*,#1023,.F.);
#1475=ORIENTED_EDGE('',*,*,#1026,.F.);
#1476=ORIENTED_EDGE('',*,*,#1052,.T.);
#1477=ORIENTED_EDGE('',*,*,#1033,.F.);
#1478=ORIENTED_EDGE('',*,*,#1029,.F.);
#1479=ORIENTED_EDGE('',*,*,#1052,.F.);
#1480=ORIENTED_EDGE('',*,*,#1051,.F.);
#1481=ORIENTED_EDGE('',*,*,#980,.T.);
#1482=ORIENTED_EDGE('',*,*,#1043,.F.);
#1483=ORIENTED_EDGE('',*,*,#1046,.F.);
#1484=ORIENTED_EDGE('',*,*,#1053,.T.);
#1485=ORIENTED_EDGE('',*,*,#1050,.F.);
#1486=ORIENTED_EDGE('',*,*,#1048,.F.);
#1487=ORIENTED_EDGE('',*,*,#1053,.F.);
#1488=ORIENTED_EDGE('',*,*,#993,.F.);
#1489=ORIENTED_EDGE('',*,*,#1054,.T.);
#1490=ORIENTED_EDGE('',*,*,#1020,.F.);
#1491=ORIENTED_EDGE('',*,*,#977,.F.);
#1492=ORIENTED_EDGE('',*,*,#1003,.F.);
#1493=ORIENTED_EDGE('',*,*,#1055,.F.);
#1494=ORIENTED_EDGE('',*,*,#1011,.F.);
#1495=ORIENTED_EDGE('',*,*,#1014,.F.);
#1496=ORIENTED_EDGE('',*,*,#1018,.F.);
#1497=ORIENTED_EDGE('',*,*,#1054,.F.);
#1498=ORIENTED_EDGE('',*,*,#996,.F.);
#1499=ORIENTED_EDGE('',*,*,#999,.F.);
#1500=ORIENTED_EDGE('',*,*,#1005,.F.);
#1501=ORIENTED_EDGE('',*,*,#973,.F.);
#1502=ORIENTED_EDGE('',*,*,#1008,.F.);
#1503=ORIENTED_EDGE('',*,*,#1055,.T.);
#1504=ORIENTED_EDGE('',*,*,#891,.T.);
#1505=ORIENTED_EDGE('',*,*,#1056,.T.);
#1506=ORIENTED_EDGE('',*,*,#1057,.T.);
#1507=ORIENTED_EDGE('',*,*,#1058,.T.);
#1508=ORIENTED_EDGE('',*,*,#1059,.T.);
#1509=ORIENTED_EDGE('',*,*,#1060,.T.);
#1510=ORIENTED_EDGE('',*,*,#1057,.F.);
#1511=ORIENTED_EDGE('',*,*,#1061,.T.);
#1512=ORIENTED_EDGE('',*,*,#1059,.F.);
#1513=ORIENTED_EDGE('',*,*,#1062,.T.);
#1514=ORIENTED_EDGE('',*,*,#1063,.T.);
#1515=ORIENTED_EDGE('',*,*,#1064,.T.);
#1516=ORIENTED_EDGE('',*,*,#1063,.F.);
#1517=ORIENTED_EDGE('',*,*,#1065,.T.);
#1518=ORIENTED_EDGE('',*,*,#866,.T.);
#1519=ORIENTED_EDGE('',*,*,#863,.T.);
#1520=ORIENTED_EDGE('',*,*,#860,.T.);
#1521=ORIENTED_EDGE('',*,*,#857,.T.);
#1522=ORIENTED_EDGE('',*,*,#854,.T.);
#1523=ORIENTED_EDGE('',*,*,#1066,.T.);
#1524=ORIENTED_EDGE('',*,*,#1067,.T.);
#1525=ORIENTED_EDGE('',*,*,#1066,.F.);
#1526=ORIENTED_EDGE('',*,*,#853,.T.);
#1527=ORIENTED_EDGE('',*,*,#1068,.T.);
#1528=ORIENTED_EDGE('',*,*,#1069,.T.);
#1529=ORIENTED_EDGE('',*,*,#1070,.T.);
#1530=ORIENTED_EDGE('',*,*,#1071,.T.);
#1531=ORIENTED_EDGE('',*,*,#1068,.F.);
#1532=ORIENTED_EDGE('',*,*,#852,.T.);
#1533=ORIENTED_EDGE('',*,*,#1072,.T.);
#1534=ORIENTED_EDGE('',*,*,#1073,.T.);
#1535=ORIENTED_EDGE('',*,*,#1070,.F.);
#1536=ORIENTED_EDGE('',*,*,#851,.T.);
#1537=ORIENTED_EDGE('',*,*,#1074,.T.);
#1538=ORIENTED_EDGE('',*,*,#1075,.T.);
#1539=ORIENTED_EDGE('',*,*,#1072,.F.);
#1540=ORIENTED_EDGE('',*,*,#850,.T.);
#1541=ORIENTED_EDGE('',*,*,#1074,.F.);
#1542=ORIENTED_EDGE('',*,*,#1076,.T.);
#1543=ORIENTED_EDGE('',*,*,#1077,.T.);
#1544=ORIENTED_EDGE('',*,*,#1078,.T.);
#1545=ORIENTED_EDGE('',*,*,#1079,.T.);
#1546=ORIENTED_EDGE('',*,*,#1080,.T.);
#1547=ORIENTED_EDGE('',*,*,#1077,.F.);
#1548=ORIENTED_EDGE('',*,*,#1081,.T.);
#1549=ORIENTED_EDGE('',*,*,#1079,.F.);
#1550=ORIENTED_EDGE('',*,*,#845,.T.);
#1551=ORIENTED_EDGE('',*,*,#1082,.T.);
#1552=ORIENTED_EDGE('',*,*,#1083,.T.);
#1553=ORIENTED_EDGE('',*,*,#1082,.F.);
#1554=ORIENTED_EDGE('',*,*,#844,.T.);
#1555=ORIENTED_EDGE('',*,*,#848,.T.);
#1556=ORIENTED_EDGE('',*,*,#856,.T.);
#1557=ORIENTED_EDGE('',*,*,#859,.T.);
#1558=ORIENTED_EDGE('',*,*,#862,.T.);
#1559=ORIENTED_EDGE('',*,*,#865,.T.);
#1560=ORIENTED_EDGE('',*,*,#1084,.T.);
#1561=ORIENTED_EDGE('',*,*,#1085,.T.);
#1562=ORIENTED_EDGE('',*,*,#1086,.T.);
#1563=ORIENTED_EDGE('',*,*,#1085,.F.);
#1564=ORIENTED_EDGE('',*,*,#1087,.T.);
#1565=ORIENTED_EDGE('',*,*,#1088,.T.);
#1566=ORIENTED_EDGE('',*,*,#1089,.T.);
#1567=ORIENTED_EDGE('',*,*,#1090,.T.);
#1568=ORIENTED_EDGE('',*,*,#1091,.T.);
#1569=ORIENTED_EDGE('',*,*,#1088,.F.);
#1570=ORIENTED_EDGE('',*,*,#1092,.T.);
#1571=ORIENTED_EDGE('',*,*,#889,.T.);
#1572=ORIENTED_EDGE('',*,*,#1093,.T.);
#1573=ORIENTED_EDGE('',*,*,#1090,.F.);
#1574=ORIENTED_EDGE('',*,*,#1094,.T.);
#1575=ORIENTED_EDGE('',*,*,#970,.T.);
#1576=ORIENTED_EDGE('',*,*,#1095,.T.);
#1577=ORIENTED_EDGE('',*,*,#846,.T.);
#1578=ORIENTED_EDGE('',*,*,#1081,.F.);
#1579=ORIENTED_EDGE('',*,*,#1076,.F.);
#1580=ORIENTED_EDGE('',*,*,#849,.T.);
#1581=ORIENTED_EDGE('',*,*,#1095,.F.);
#1582=ORIENTED_EDGE('',*,*,#864,.T.);
#1583=ORIENTED_EDGE('',*,*,#1065,.F.);
#1584=ORIENTED_EDGE('',*,*,#1096,.F.);
#1585=ORIENTED_EDGE('',*,*,#1084,.F.);
#1586=ORIENTED_EDGE('',*,*,#1087,.F.);
#1587=ORIENTED_EDGE('',*,*,#1096,.T.);
#1588=ORIENTED_EDGE('',*,*,#1062,.F.);
#1589=ORIENTED_EDGE('',*,*,#1097,.T.);
#1590=ORIENTED_EDGE('',*,*,#1094,.F.);
#1591=ORIENTED_EDGE('',*,*,#1092,.F.);
#1592=ORIENTED_EDGE('',*,*,#1097,.F.);
#1593=ORIENTED_EDGE('',*,*,#1061,.F.);
#1594=ORIENTED_EDGE('',*,*,#1056,.F.);
#1595=ORIENTED_EDGE('',*,*,#890,.T.);
#1596=ORIENTED_EDGE('',*,*,#1058,.F.);
#1597=ORIENTED_EDGE('',*,*,#1098,.T.);
#1598=ORIENTED_EDGE('',*,*,#1099,.T.);
#1599=ORIENTED_EDGE('',*,*,#868,.T.);
#1600=ORIENTED_EDGE('',*,*,#874,.T.);
#1601=ORIENTED_EDGE('',*,*,#877,.T.);
#1602=ORIENTED_EDGE('',*,*,#880,.T.);
#1603=ORIENTED_EDGE('',*,*,#883,.T.);
#1604=ORIENTED_EDGE('',*,*,#986,.T.);
#1605=ORIENTED_EDGE('',*,*,#892,.T.);
#1606=ORIENTED_EDGE('',*,*,#1100,.T.);
#1607=ORIENTED_EDGE('',*,*,#869,.T.);
#1608=ORIENTED_EDGE('',*,*,#1099,.F.);
#1609=ORIENTED_EDGE('',*,*,#1101,.T.);
#1610=ORIENTED_EDGE('',*,*,#1100,.F.);
#1611=ORIENTED_EDGE('',*,*,#1102,.T.);
#1612=ORIENTED_EDGE('',*,*,#1103,.T.);
#1613=ORIENTED_EDGE('',*,*,#1104,.T.);
#1614=ORIENTED_EDGE('',*,*,#1071,.F.);
#1615=ORIENTED_EDGE('',*,*,#1105,.T.);
#1616=ORIENTED_EDGE('',*,*,#1103,.F.);
#1617=ORIENTED_EDGE('',*,*,#1106,.T.);
#1618=ORIENTED_EDGE('',*,*,#1069,.F.);
#1619=ORIENTED_EDGE('',*,*,#1106,.F.);
#1620=ORIENTED_EDGE('',*,*,#1102,.F.);
#1621=ORIENTED_EDGE('',*,*,#1101,.F.);
#1622=ORIENTED_EDGE('',*,*,#1107,.T.);
#1623=ORIENTED_EDGE('',*,*,#1067,.F.);
#1624=ORIENTED_EDGE('',*,*,#1107,.F.);
#1625=ORIENTED_EDGE('',*,*,#1098,.F.);
#1626=ORIENTED_EDGE('',*,*,#1060,.F.);
#1627=ORIENTED_EDGE('',*,*,#1064,.F.);
#1628=ORIENTED_EDGE('',*,*,#1078,.F.);
#1629=ORIENTED_EDGE('',*,*,#1108,.T.);
#1630=ORIENTED_EDGE('',*,*,#1109,.T.);
#1631=ORIENTED_EDGE('',*,*,#1110,.T.);
#1632=ORIENTED_EDGE('',*,*,#1075,.F.);
#1633=ORIENTED_EDGE('',*,*,#1109,.F.);
#1634=ORIENTED_EDGE('',*,*,#1111,.T.);
#1635=ORIENTED_EDGE('',*,*,#1112,.T.);
#1636=ORIENTED_EDGE('',*,*,#1113,.T.);
#1637=ORIENTED_EDGE('',*,*,#1114,.T.);
#1638=ORIENTED_EDGE('',*,*,#871,.T.);
#1639=ORIENTED_EDGE('',*,*,#1112,.F.);
#1640=ORIENTED_EDGE('',*,*,#1115,.T.);
#1641=ORIENTED_EDGE('',*,*,#1093,.F.);
#1642=ORIENTED_EDGE('',*,*,#888,.T.);
#1643=ORIENTED_EDGE('',*,*,#894,.T.);
#1644=ORIENTED_EDGE('',*,*,#987,.T.);
#1645=ORIENTED_EDGE('',*,*,#884,.T.);
#1646=ORIENTED_EDGE('',*,*,#881,.T.);
#1647=ORIENTED_EDGE('',*,*,#878,.T.);
#1648=ORIENTED_EDGE('',*,*,#875,.T.);
#1649=ORIENTED_EDGE('',*,*,#872,.T.);
#1650=ORIENTED_EDGE('',*,*,#1114,.F.);
#1651=ORIENTED_EDGE('',*,*,#1116,.T.);
#1652=ORIENTED_EDGE('',*,*,#1091,.F.);
#1653=ORIENTED_EDGE('',*,*,#1116,.F.);
#1654=ORIENTED_EDGE('',*,*,#1117,.F.);
#1655=ORIENTED_EDGE('',*,*,#1086,.F.);
#1656=ORIENTED_EDGE('',*,*,#1089,.F.);
#1657=ORIENTED_EDGE('',*,*,#1083,.F.);
#1658=ORIENTED_EDGE('',*,*,#1117,.T.);
#1659=ORIENTED_EDGE('',*,*,#1115,.F.);
#1660=ORIENTED_EDGE('',*,*,#1111,.F.);
#1661=ORIENTED_EDGE('',*,*,#1108,.F.);
#1662=ORIENTED_EDGE('',*,*,#1080,.F.);
#1663=ORIENTED_EDGE('',*,*,#1104,.F.);
#1664=ORIENTED_EDGE('',*,*,#1118,.T.);
#1665=ORIENTED_EDGE('',*,*,#1113,.F.);
#1666=ORIENTED_EDGE('',*,*,#870,.T.);
#1667=ORIENTED_EDGE('',*,*,#1073,.F.);
#1668=ORIENTED_EDGE('',*,*,#1110,.F.);
#1669=ORIENTED_EDGE('',*,*,#1118,.F.);
#1670=ORIENTED_EDGE('',*,*,#1105,.F.);
#1671=CYLINDRICAL_SURFACE('',#1834,21.785);
#1672=CYLINDRICAL_SURFACE('',#1836,21.785);
#1673=CYLINDRICAL_SURFACE('',#1838,21.785);
#1674=CYLINDRICAL_SURFACE('',#1839,21.785);
#1675=CYLINDRICAL_SURFACE('',#1840,21.785);
#1676=CYLINDRICAL_SURFACE('',#1841,21.785);
#1677=CYLINDRICAL_SURFACE('',#1842,20.163);
#1678=CYLINDRICAL_SURFACE('',#1843,20.163);
#1679=CYLINDRICAL_SURFACE('',#1844,20.163);
#1680=CYLINDRICAL_SURFACE('',#1845,20.163);
#1681=CYLINDRICAL_SURFACE('',#1846,20.163);
#1682=CYLINDRICAL_SURFACE('',#1847,20.163);
#1683=CYLINDRICAL_SURFACE('',#1873,100.00000000007);
#1684=CYLINDRICAL_SURFACE('',#1874,25.4);
#1685=CYLINDRICAL_SURFACE('',#1883,100.00000000007);
#1686=CYLINDRICAL_SURFACE('',#1887,100.00000000007);
#1687=CYLINDRICAL_SURFACE('',#1888,100.00000000007);
#1688=CYLINDRICAL_SURFACE('',#1891,100.00000000007);
#1689=CYLINDRICAL_SURFACE('',#1892,100.00000000007);
#1690=CYLINDRICAL_SURFACE('',#1920,25.4);
#1691=CYLINDRICAL_SURFACE('',#1932,20.163);
#1692=CYLINDRICAL_SURFACE('',#1940,0.3);
#1693=CYLINDRICAL_SURFACE('',#1947,0.3);
#1694=CYLINDRICAL_SURFACE('',#1954,0.3);
#1695=CYLINDRICAL_SURFACE('',#1958,0.3);
#1696=CYLINDRICAL_SURFACE('',#1961,0.3);
#1697=CYLINDRICAL_SURFACE('',#1964,0.3);
#1698=CYLINDRICAL_SURFACE('',#1969,0.3);
#1699=CYLINDRICAL_SURFACE('',#1971,0.3);
#1700=CYLINDRICAL_SURFACE('',#1978,0.25);
#1701=CYLINDRICAL_SURFACE('',#1989,21.785);
#1702=CYLINDRICAL_SURFACE('',#1990,3.);
#1703=CYLINDRICAL_SURFACE('',#1998,3.);
#1704=ADVANCED_FACE('',(#114),#1671,.T.);
#1705=ADVANCED_FACE('',(#115),#1672,.T.);
#1706=ADVANCED_FACE('',(#116),#1673,.T.);
#1707=ADVANCED_FACE('',(#117),#1674,.T.);
#1708=ADVANCED_FACE('',(#118),#1675,.T.);
#1709=ADVANCED_FACE('',(#119),#1676,.T.);
#1710=ADVANCED_FACE('',(#120),#1677,.T.);
#1711=ADVANCED_FACE('',(#121),#1678,.T.);
#1712=ADVANCED_FACE('',(#122),#1679,.T.);
#1713=ADVANCED_FACE('',(#123),#1680,.T.);
#1714=ADVANCED_FACE('',(#124),#1681,.T.);
#1715=ADVANCED_FACE('',(#125),#1682,.T.);
#1716=ADVANCED_FACE('',(#126),#103,.F.);
#1717=ADVANCED_FACE('',(#127),#97,.F.);
#1718=ADVANCED_FACE('',(#128,#78),#84,.T.);
#1719=ADVANCED_FACE('',(#129),#104,.T.);
#1720=ADVANCED_FACE('',(#130),#98,.F.);
#1721=ADVANCED_FACE('',(#131),#105,.T.);
#1722=ADVANCED_FACE('',(#132,#79),#85,.T.);
#1723=ADVANCED_FACE('',(#133),#99,.T.);
#1724=ADVANCED_FACE('',(#134),#71,.T.);
#1725=ADVANCED_FACE('',(#135),#1683,.F.);
#1726=ADVANCED_FACE('',(#136),#1684,.T.);
#1727=ADVANCED_FACE('',(#137),#1685,.F.);
#1728=ADVANCED_FACE('',(#138),#72,.T.);
#1729=ADVANCED_FACE('',(#139),#73,.F.);
#1730=ADVANCED_FACE('',(#140),#74,.T.);
#1731=ADVANCED_FACE('',(#141),#1686,.F.);
#1732=ADVANCED_FACE('',(#142),#1687,.F.);
#1733=ADVANCED_FACE('',(#143),#75,.T.);
#1734=ADVANCED_FACE('',(#144),#76,.T.);
#1735=ADVANCED_FACE('',(#145),#1688,.F.);
#1736=ADVANCED_FACE('',(#146),#1689,.F.);
#1737=ADVANCED_FACE('',(#147),#77,.T.);
#1738=ADVANCED_FACE('',(#148),#106,.F.);
#1739=ADVANCED_FACE('',(#149),#107,.T.);
#1740=ADVANCED_FACE('',(#150,#80),#86,.F.);
#1741=ADVANCED_FACE('',(#151),#100,.F.);
#1742=ADVANCED_FACE('',(#152),#108,.F.);
#1743=ADVANCED_FACE('',(#153),#101,.F.);
#1744=ADVANCED_FACE('',(#154),#109,.T.);
#1745=ADVANCED_FACE('',(#155),#110,.T.);
#1746=ADVANCED_FACE('',(#156,#81),#87,.F.);
#1747=ADVANCED_FACE('',(#157,#82),#1690,.T.);
#1748=ADVANCED_FACE('',(#158),#111,.T.);
#1749=ADVANCED_FACE('',(#159,#83),#88,.T.);
#1750=ADVANCED_FACE('',(#160),#1691,.T.);
#1751=ADVANCED_FACE('',(#161),#112,.T.);
#1752=ADVANCED_FACE('',(#162),#102,.F.);
#1753=ADVANCED_FACE('',(#163),#15,.T.);
#1754=ADVANCED_FACE('',(#164),#16,.T.);
#1755=ADVANCED_FACE('',(#165),#1692,.F.);
#1756=ADVANCED_FACE('',(#166),#17,.T.);
#1757=ADVANCED_FACE('',(#167),#18,.T.);
#1758=ADVANCED_FACE('',(#168),#89,.F.);
#1759=ADVANCED_FACE('',(#169),#19,.F.);
#1760=ADVANCED_FACE('',(#170),#20,.T.);
#1761=ADVANCED_FACE('',(#171),#21,.T.);
#1762=ADVANCED_FACE('',(#172),#1693,.F.);
#1763=ADVANCED_FACE('',(#173),#22,.T.);
#1764=ADVANCED_FACE('',(#174),#23,.T.);
#1765=ADVANCED_FACE('',(#175),#90,.F.);
#1766=ADVANCED_FACE('',(#176),#24,.F.);
#1767=ADVANCED_FACE('',(#177),#25,.T.);
#1768=ADVANCED_FACE('',(#178),#26,.T.);
#1769=ADVANCED_FACE('',(#179),#1694,.F.);
#1770=ADVANCED_FACE('',(#180),#27,.T.);
#1771=ADVANCED_FACE('',(#181),#28,.T.);
#1772=ADVANCED_FACE('',(#182),#91,.F.);
#1773=ADVANCED_FACE('',(#183),#1695,.T.);
#1774=ADVANCED_FACE('',(#184),#29,.T.);
#1775=ADVANCED_FACE('',(#185),#30,.T.);
#1776=ADVANCED_FACE('',(#186),#1696,.F.);
#1777=ADVANCED_FACE('',(#187),#31,.T.);
#1778=ADVANCED_FACE('',(#188),#32,.T.);
#1779=ADVANCED_FACE('',(#189),#1697,.T.);
#1780=ADVANCED_FACE('',(#190),#33,.F.);
#1781=ADVANCED_FACE('',(#191),#92,.F.);
#1782=ADVANCED_FACE('',(#192),#34,.F.);
#1783=ADVANCED_FACE('',(#193),#93,.F.);
#1784=ADVANCED_FACE('',(#194),#1698,.T.);
#1785=ADVANCED_FACE('',(#195),#94,.F.);
#1786=ADVANCED_FACE('',(#196),#1699,.T.);
#1787=ADVANCED_FACE('',(#197),#35,.F.);
#1788=ADVANCED_FACE('',(#198),#36,.F.);
#1789=ADVANCED_FACE('',(#199),#37,.F.);
#1790=ADVANCED_FACE('',(#200),#38,.F.);
#1791=ADVANCED_FACE('',(#201),#39,.F.);
#1792=ADVANCED_FACE('',(#202),#40,.F.);
#1793=ADVANCED_FACE('',(#203),#1700,.T.);
#1794=ADVANCED_FACE('',(#204),#41,.F.);
#1795=ADVANCED_FACE('',(#205),#42,.F.);
#1796=ADVANCED_FACE('',(#206),#43,.F.);
#1797=ADVANCED_FACE('',(#207),#44,.F.);
#1798=ADVANCED_FACE('',(#208),#45,.F.);
#1799=ADVANCED_FACE('',(#209),#46,.F.);
#1800=ADVANCED_FACE('',(#210),#47,.F.);
#1801=ADVANCED_FACE('',(#211),#48,.F.);
#1802=ADVANCED_FACE('',(#212),#113,.F.);
#1803=ADVANCED_FACE('',(#213),#1701,.T.);
#1804=ADVANCED_FACE('',(#214),#1702,.T.);
#1805=ADVANCED_FACE('',(#215),#95,.T.);
#1806=ADVANCED_FACE('',(#216),#49,.T.);
#1807=ADVANCED_FACE('',(#217),#50,.T.);
#1808=ADVANCED_FACE('',(#218),#51,.T.);
#1809=ADVANCED_FACE('',(#219),#52,.T.);
#1810=ADVANCED_FACE('',(#220),#53,.F.);
#1811=ADVANCED_FACE('',(#221),#54,.F.);
#1812=ADVANCED_FACE('',(#222),#55,.T.);
#1813=ADVANCED_FACE('',(#223),#56,.T.);
#1814=ADVANCED_FACE('',(#224),#57,.T.);
#1815=ADVANCED_FACE('',(#225),#58,.T.);
#1816=ADVANCED_FACE('',(#226),#59,.F.);
#1817=ADVANCED_FACE('',(#227),#60,.F.);
#1818=ADVANCED_FACE('',(#228),#1703,.F.);
#1819=ADVANCED_FACE('',(#229),#96,.T.);
#1820=CLOSED_SHELL('',(#1704,#1705,#1706,#1707,#1708,#1709,#1710,#1711,
#1712,#1713,#1714,#1715,#1716,#1717,#1718,#1719,#1720,#1721,#1722,#1723,
#1724,#1725,#1726,#1727,#1728,#1729,#1730,#1731,#1732,#1733,#1734,#1735,
#1736,#1737,#1738,#1739,#1740,#1741,#1742,#1743,#1744,#1745,#1746,#1747,
#1748,#1749,#1750,#1751,#1752,#1753,#1754,#1755,#1756,#1757,#1758,#1759,
#1760,#1761,#1762,#1763,#1764,#1765,#1766,#1767,#1768,#1769,#1770,#1771,
#1772,#1773,#1774,#1775,#1776,#1777,#1778,#1779,#1780,#1781,#1782,#1783,
#1784,#1785,#1786,#1787,#1788,#1789,#1790,#1791,#1792,#1793,#1794,#1795,
#1796,#1797,#1798,#1799,#1800,#1801,#1802,#1803,#1804,#1805,#1806,#1807,
#1808,#1809,#1810,#1811,#1812,#1813,#1814,#1815,#1816,#1817,#1818,#1819));
#1821=DERIVED_UNIT_ELEMENT(#1823,1.);
#1822=DERIVED_UNIT_ELEMENT(#7672,-3.);
#1823=(
MASS_UNIT()
NAMED_UNIT(*)
SI_UNIT(.KILO.,.GRAM.)
);
#1824=DERIVED_UNIT((#1821,#1822));
#1825=MEASURE_REPRESENTATION_ITEM('density measure',
POSITIVE_RATIO_MEASURE(1400.),#1824);
#1826=PROPERTY_DEFINITION_REPRESENTATION(#1831,#1828);
#1827=PROPERTY_DEFINITION_REPRESENTATION(#1832,#1829);
#1828=REPRESENTATION('material name',(#1830),#7669);
#1829=REPRESENTATION('density',(#1825),#7669);
#1830=DESCRIPTIVE_REPRESENTATION_ITEM('PVC-Piping','PVC-Piping');
#1831=PROPERTY_DEFINITION('material property','material name',#7679);
#1832=PROPERTY_DEFINITION('material property','density of part',#7679);
#1833=AXIS2_PLACEMENT_3D('',#2393,#2000,#2001);
#1834=AXIS2_PLACEMENT_3D('',#2394,#2002,#2003);
#1835=AXIS2_PLACEMENT_3D('',#2422,#2005,#2006);
#1836=AXIS2_PLACEMENT_3D('',#2423,#2007,#2008);
#1837=AXIS2_PLACEMENT_3D('',#2443,#2010,#2011);
#1838=AXIS2_PLACEMENT_3D('',#2477,#2013,#2014);
#1839=AXIS2_PLACEMENT_3D('',#2515,#2016,#2017);
#1840=AXIS2_PLACEMENT_3D('',#2553,#2019,#2020);
#1841=AXIS2_PLACEMENT_3D('',#2589,#2022,#2023);
#1842=AXIS2_PLACEMENT_3D('',#2628,#2025,#2026);
#1843=AXIS2_PLACEMENT_3D('',#2669,#2029,#2030);
#1844=AXIS2_PLACEMENT_3D('',#2707,#2032,#2033);
#1845=AXIS2_PLACEMENT_3D('',#2745,#2035,#2036);
#1846=AXIS2_PLACEMENT_3D('',#2782,#2038,#2039);
#1847=AXIS2_PLACEMENT_3D('',#2814,#2041,#2042);
#1848=AXIS2_PLACEMENT_3D('',#2817,#2043,#2044);
#1849=AXIS2_PLACEMENT_3D('',#2818,#2045,#2046);
#1850=AXIS2_PLACEMENT_3D('',#2881,#2050,#2051);
#1851=AXIS2_PLACEMENT_3D('',#2884,#2052,#2053);
#1852=AXIS2_PLACEMENT_3D('',#2885,#2054,#2055);
#1853=AXIS2_PLACEMENT_3D('',#2887,#2056,#2057);
#1854=AXIS2_PLACEMENT_3D('',#2888,#2058,#2059);
#1855=AXIS2_PLACEMENT_3D('',#2889,#2060,#2061);
#1856=AXIS2_PLACEMENT_3D('',#2891,#2062,#2063);
#1857=AXIS2_PLACEMENT_3D('',#2893,#2065,#2066);
#1858=AXIS2_PLACEMENT_3D('',#2895,#2067,#2068);
#1859=AXIS2_PLACEMENT_3D('',#2896,#2069,#2070);
#1860=AXIS2_PLACEMENT_3D('',#2899,#2071,#2072);
#1861=AXIS2_PLACEMENT_3D('',#2900,#2073,#2074);
#1862=AXIS2_PLACEMENT_3D('',#2901,#2075,#2076);
#1863=AXIS2_PLACEMENT_3D('',#2902,#2077,#2078);
#1864=AXIS2_PLACEMENT_3D('',#2905,#2080,#2081);
#1865=AXIS2_PLACEMENT_3D('',#2906,#2082,#2083);
#1866=AXIS2_PLACEMENT_3D('',#2908,#2084,#2085);
#1867=AXIS2_PLACEMENT_3D('',#2910,#2086,#2087);
#1868=AXIS2_PLACEMENT_3D('',#2911,#2088,#2089);
#1869=AXIS2_PLACEMENT_3D('',#2912,#2090,#2091);
#1870=AXIS2_PLACEMENT_3D('',#2913,#2092,#2093);
#1871=AXIS2_PLACEMENT_3D('',#2916,#2095,#2096);
#1872=AXIS2_PLACEMENT_3D('',#2952,#2097,#2098);
#1873=AXIS2_PLACEMENT_3D('',#2953,#2099,#2100);
#1874=AXIS2_PLACEMENT_3D('',#2984,#2103,#2104);
#1875=AXIS2_PLACEMENT_3D('',#2986,#2105,#2106);
#1876=AXIS2_PLACEMENT_3D('',#3017,#2109,#2110);
#1877=AXIS2_PLACEMENT_3D('',#3052,#2113,#2114);
#1878=AXIS2_PLACEMENT_3D('',#3083,#2117,#2118);
#1879=AXIS2_PLACEMENT_3D('',#3086,#2120,#2121);
#1880=AXIS2_PLACEMENT_3D('',#3088,#2122,#2123);
#1881=AXIS2_PLACEMENT_3D('',#3119,#2126,#2127);
#1882=AXIS2_PLACEMENT_3D('',#3153,#2130,#2131);
#1883=AXIS2_PLACEMENT_3D('',#3154,#2132,#2133);
#1884=AXIS2_PLACEMENT_3D('',#3155,#2134,#2135);
#1885=AXIS2_PLACEMENT_3D('',#3218,#2136,#2137);
#1886=AXIS2_PLACEMENT_3D('',#3332,#2138,#2139);
#1887=AXIS2_PLACEMENT_3D('',#3333,#2140,#2141);
#1888=AXIS2_PLACEMENT_3D('',#3334,#2142,#2143);
#1889=AXIS2_PLACEMENT_3D('',#3335,#2144,#2145);
#1890=AXIS2_PLACEMENT_3D('',#3354,#2146,#2147);
#1891=AXIS2_PLACEMENT_3D('',#3355,#2148,#2149);
#1892=AXIS2_PLACEMENT_3D('',#3356,#2150,#2151);
#1893=AXIS2_PLACEMENT_3D('',#3357,#2152,#2153);
#1894=AXIS2_PLACEMENT_3D('',#3367,#2154,#2155);
#1895=AXIS2_PLACEMENT_3D('',#3369,#2156,#2157);
#1896=AXIS2_PLACEMENT_3D('',#3370,#2158,#2159);
#1897=AXIS2_PLACEMENT_3D('',#3371,#2160,#2161);
#1898=AXIS2_PLACEMENT_3D('',#3374,#2162,#2163);
#1899=AXIS2_PLACEMENT_3D('',#3376,#2164,#2165);
#1900=AXIS2_PLACEMENT_3D('',#3377,#2166,#2167);
#1901=AXIS2_PLACEMENT_3D('',#3378,#2168,#2169);
#1902=AXIS2_PLACEMENT_3D('',#3379,#2170,#2171);
#1903=AXIS2_PLACEMENT_3D('',#3381,#2172,#2173);
#1904=AXIS2_PLACEMENT_3D('',#3382,#2174,#2175);
#1905=AXIS2_PLACEMENT_3D('',#3385,#2177,#2178);
#1906=AXIS2_PLACEMENT_3D('',#3386,#2179,#2180);
#1907=AXIS2_PLACEMENT_3D('',#3388,#2181,#2182);
#1908=AXIS2_PLACEMENT_3D('',#3389,#2183,#2184);
#1909=AXIS2_PLACEMENT_3D('',#3390,#2185,#2186);
#1910=AXIS2_PLACEMENT_3D('',#3392,#2187,#2188);
#1911=AXIS2_PLACEMENT_3D('',#3394,#2190,#2191);
#1912=AXIS2_PLACEMENT_3D('',#3395,#2192,#2193);
#1913=AXIS2_PLACEMENT_3D('',#3396,#2194,#2195);
#1914=AXIS2_PLACEMENT_3D('',#3399,#2196,#2197);
#1915=AXIS2_PLACEMENT_3D('',#3401,#2198,#2199);
#1916=AXIS2_PLACEMENT_3D('',#3402,#2200,#2201);
#1917=AXIS2_PLACEMENT_3D('',#3403,#2202,#2203);
#1918=AXIS2_PLACEMENT_3D('',#3404,#2204,#2205);
#1919=AXIS2_PLACEMENT_3D('',#3406,#2206,#2207);
#1920=AXIS2_PLACEMENT_3D('',#3407,#2208,#2209);
#1921=AXIS2_PLACEMENT_3D('',#3411,#2211,#2212);
#1922=AXIS2_PLACEMENT_3D('',#3415,#2214,#2215);
#1923=AXIS2_PLACEMENT_3D('',#3418,#2217,#2218);
#1924=AXIS2_PLACEMENT_3D('',#3421,#2220,#2221);
#1925=AXIS2_PLACEMENT_3D('',#3426,#2223,#2224);
#1926=AXIS2_PLACEMENT_3D('',#3429,#2226,#2227);
#1927=AXIS2_PLACEMENT_3D('',#3430,#2228,#2229);
#1928=AXIS2_PLACEMENT_3D('',#3432,#2230,#2231);
#1929=AXIS2_PLACEMENT_3D('',#3433,#2232,#2233);
#1930=AXIS2_PLACEMENT_3D('',#3434,#2234,#2235);
#1931=AXIS2_PLACEMENT_3D('',#3436,#2236,#2237);
#1932=AXIS2_PLACEMENT_3D('',#3437,#2238,#2239);
#1933=AXIS2_PLACEMENT_3D('',#3472,#2240,#2241);
#1934=AXIS2_PLACEMENT_3D('',#3474,#2242,#2243);
#1935=AXIS2_PLACEMENT_3D('',#3476,#2244,#2245);
#1936=AXIS2_PLACEMENT_3D('',#3477,#2246,#2247);
#1937=AXIS2_PLACEMENT_3D('',#3478,#2248,#2249);
#1938=AXIS2_PLACEMENT_3D('',#3506,#2251,#2252);
#1939=AXIS2_PLACEMENT_3D('',#3551,#2253,#2254);
#1940=AXIS2_PLACEMENT_3D('',#3564,#2255,#2256);
#1941=AXIS2_PLACEMENT_3D('',#3567,#2257,#2258);
#1942=AXIS2_PLACEMENT_3D('',#3608,#2261,#2262);
#1943=AXIS2_PLACEMENT_3D('',#3651,#2263,#2264);
#1944=AXIS2_PLACEMENT_3D('',#3652,#2265,#2266);
#1945=AXIS2_PLACEMENT_3D('',#3704,#2267,#2268);
#1946=AXIS2_PLACEMENT_3D('',#3749,#2269,#2270);
#1947=AXIS2_PLACEMENT_3D('',#3762,#2271,#2272);
#1948=AXIS2_PLACEMENT_3D('',#3765,#2273,#2274);
#1949=AXIS2_PLACEMENT_3D('',#3806,#2277,#2278);
#1950=AXIS2_PLACEMENT_3D('',#3849,#2279,#2280);
#1951=AXIS2_PLACEMENT_3D('',#3850,#2281,#2282);
#1952=AXIS2_PLACEMENT_3D('',#3902,#2283,#2284);
#1953=AXIS2_PLACEMENT_3D('',#3947,#2285,#2286);
#1954=AXIS2_PLACEMENT_3D('',#3960,#2287,#2288);
#1955=AXIS2_PLACEMENT_3D('',#3963,#2289,#2290);
#1956=AXIS2_PLACEMENT_3D('',#4004,#2293,#2294);
#1957=AXIS2_PLACEMENT_3D('',#4047,#2295,#2296);
#1958=AXIS2_PLACEMENT_3D('',#4067,#2300,#2301);
#1959=AXIS2_PLACEMENT_3D('',#4099,#2302,#2303);
#1960=AXIS2_PLACEMENT_3D('',#4143,#2304,#2305);
#1961=AXIS2_PLACEMENT_3D('',#4150,#2306,#2307);
#1962=AXIS2_PLACEMENT_3D('',#4152,#2308,#2309);
#1963=AXIS2_PLACEMENT_3D('',#4185,#2311,#2312);
#1964=AXIS2_PLACEMENT_3D('',#4222,#2313,#2314);
#1965=AXIS2_PLACEMENT_3D('',#4248,#2315,#2316);
#1966=AXIS2_PLACEMENT_3D('',#4249,#2317,#2318);
#1967=AXIS2_PLACEMENT_3D('',#4275,#2319,#2320);
#1968=AXIS2_PLACEMENT_3D('',#4276,#2321,#2322);
#1969=AXIS2_PLACEMENT_3D('',#4277,#2323,#2324);
#1970=AXIS2_PLACEMENT_3D('',#4279,#2326,#2327);
#1971=AXIS2_PLACEMENT_3D('',#4281,#2329,#2330);
#1972=AXIS2_PLACEMENT_3D('',#4313,#2331,#2332);
#1973=AXIS2_PLACEMENT_3D('',#4341,#2333,#2334);
#1974=AXIS2_PLACEMENT_3D('',#4382,#2335,#2336);
#1975=AXIS2_PLACEMENT_3D('',#4768,#2337,#2338);
#1976=AXIS2_PLACEMENT_3D('',#4878,#2339,#2340);
#1977=AXIS2_PLACEMENT_3D('',#4917,#2341,#2342);
#1978=AXIS2_PLACEMENT_3D('',#4924,#2343,#2344);
#1979=AXIS2_PLACEMENT_3D('',#4926,#2345,#2346);
#1980=AXIS2_PLACEMENT_3D('',#4949,#2348,#2349);
#1981=AXIS2_PLACEMENT_3D('',#4981,#2350,#2351);
#1982=AXIS2_PLACEMENT_3D('',#5008,#2352,#2353);
#1983=AXIS2_PLACEMENT_3D('',#5048,#2354,#2355);
#1984=AXIS2_PLACEMENT_3D('',#5547,#2356,#2357);
#1985=AXIS2_PLACEMENT_3D('',#5674,#2358,#2359);
#1986=AXIS2_PLACEMENT_3D('',#5702,#2360,#2361);
#1987=AXIS2_PLACEMENT_3D('',#5745,#2362,#2363);
#1988=AXIS2_PLACEMENT_3D('',#5746,#2364,#2365);
#1989=AXIS2_PLACEMENT_3D('',#5747,#2366,#2367);
#1990=AXIS2_PLACEMENT_3D('',#5749,#2369,#2370);
#1991=AXIS2_PLACEMENT_3D('',#5751,#2372,#2373);
#1992=AXIS2_PLACEMENT_3D('',#6185,#2374,#2375);
#1993=AXIS2_PLACEMENT_3D('',#6217,#2376,#2377);
#1994=AXIS2_PLACEMENT_3D('',#6256,#2378,#2379);
#1995=AXIS2_PLACEMENT_3D('',#6653,#2381,#2382);
#1996=AXIS2_PLACEMENT_3D('',#6689,#2383,#2384);
#1997=AXIS2_PLACEMENT_3D('',#6726,#2385,#2386);
#1998=AXIS2_PLACEMENT_3D('',#7664,#2388,#2389);
#1999=AXIS2_PLACEMENT_3D('',#7666,#2391,#2392);
#2000=DIRECTION('axis',(0.,0.,1.));
#2001=DIRECTION('refdir',(1.,0.,0.));
#2002=DIRECTION('center_axis',(0.,0.,1.));
#2003=DIRECTION('ref_axis',(1.,0.,0.));
#2004=DIRECTION('',(0.,0.,-1.));
#2005=DIRECTION('center_axis',(0.,0.,1.));
#2006=DIRECTION('ref_axis',(1.,0.,0.));
#2007=DIRECTION('center_axis',(0.,0.,1.));
#2008=DIRECTION('ref_axis',(1.,0.,0.));
#2009=DIRECTION('',(0.,0.,-1.));
#2010=DIRECTION('center_axis',(0.,0.,1.));
#2011=DIRECTION('ref_axis',(1.,0.,0.));
#2012=DIRECTION('',(0.,0.,-1.));
#2013=DIRECTION('center_axis',(0.,0.,1.));
#2014=DIRECTION('ref_axis',(1.,0.,0.));
#2015=DIRECTION('',(0.,0.,-1.));
#2016=DIRECTION('center_axis',(0.,0.,1.));
#2017=DIRECTION('ref_axis',(1.,0.,0.));
#2018=DIRECTION('',(0.,0.,-1.));
#2019=DIRECTION('center_axis',(0.,0.,1.));
#2020=DIRECTION('ref_axis',(1.,0.,0.));
#2021=DIRECTION('',(0.,0.,-1.));
#2022=DIRECTION('center_axis',(0.,0.,1.));
#2023=DIRECTION('ref_axis',(1.,0.,0.));
#2024=DIRECTION('',(0.,0.,-1.));
#2025=DIRECTION('center_axis',(0.,0.,1.));
#2026=DIRECTION('ref_axis',(-2.22044604925031E-16,-1.,0.));
#2027=DIRECTION('',(0.,0.,-1.));
#2028=DIRECTION('',(0.,0.,1.));
#2029=DIRECTION('center_axis',(0.,0.,1.));
#2030=DIRECTION('ref_axis',(-2.22044604925031E-16,-1.,0.));
#2031=DIRECTION('',(0.,0.,-1.));
#2032=DIRECTION('center_axis',(0.,0.,1.));
#2033=DIRECTION('ref_axis',(-2.22044604925031E-16,-1.,0.));
#2034=DIRECTION('',(0.,0.,-1.));
#2035=DIRECTION('center_axis',(0.,0.,1.));
#2036=DIRECTION('ref_axis',(-2.22044604925031E-16,-1.,0.));
#2037=DIRECTION('',(0.,0.,-1.));
#2038=DIRECTION('center_axis',(0.,0.,1.));
#2039=DIRECTION('ref_axis',(-2.22044604925031E-16,-1.,0.));
#2040=DIRECTION('',(0.,0.,-1.));
#2041=DIRECTION('center_axis',(0.,0.,1.));
#2042=DIRECTION('ref_axis',(-2.22044604925031E-16,-1.,0.));
#2043=DIRECTION('center_axis',(0.,0.,1.));
#2044=DIRECTION('ref_axis',(-0.777540794049177,0.628832500423901,0.));
#2045=DIRECTION('center_axis',(0.,0.,1.));
#2046=DIRECTION('ref_axis',(-0.777540794049177,0.628832500423901,0.));
#2047=DIRECTION('',(0.,0.,-1.));
#2048=DIRECTION('',(0.,0.,1.));
#2049=DIRECTION('',(0.,0.,-1.));
#2050=DIRECTION('center_axis',(0.,0.,-1.));
#2051=DIRECTION('ref_axis',(-1.,0.,0.));
#2052=DIRECTION('center_axis',(0.,0.,-1.));
#2053=DIRECTION('ref_axis',(-1.,-1.74795556173943E-18,0.));
#2054=DIRECTION('center_axis',(0.,0.,-1.));
#2055=DIRECTION('ref_axis',(-1.,-1.74795556173943E-18,0.));
#2056=DIRECTION('center_axis',(-1.22464679914735E-16,-1.,0.));
#2057=DIRECTION('ref_axis',(1.,-1.22464679914735E-16,0.));
#2058=DIRECTION('center_axis',(0.,0.,1.));
#2059=DIRECTION('ref_axis',(-1.,-1.25960591038214E-16,0.));
#2060=DIRECTION('center_axis',(0.,1.22464679914735E-16,-1.));
#2061=DIRECTION('ref_axis',(1.,0.,0.));
#2062=DIRECTION('center_axis',(0.,0.,1.));
#2063=DIRECTION('ref_axis',(-1.,1.22464679914735E-16,0.));
#2064=DIRECTION('',(0.00595301951425454,-1.23191544546162E-16,0.999982280622343));
#2065=DIRECTION('center_axis',(0.,0.,-1.));
#2066=DIRECTION('ref_axis',(1.,0.,0.));
#2067=DIRECTION('center_axis',(0.,0.,-1.));
#2068=DIRECTION('ref_axis',(-1.,1.22464679914735E-16,0.));
#2069=DIRECTION('center_axis',(0.,-1.22464679914735E-16,1.));
#2070=DIRECTION('ref_axis',(1.,0.,0.));
#2071=DIRECTION('center_axis',(9.27685815695986E-33,-4.15428274053864E-16,
-1.));
#2072=DIRECTION('ref_axis',(-1.,-2.23308299804289E-17,0.));
#2073=DIRECTION('center_axis',(1.22464679914735E-16,-1.,-1.22464679914735E-16));
#2074=DIRECTION('ref_axis',(-1.,-1.22464679914735E-16,0.));
#2075=DIRECTION('center_axis',(9.27685815695986E-33,-4.15428274053864E-16,
-1.));
#2076=DIRECTION('ref_axis',(-1.,-2.23308299804289E-17,0.));
#2077=DIRECTION('center_axis',(0.,-1.17587050661794E-15,-1.));
#2078=DIRECTION('ref_axis',(-1.,2.99025882943421E-17,3.66201090408872E-33));
#2079=DIRECTION('',(0.711303672161514,-7.60661786916869E-16,-0.702884831227382));
#2080=DIRECTION('center_axis',(0.,1.22464679914735E-16,-1.));
#2081=DIRECTION('ref_axis',(-1.,0.,0.));
#2082=DIRECTION('center_axis',(0.,1.22464679914735E-16,-1.));
#2083=DIRECTION('ref_axis',(1.,0.,0.));
#2084=DIRECTION('center_axis',(0.,-1.22464679914735E-16,1.));
#2085=DIRECTION('ref_axis',(-1.,-1.22464679914735E-16,-1.49975978266186E-32));
#2086=DIRECTION('center_axis',(1.22464679914735E-16,1.,1.22464679914735E-16));
#2087=DIRECTION('ref_axis',(-1.,1.22464679914735E-16,0.));
#2088=DIRECTION('center_axis',(0.,1.22464679914735E-16,-1.));
#2089=DIRECTION('ref_axis',(-1.,0.,0.));
#2090=DIRECTION('center_axis',(0.,1.22464679914735E-16,-1.));
#2091=DIRECTION('ref_axis',(1.,0.,0.));
#2092=DIRECTION('center_axis',(0.,-1.22464679914735E-16,1.));
#2093=DIRECTION('ref_axis',(1.,0.,0.));
#2094=DIRECTION('',(-0.134795898828611,-1.0483925536065E-16,0.990873385281382));
#2095=DIRECTION('center_axis',(0.,1.22464679914735E-16,-1.));
#2096=DIRECTION('ref_axis',(1.,0.,0.));
#2097=DIRECTION('center_axis',(-5.30287619362454E-17,1.53080849893419E-16,
-1.));
#2098=DIRECTION('ref_axis',(-0.921732942804186,0.387825195351636,1.08246967307268E-16));
#2099=DIRECTION('center_axis',(0.,1.22464679914735E-16,-1.));
#2100=DIRECTION('ref_axis',(-0.921732942804186,0.387825195351636,4.74948884116078E-17));
#2101=DIRECTION('',(0.,-1.22464679914735E-16,1.));
#2102=DIRECTION('',(0.,1.22464679914735E-16,-1.));
#2103=DIRECTION('center_axis',(0.,1.22464679914735E-16,-1.));
#2104=DIRECTION('ref_axis',(1.,0.,0.));
#2105=DIRECTION('center_axis',(0.,1.22464679914735E-16,-1.));
#2106=DIRECTION('ref_axis',(1.,0.,0.));
#2107=DIRECTION('',(0.,-1.22464679914735E-16,1.));
#2108=DIRECTION('',(0.,1.22464679914735E-16,-1.));
#2109=DIRECTION('center_axis',(0.,1.22464679914735E-16,-1.));
#2110=DIRECTION('ref_axis',(1.,0.,0.));
#2111=DIRECTION('',(0.,-1.22464679914735E-16,1.));
#2112=DIRECTION('',(0.,1.22464679914735E-16,-1.));
#2113=DIRECTION('center_axis',(0.,1.22464679914735E-16,-1.));
#2114=DIRECTION('ref_axis',(1.,0.,0.));
#2115=DIRECTION('',(0.,-1.22464679914735E-16,1.));
#2116=DIRECTION('',(0.,1.22464679914735E-16,-1.));
#2117=DIRECTION('center_axis',(0.,1.22464679914735E-16,-1.));
#2118=DIRECTION('ref_axis',(1.,0.,0.));
#2119=DIRECTION('',(0.,-1.22464679914735E-16,1.));
#2120=DIRECTION('center_axis',(0.,1.22464679914735E-16,-1.));
#2121=DIRECTION('ref_axis',(1.,0.,0.));
#2122=DIRECTION('center_axis',(0.,1.22464679914735E-16,-1.));
#2123=DIRECTION('ref_axis',(1.,0.,0.));
#2124=DIRECTION('',(0.,-1.22464679914735E-16,1.));
#2125=DIRECTION('',(0.,1.22464679914735E-16,-1.));
#2126=DIRECTION('center_axis',(0.,1.22464679914735E-16,-1.));
#2127=DIRECTION('ref_axis',(1.,0.,0.));
#2128=DIRECTION('',(0.,-1.22464679914735E-16,1.));
#2129=DIRECTION('',(0.,1.22464679914735E-16,-1.));
#2130=DIRECTION('center_axis',(0.,1.22464679914735E-16,-1.));
#2131=DIRECTION('ref_axis',(1.,0.,0.));
#2132=DIRECTION('center_axis',(0.,1.22464679914735E-16,-1.));
#2133=DIRECTION('ref_axis',(-0.796732942804273,-0.604331546297596,-7.40092693797122E-17));
#2134=DIRECTION('center_axis',(-5.30287619362453E-17,9.18485099360515E-17,
-1.));
#2135=DIRECTION('ref_axis',(-0.796732942804273,-0.604331546297596,-1.32571904840522E-17));
#2136=DIRECTION('center_axis',(1.22464679914735E-16,1.,1.22464679914735E-16));
#2137=DIRECTION('ref_axis',(-1.,1.22464679914735E-16,0.));
#2138=DIRECTION('center_axis',(7.49879891330929E-33,6.12323399573677E-17,
-1.));
#2139=DIRECTION('ref_axis',(0.124999999999913,-0.992156741649232,-6.075207889566E-17));
#2140=DIRECTION('center_axis',(0.,1.22464679914735E-16,-1.));
#2141=DIRECTION('ref_axis',(0.124999999999913,-0.992156741649232,-1.2150415779132E-16));
#2142=DIRECTION('center_axis',(0.,1.22464679914735E-16,-1.));
#2143=DIRECTION('ref_axis',(0.921732942804186,-0.387825195351637,-4.74948884116079E-17));
#2144=DIRECTION('center_axis',(5.30287619362453E-17,9.18485099360515E-17,
-1.));
#2145=DIRECTION('ref_axis',(0.921732942804186,-0.387825195351637,1.32571904840521E-17));
#2146=DIRECTION('center_axis',(5.30287619362453E-17,1.53080849893419E-16,
-1.));
#2147=DIRECTION('ref_axis',(0.796732942804273,0.604331546297596,1.34761348275372E-16));
#2148=DIRECTION('center_axis',(0.,1.22464679914735E-16,-1.));
#2149=DIRECTION('ref_axis',(0.796732942804273,0.604331546297596,7.40092693797121E-17));
#2150=DIRECTION('center_axis',(0.,1.22464679914735E-16,-1.));
#2151=DIRECTION('ref_axis',(-0.124999999999913,0.992156741649233,1.2150415779132E-16));
#2152=DIRECTION('center_axis',(0.,1.83697019872103E-16,-1.));
#2153=DIRECTION('ref_axis',(-0.124999999999913,0.992156741649233,1.8225623668698E-16));
#2154=DIRECTION('center_axis',(0.,1.22464679914735E-16,-1.));
#2155=DIRECTION('ref_axis',(1.,0.,0.));
#2156=DIRECTION('center_axis',(0.,1.22464679914735E-16,-1.));
#2157=DIRECTION('ref_axis',(1.,0.,0.));
#2158=DIRECTION('center_axis',(1.22464679914735E-16,1.,1.22464679914735E-16));
#2159=DIRECTION('ref_axis',(-1.,1.22464679914735E-16,0.));
#2160=DIRECTION('center_axis',(0.,0.,-1.));
#2161=DIRECTION('ref_axis',(-1.,0.,0.));
#2162=DIRECTION('center_axis',(0.,0.,1.));
#2163=DIRECTION('ref_axis',(1.,6.12323399573676E-17,0.));
#2164=DIRECTION('center_axis',(-1.22464679914735E-16,-1.,0.));
#2165=DIRECTION('ref_axis',(1.,-1.22464679914735E-16,0.));
#2166=DIRECTION('center_axis',(0.,0.,-1.));
#2167=DIRECTION('ref_axis',(1.,0.,0.));
#2168=DIRECTION('center_axis',(0.,0.,1.));
#2169=DIRECTION('ref_axis',(1.,6.12323399573676E-17,0.));
#2170=DIRECTION('center_axis',(0.,0.,1.));
#2171=DIRECTION('ref_axis',(1.,0.,0.));
#2172=DIRECTION('center_axis',(0.,0.,1.));
#2173=DIRECTION('ref_axis',(-1.,1.22464679914735E-16,0.));
#2174=DIRECTION('center_axis',(0.,0.,-1.));
#2175=DIRECTION('ref_axis',(1.,0.,0.));
#2176=DIRECTION('',(0.0261769483078731,3.20575159566825E-18,0.999657324975557));
#2177=DIRECTION('center_axis',(0.,0.,-1.));
#2178=DIRECTION('ref_axis',(1.,0.,0.));
#2179=DIRECTION('center_axis',(0.,0.,1.));
#2180=DIRECTION('ref_axis',(1.,0.,0.));
#2181=DIRECTION('center_axis',(1.22464679914735E-16,-1.,0.));
#2182=DIRECTION('ref_axis',(-1.,-1.22464679914735E-16,0.));
#2183=DIRECTION('center_axis',(0.,0.,-1.));
#2184=DIRECTION('ref_axis',(-1.,2.55421672918422E-32,0.));
#2185=DIRECTION('center_axis',(0.,0.,-1.));
#2186=DIRECTION('ref_axis',(1.,0.,0.));
#2187=DIRECTION('center_axis',(0.,0.,1.));
#2188=DIRECTION('ref_axis',(-1.,0.,0.));
#2189=DIRECTION('',(0.026176948307873,3.20575159566824E-18,0.999657324975557));
#2190=DIRECTION('center_axis',(0.,0.,1.));
#2191=DIRECTION('ref_axis',(1.,0.,0.));
#2192=DIRECTION('center_axis',(1.22464679914735E-16,-1.,0.));
#2193=DIRECTION('ref_axis',(-1.,-1.22464679914735E-16,0.));
#2194=DIRECTION('center_axis',(0.,0.,-1.));
#2195=DIRECTION('ref_axis',(-1.,0.,0.));
#2196=DIRECTION('center_axis',(0.,0.,1.));
#2197=DIRECTION('ref_axis',(1.,0.,0.));
#2198=DIRECTION('center_axis',(-1.22464679914735E-16,-1.,0.));
#2199=DIRECTION('ref_axis',(1.,-1.22464679914735E-16,0.));
#2200=DIRECTION('center_axis',(0.,0.,-1.));
#2201=DIRECTION('ref_axis',(1.,0.,0.));
#2202=DIRECTION('center_axis',(0.,0.,1.));
#2203=DIRECTION('ref_axis',(1.,0.,0.));
#2204=DIRECTION('center_axis',(0.,0.,-1.));
#2205=DIRECTION('ref_axis',(1.,0.,0.));
#2206=DIRECTION('center_axis',(0.,0.,1.));
#2207=DIRECTION('ref_axis',(1.,0.,0.));
#2208=DIRECTION('center_axis',(0.,0.,-1.));
#2209=DIRECTION('ref_axis',(1.,0.,0.));
#2210=DIRECTION('',(0.,0.,1.));
#2211=DIRECTION('center_axis',(-0.171657999965299,0.,0.985156602296261));
#2212=DIRECTION('ref_axis',(-0.985156602296261,0.,-0.171657999965299));
#2213=DIRECTION('',(0.,0.,1.));
#2214=DIRECTION('center_axis',(-0.171657999965296,0.,-0.985156602296262));
#2215=DIRECTION('ref_axis',(-0.985156602296261,0.,0.171657999965296));
#2216=DIRECTION('',(0.,0.,1.));
#2217=DIRECTION('center_axis',(-0.171657999965296,0.,-0.985156602296262));
#2218=DIRECTION('ref_axis',(-0.985156602296261,0.,0.171657999965296));
#2219=DIRECTION('',(0.,0.,-1.));
#2220=DIRECTION('center_axis',(-0.171657999965299,0.,0.985156602296261));
#2221=DIRECTION('ref_axis',(-0.985156602296261,0.,-0.171657999965299));
#2222=DIRECTION('',(0.,0.,-1.));
#2223=DIRECTION('center_axis',(0.171657999965299,0.,0.985156602296261));
#2224=DIRECTION('ref_axis',(0.985156602296261,0.,-0.171657999965299));
#2225=DIRECTION('',(0.,0.,1.));
#2226=DIRECTION('center_axis',(0.171657999965296,4.30607693988503E-17,-0.985156602296262));
#2227=DIRECTION('ref_axis',(0.985156602296261,0.,0.171657999965296));
#2228=DIRECTION('center_axis',(0.,0.,1.));
#2229=DIRECTION('ref_axis',(1.,0.,0.));
#2230=DIRECTION('center_axis',(0.,0.,-1.));
#2231=DIRECTION('ref_axis',(-0.777540794049177,0.628832500423901,0.));
#2232=DIRECTION('center_axis',(1.22464679914735E-16,-1.,0.));
#2233=DIRECTION('ref_axis',(-1.,-1.22464679914735E-16,0.));
#2234=DIRECTION('center_axis',(0.,0.,1.));
#2235=DIRECTION('ref_axis',(1.,0.,0.));
#2236=DIRECTION('center_axis',(0.,0.,1.));
#2237=DIRECTION('ref_axis',(-1.,-1.22464679914735E-16,0.));
#2238=DIRECTION('center_axis',(0.,0.,1.));
#2239=DIRECTION('ref_axis',(-2.22044604925031E-16,-1.,0.));
#2240=DIRECTION('center_axis',(0.,0.,-1.));
#2241=DIRECTION('ref_axis',(-1.,0.,0.));
#2242=DIRECTION('center_axis',(-1.22464679914735E-16,-1.,0.));
#2243=DIRECTION('ref_axis',(1.,-1.22464679914735E-16,0.));
#2244=DIRECTION('center_axis',(0.,0.,-1.));
#2245=DIRECTION('ref_axis',(-1.,-1.22464679914735E-16,0.));
#2246=DIRECTION('center_axis',(0.,0.,-1.));
#2247=DIRECTION('ref_axis',(-1.,-1.22464679914735E-16,0.));
#2248=DIRECTION('center_axis',(0.,0.,1.));
#2249=DIRECTION('ref_axis',(1.,0.,0.));
#2250=DIRECTION('',(-0.0261769483078734,-3.20575159566829E-18,0.999657324975557));
#2251=DIRECTION('center_axis',(2.39812829757604E-10,0.760792456139056,-0.648995253204446));
#2252=DIRECTION('ref_axis',(0.861676324813751,0.329338018160736,0.386070435347523));
#2253=DIRECTION('center_axis',(0.,1.,-2.51774834300993E-13));
#2254=DIRECTION('ref_axis',(0.173648177667607,2.47949808832952E-13,0.984807753012089));
#2255=DIRECTION('center_axis',(0.,1.,0.));
#2256=DIRECTION('ref_axis',(0.766044443118976,0.,0.642787609686542));
#2257=DIRECTION('center_axis',(0.,1.,0.));
#2258=DIRECTION('ref_axis',(0.173648177666882,0.,0.984807753012217));
#2259=DIRECTION('',(0.,-1.,0.));
#2260=DIRECTION('',(0.,1.,0.));
#2261=DIRECTION('center_axis',(-1.59907391213766E-10,0.760792456227122,
0.64899525310121));
#2262=DIRECTION('ref_axis',(0.861676324813743,-0.329338018160739,0.386070435347537));
#2263=DIRECTION('center_axis',(0.17364817766693,0.,0.984807753012208));
#2264=DIRECTION('ref_axis',(-0.984807753012208,0.,0.17364817766693));
#2265=DIRECTION('center_axis',(0.17364817766693,0.,0.984807753012208));
#2266=DIRECTION('ref_axis',(-0.984807753012208,0.,0.17364817766693));
#2267=DIRECTION('center_axis',(2.39863508715691E-10,-0.760792456139004,
0.648995253204506));
#2268=DIRECTION('ref_axis',(0.861676324813749,-0.329338018160735,-0.386070435347528));
#2269=DIRECTION('center_axis',(0.,-1.,2.44259167605441E-13));
#2270=DIRECTION('ref_axis',(0.173648177667607,-2.40548322002117E-13,-0.984807753012089));
#2271=DIRECTION('center_axis',(0.,-1.,0.));
#2272=DIRECTION('ref_axis',(0.766044443118974,0.,-0.642787609686544));
#2273=DIRECTION('center_axis',(0.,-1.,0.));
#2274=DIRECTION('ref_axis',(0.173648177666941,0.,-0.984807753012206));
#2275=DIRECTION('',(0.,1.,0.));
#2276=DIRECTION('',(0.,-1.,0.));
#2277=DIRECTION('center_axis',(-1.59894928340621E-10,-0.760792456227131,
-0.648995253101199));
#2278=DIRECTION('ref_axis',(0.861676324813749,0.329338018160735,-0.386070435347528));
#2279=DIRECTION('center_axis',(0.173648177666933,0.,-0.984807753012208));
#2280=DIRECTION('ref_axis',(0.984807753012208,0.,0.173648177666933));
#2281=DIRECTION('center_axis',(0.173648177666933,0.,-0.984807753012208));
#2282=DIRECTION('ref_axis',(-0.984807753012208,0.,-0.173648177666933));
#2283=DIRECTION('center_axis',(-2.39860092776791E-10,0.760792456139007,
-0.648995253204503));
#2284=DIRECTION('ref_axis',(-1.,-3.15277433789634E-10,-9.25185853854289E-16));
#2285=DIRECTION('center_axis',(0.,1.,-2.44259167605441E-13));
#2286=DIRECTION('ref_axis',(-1.,0.,0.));
#2287=DIRECTION('center_axis',(0.,1.,0.));
#2288=DIRECTION('ref_axis',(-0.766044443118976,0.,0.642787609686542));
#2289=DIRECTION('center_axis',(0.,1.,0.));
#2290=DIRECTION('ref_axis',(-1.,0.,0.));
#2291=DIRECTION('',(0.,-1.,0.));
#2292=DIRECTION('',(0.,1.,0.));
#2293=DIRECTION('center_axis',(1.59906190331307E-10,0.760792456227114,0.648995253101219));
#2294=DIRECTION('ref_axis',(-1.,2.10183722278617E-10,0.));
#2295=DIRECTION('center_axis',(-1.,0.,0.));
#2296=DIRECTION('ref_axis',(0.,0.,-1.));
#2297=DIRECTION('',(0.,0.,1.));
#2298=DIRECTION('',(0.,-1.,0.));
#2299=DIRECTION('',(0.,0.,-1.));
#2300=DIRECTION('center_axis',(0.,0.,1.));
#2301=DIRECTION('ref_axis',(0.979877218099186,-0.199601196013952,0.));
#2302=DIRECTION('center_axis',(-2.39843800231993E-10,-0.760792456139026,
0.648995253204481));
#2303=DIRECTION('ref_axis',(-1.,3.15255229329146E-10,0.));
#2304=DIRECTION('center_axis',(0.,-1.,2.48017000953216E-13));
#2305=DIRECTION('ref_axis',(-1.,0.,0.));
#2306=DIRECTION('center_axis',(0.,-1.,0.));
#2307=DIRECTION('ref_axis',(-0.766044443118977,0.,-0.642787609686541));
#2308=DIRECTION('center_axis',(0.,-1.,0.));
#2309=DIRECTION('ref_axis',(-1.,0.,0.));
#2310=DIRECTION('',(0.,1.,0.));
#2311=DIRECTION('center_axis',(1.59897743838299E-10,-0.760792456227143,
-0.648995253101184));
#2312=DIRECTION('ref_axis',(-1.,-2.10172620048377E-10,0.));
#2313=DIRECTION('center_axis',(0.,0.,-1.));
#2314=DIRECTION('ref_axis',(0.979877218099186,0.199601196013952,0.));
#2315=DIRECTION('center_axis',(-0.17364817766693,0.,0.984807753012208));
#2316=DIRECTION('ref_axis',(0.984807753012208,0.,0.17364817766693));
#2317=DIRECTION('center_axis',(-0.17364817766693,0.,0.984807753012208));
#2318=DIRECTION('ref_axis',(-0.984807753012208,0.,-0.17364817766693));
#2319=DIRECTION('center_axis',(-0.173648177666933,0.,-0.984807753012208));
#2320=DIRECTION('ref_axis',(0.984807753012208,0.,-0.173648177666933));
#2321=DIRECTION('center_axis',(-0.173648177666933,0.,-0.984807753012208));
#2322=DIRECTION('ref_axis',(0.984807753012208,0.,-0.173648177666933));
#2323=DIRECTION('center_axis',(0.,0.,-1.));
#2324=DIRECTION('ref_axis',(-0.979877218099186,-0.199601196013952,0.));
#2325=DIRECTION('',(0.,0.,-1.));
#2326=DIRECTION('center_axis',(1.,0.,0.));
#2327=DIRECTION('ref_axis',(0.,0.,1.));
#2328=DIRECTION('',(0.,0.,1.));
#2329=DIRECTION('center_axis',(0.,0.,1.));
#2330=DIRECTION('ref_axis',(-0.979877218099186,0.199601196013952,0.));
#2331=DIRECTION('center_axis',(0.785198607334736,-0.453334627312075,-0.421842224912838));
#2332=DIRECTION('ref_axis',(-0.500000000000038,-0.866025403784417,0.));
#2333=DIRECTION('center_axis',(0.785125288257101,-0.453292296522758,-0.42202414107765));
#2334=DIRECTION('ref_axis',(-0.499999999999948,-0.866025403784468,0.));
#2335=DIRECTION('center_axis',(-0.052126931938694,-0.998394433998181,0.0221661256901241));
#2336=DIRECTION('ref_axis',(-0.99863979854638,0.0521397426081735,0.));
#2337=DIRECTION('center_axis',(0.99975427670922,-0.000221525295072528,0.0221661256914286));
#2338=DIRECTION('ref_axis',(-0.00022157973693648,-0.99999997545121,0.));
#2339=DIRECTION('center_axis',(0.0216132296322656,-0.999520650702732,0.0221661255895231));
#2340=DIRECTION('ref_axis',(-0.999766292026738,-0.0216185412807435,0.));
#2341=DIRECTION('center_axis',(2.16477552362329E-15,2.69536190023264E-14,
1.));
#2342=DIRECTION('ref_axis',(-0.999997866665325,-0.00206559066568855,2.22044604925034E-15));
#2343=DIRECTION('center_axis',(0.,0.,1.));
#2344=DIRECTION('ref_axis',(-0.865508543961975,-0.500894160805276,0.));
#2345=DIRECTION('center_axis',(0.,0.,1.));
#2346=DIRECTION('ref_axis',(-0.999997866665325,-0.00206559066568151,0.));
#2347=DIRECTION('',(0.,0.,1.));
#2348=DIRECTION('center_axis',(-0.00250774360982487,0.511496578266282,0.859281654432278));
#2349=DIRECTION('ref_axis',(-0.99998798170193,-0.00490269841010771,-1.16062714994312E-11));
#2350=DIRECTION('center_axis',(-0.0295388735436548,0.999207015690737,-0.0266982161236212));
#2351=DIRECTION('ref_axis',(-0.95857603924015,-0.020747275619474,0.284080142827751));
#2352=DIRECTION('center_axis',(-0.417230921802697,0.908530143013038,-0.0221661256962098));
#2353=DIRECTION('ref_axis',(-0.908753422596478,-0.417333460100178,5.5688564870593E-10));
#2354=DIRECTION('center_axis',(-0.99975427670922,-0.000221525295065922,
-0.0221661256914305));
#2355=DIRECTION('ref_axis',(0.000221579736929823,-0.99999997545121,2.22044604925032E-15));
#2356=DIRECTION('center_axis',(0.0521269319431072,0.998394433997951,-0.0221661256901183));
#2357=DIRECTION('ref_axis',(-0.998639798546149,0.0521397426125877,0.));
#2358=DIRECTION('center_axis',(-0.777080922831004,0.448647879978615,-0.441429857579672));
#2359=DIRECTION('ref_axis',(-0.499999999999995,-0.866025403784442,-3.55271367880041E-14));
#2360=DIRECTION('center_axis',(-0.777139770051853,0.448681855437406,-0.441291706703174));
#2361=DIRECTION('ref_axis',(-0.500000000000004,-0.866025403784437,0.));
#2362=DIRECTION('center_axis',(0.,0.,1.));
#2363=DIRECTION('ref_axis',(1.,0.,0.));
#2364=DIRECTION('center_axis',(1.22464679914735E-16,-1.,0.));
#2365=DIRECTION('ref_axis',(-1.,-1.22464679914735E-16,0.));
#2366=DIRECTION('center_axis',(0.,0.,1.));
#2367=DIRECTION('ref_axis',(1.,0.,0.));
#2368=DIRECTION('',(0.,0.,-1.));
#2369=DIRECTION('center_axis',(0.,0.,1.));
#2370=DIRECTION('ref_axis',(-0.878770231892415,-0.477245093782797,0.));
#2371=DIRECTION('',(0.,0.,1.));
#2372=DIRECTION('center_axis',(-0.5,-0.866025403784439,0.));
#2373=DIRECTION('ref_axis',(0.866025403784439,-0.5,0.));
#2374=DIRECTION('center_axis',(-0.99972652955948,-0.000249491905371272,
-0.0233838373400643));
#2375=DIRECTION('ref_axis',(-0.0203770849533304,0.499896182824193,0.865845587161248));
#2376=DIRECTION('center_axis',(-0.128079162323756,0.991488237111064,-0.0233838373420358));
#2377=DIRECTION('ref_axis',(0.493187166912389,0.0841298852152888,0.865845587161241));
#2378=DIRECTION('center_axis',(-0.780611949928291,0.45068651942375,0.433043467609034));
#2379=DIRECTION('ref_axis',(0.49920881729113,0.0326861166217895,0.865864986310786));
#2380=DIRECTION('',(-1.92296268638356E-16,-0.866025403784439,0.5));
#2381=DIRECTION('center_axis',(0.773493290644905,-0.446576559570171,0.449752716245034));
#2382=DIRECTION('ref_axis',(0.500246734584311,-0.00557045947318788,-0.865864986310794));
#2383=DIRECTION('center_axis',(0.128079162330351,-0.991488237110217,0.0233838373418311));
#2384=DIRECTION('ref_axis',(0.498376388812465,0.0439590066726734,-0.865845587161243));
#2385=DIRECTION('center_axis',(0.99972652955948,-0.000249491905373497,0.0233838373400598));
#2386=DIRECTION('ref_axis',(0.0203770849533276,0.499896182824192,-0.865845587161248));
#2387=DIRECTION('',(1.92296268638356E-16,0.866025403784439,0.5));
#2388=DIRECTION('center_axis',(0.,0.,1.));
#2389=DIRECTION('ref_axis',(0.832144688488362,0.5545585788901,0.));
#2390=DIRECTION('',(0.,0.,-1.));
#2391=DIRECTION('center_axis',(-0.5,-0.866025403784439,0.));
#2392=DIRECTION('ref_axis',(0.866025403784439,-0.5,0.));
#2393=CARTESIAN_POINT('',(0.,0.,0.));
#2394=CARTESIAN_POINT('Origin',(0.,0.,13.15));
#2395=CARTESIAN_POINT('',(-21.7843298727718,2.8198862536688E-7,5.29445642292505));
#2396=CARTESIAN_POINT('',(-21.785,-2.66789305194251E-15,2.5));
#2397=CARTESIAN_POINT('',(-21.785,-2.66789305194251E-15,13.15));
#2398=CARTESIAN_POINT('',(0.00482711456909368,-21.7849994652046,3.04455286484898));
#2399=CARTESIAN_POINT('Ctrl Pts',(0.0048271145690931,-21.7849994652046,
3.04455286484898));
#2400=CARTESIAN_POINT('Ctrl Pts',(2.75110567001035,-21.7843909455098,3.1047434296324));
#2401=CARTESIAN_POINT('Ctrl Pts',(8.24300701229186,-20.7329938770426,3.22513520949101));
#2402=CARTESIAN_POINT('Ctrl Pts',(15.316190259647,-16.2234055418453,3.40571248481108));
#2403=CARTESIAN_POINT('Ctrl Pts',(20.2243393218426,-9.42158158857612,3.58629432141362));
#2404=CARTESIAN_POINT('Ctrl Pts',(22.2740091443891,-1.28768197230072,3.76687386795314));
#2405=CARTESIAN_POINT('Ctrl Pts',(21.1753538011334,7.02803760175684,3.94745456961624));
#2406=CARTESIAN_POINT('Ctrl Pts',(17.0837207056462,14.3504504520986,4.1280346681051));
#2407=CARTESIAN_POINT('Ctrl Pts',(10.577426983509,19.6445638063004,4.30861507366686));
#2408=CARTESIAN_POINT('Ctrl Pts',(2.57605235085,22.1618951079285,4.48919531157319));
#2409=CARTESIAN_POINT('Ctrl Pts',(-5.78935509154998,21.5471373052622,4.66977564495895));
#2410=CARTESIAN_POINT('Ctrl Pts',(-13.3366267591642,17.8861468303207,4.85035590738477));
#2411=CARTESIAN_POINT('Ctrl Pts',(-18.9985618404654,11.6984256138753,5.0309362512419));
#2412=CARTESIAN_POINT('Ctrl Pts',(-21.4391139306105,5.26842805564014,5.17896682301755));
#2413=CARTESIAN_POINT('Ctrl Pts',(-21.7845047081718,1.2615160438841,5.26680406856571));
#2414=CARTESIAN_POINT('Ctrl Pts',(-21.7843299304774,0.000391466271448676,
5.29444784818769));
#2415=CARTESIAN_POINT('',(-19.7971933112277,-9.09160942836209,2.49999999993038));
#2416=CARTESIAN_POINT('Ctrl Pts',(-19.7971933112268,-9.09160942836395,2.49999999979118));
#2417=CARTESIAN_POINT('Ctrl Pts',(-18.809706942016,-11.2418842171685,2.55185990582898));
#2418=CARTESIAN_POINT('Ctrl Pts',(-16.1275335926043,-15.2157291712189,2.6555889296571));
#2419=CARTESIAN_POINT('Ctrl Pts',(-9.45508164271819,-20.311100176441,2.83710416929461));
#2420=CARTESIAN_POINT('Ctrl Pts',(-3.5444438139709,-21.7857859117426,2.96676300579228));
#2421=CARTESIAN_POINT('Ctrl Pts',(0.00482711456909449,-21.7849994652046,
3.04455286484898));
#2422=CARTESIAN_POINT('Origin',(0.,0.,2.5));
#2423=CARTESIAN_POINT('Origin',(0.,0.,13.15));
#2424=CARTESIAN_POINT('',(-21.785430383975,4.04220786703879E-7,8.29443856039531));
#2425=CARTESIAN_POINT('',(-21.7815536323861,9.8220003943994E-6,8.20560751466647));
#2426=CARTESIAN_POINT('',(-21.785,-2.66789305194251E-15,13.15));
#2427=CARTESIAN_POINT('Ctrl Pts',(-21.7843298727718,2.81988624895035E-7,
5.29445642292505));
#2428=CARTESIAN_POINT('Ctrl Pts',(-21.7840975880198,-1.48480374733288,5.32700324306292));
#2429=CARTESIAN_POINT('Ctrl Pts',(-21.3533953659205,-5.71599663917013,5.41974351135647));
#2430=CARTESIAN_POINT('Ctrl Pts',(-18.6300767833789,-12.2823376595721,5.57267695430637));
#2431=CARTESIAN_POINT('Ctrl Pts',(-12.7771037938512,-18.2804786000133,5.75325780269873));
#2432=CARTESIAN_POINT('Ctrl Pts',(-3.14128279545802,-22.6244477576667,5.98065409834897));
#2433=CARTESIAN_POINT('Ctrl Pts',(10.0215924400168,-21.2546156071649,6.25486946370612));
#2434=CARTESIAN_POINT('Ctrl Pts',(21.0792564721259,-10.3805577270324,6.57590047685996));
#2435=CARTESIAN_POINT('Ctrl Pts',(22.9563424240334,5.00439363822403,6.89693436095381));
#2436=CARTESIAN_POINT('Ctrl Pts',(14.8451958495143,18.2125336770404,7.21796437664977));
#2437=CARTESIAN_POINT('Ctrl Pts',(0.263364644913728,23.4987837694425,7.53899462885214));
#2438=CARTESIAN_POINT('Ctrl Pts',(-13.1901501276814,18.9532694992496,7.83327599457455));
#2439=CARTESIAN_POINT('Ctrl Pts',(-20.4310511727118,9.54910426665942,8.0850889078888));
#2440=CARTESIAN_POINT('Ctrl Pts',(-21.7816133135376,2.94372718483078,8.22989277874445));
#2441=CARTESIAN_POINT('Ctrl Pts',(-21.785430383975,4.04220786065501E-7,
8.29443856039531));
#2442=CARTESIAN_POINT('',(-21.7847381813765,-0.106805284863901,2.5000000000029));
#2443=CARTESIAN_POINT('Origin',(0.,0.,2.5));
#2444=CARTESIAN_POINT('',(-21.7849535253041,-0.0449988926518718,2.73503422715043));
#2445=CARTESIAN_POINT('Ctrl Pts',(-21.7849535253041,-0.0449988926518718,
2.73503422715231));
#2446=CARTESIAN_POINT('Ctrl Pts',(-21.7849535253041,-0.0449988926471189,
2.65310277931293));
#2447=CARTESIAN_POINT('Ctrl Pts',(-21.784946029663,-0.0644111233127308,
2.57040219005559));
#2448=CARTESIAN_POINT('Ctrl Pts',(-21.7847381813765,-0.106805284863901,
2.5000000000058));
#2449=CARTESIAN_POINT('',(-21.7849535253041,-0.0449988926518718,4.78589312139595));
#2450=CARTESIAN_POINT('',(-21.7849535253041,-0.0449988926518718,13.15));
#2451=CARTESIAN_POINT('',(-21.7799086718025,-0.470959921800866,5.21587582899861));
#2452=CARTESIAN_POINT('Ctrl Pts',(-21.7799086718033,-0.470959921765283,
5.21587582899783));
#2453=CARTESIAN_POINT('Ctrl Pts',(-21.7820107640175,-0.373747028843851,
5.21374470264908));
#2454=CARTESIAN_POINT('Ctrl Pts',(-21.784276784624,-0.209494369540579,5.16408058833787));
#2455=CARTESIAN_POINT('Ctrl Pts',(-21.7849191653259,-0.0680791517170374,
4.97875301600287));
#2456=CARTESIAN_POINT('Ctrl Pts',(-21.7849535253041,-0.0449988926518708,
4.84998871127664));
#2457=CARTESIAN_POINT('Ctrl Pts',(-21.7849535253041,-0.0449988926518718,
4.78589312139595));
#2458=CARTESIAN_POINT('',(-0.00482711456910367,-21.7849994652046,5.95544713515102));
#2459=CARTESIAN_POINT('Ctrl Pts',(-0.00482711456909929,-21.7849994652046,
5.95544713515102));
#2460=CARTESIAN_POINT('Ctrl Pts',(-2.41499850777323,-21.7844654200482,5.90262307726571));
#2461=CARTESIAN_POINT('Ctrl Pts',(-7.23438919273208,-20.9753765541129,5.79696591708889));
#2462=CARTESIAN_POINT('Ctrl Pts',(-14.3928868365398,-17.086689419452,5.62088003191603));
#2463=CARTESIAN_POINT('Ctrl Pts',(-20.1279193497256,-10.077710276443,5.42718153698121));
#2464=CARTESIAN_POINT('Ctrl Pts',(-21.7104361504202,-3.6837708232483,5.28630790617902));
#2465=CARTESIAN_POINT('Ctrl Pts',(-21.7799086718025,-0.470959921800865,
5.21587582899861));
#2466=CARTESIAN_POINT('Ctrl Pts',(-21.7815536323861,9.82200039434389E-6,
8.20560751466647));
#2467=CARTESIAN_POINT('Ctrl Pts',(-21.7852555297884,1.475418833782,8.17326847182948));
#2468=CARTESIAN_POINT('Ctrl Pts',(-21.1821597883896,7.62629034709961,8.03839810443876));
#2469=CARTESIAN_POINT('Ctrl Pts',(-15.4557343138424,17.5029424466762,7.80099484535105));
#2470=CARTESIAN_POINT('Ctrl Pts',(-1.85064281078313,23.2759979899636,7.49340566347126));
#2471=CARTESIAN_POINT('Ctrl Pts',(12.5021641297809,19.7231968658217,7.18581093507163));
#2472=CARTESIAN_POINT('Ctrl Pts',(21.8392006962001,8.26007648736926,6.87821625416783));
#2473=CARTESIAN_POINT('Ctrl Pts',(22.4258458197309,-6.50910323249208,6.57062688006917));
#2474=CARTESIAN_POINT('Ctrl Pts',(14.0164114067948,-18.6776547093436,6.26303095148676));
#2475=CARTESIAN_POINT('Ctrl Pts',(4.67306972131028,-21.7860359923803,6.05797324343392));
#2476=CARTESIAN_POINT('Ctrl Pts',(-0.00482711456910317,-21.7849994652046,
5.95544713515102));
#2477=CARTESIAN_POINT('Origin',(0.,0.,13.15));
#2478=CARTESIAN_POINT('',(-21.7797335351924,3.30567227146972E-6,11.2944116073412));
#2479=CARTESIAN_POINT('',(-21.7839357606703,-1.41185716603931E-6,11.2055246816945));
#2480=CARTESIAN_POINT('',(-21.785,-2.66789305194251E-15,13.15));
#2481=CARTESIAN_POINT('Ctrl Pts',(-21.785430383975,4.04220786065501E-7,
8.29443856039531));
#2482=CARTESIAN_POINT('Ctrl Pts',(-21.7863595650895,-0.716584572615244,
8.31015079896099));
#2483=CARTESIAN_POINT('Ctrl Pts',(-21.5755244618389,-5.09326535377908,8.40612104661305));
#2484=CARTESIAN_POINT('Ctrl Pts',(-18.7212298055398,-12.8919230576249,8.58234895776466));
#2485=CARTESIAN_POINT('Ctrl Pts',(-10.162394544801,-20.3303214689639,8.82312262699763));
#2486=CARTESIAN_POINT('Ctrl Pts',(0.923748823219277,-22.7123127722124,9.06389658340641));
#2487=CARTESIAN_POINT('Ctrl Pts',(11.7878716601948,-19.4354419750266,9.30466992951979));
#2488=CARTESIAN_POINT('Ctrl Pts',(19.700701931729,-11.3265601720927,9.5454444848838));
#2489=CARTESIAN_POINT('Ctrl Pts',(23.0789164456662,0.828701172904893,9.81296923840786));
#2490=CARTESIAN_POINT('Ctrl Pts',(19.4437100044237,11.8548126675488,10.0537440420135));
#2491=CARTESIAN_POINT('Ctrl Pts',(12.1441470707715,18.5659477743953,10.2677646113113));
#2492=CARTESIAN_POINT('Ctrl Pts',(3.09323144577435,22.5572777696845,10.481787402185));
#2493=CARTESIAN_POINT('Ctrl Pts',(-9.78615773897104,21.3723219979483,10.7493120046371));
#2494=CARTESIAN_POINT('Ctrl Pts',(-19.0779951731778,12.4153056068232,11.0168384823317));
#2495=CARTESIAN_POINT('Ctrl Pts',(-21.5590753982992,4.37473567318352,11.1985388646439));
#2496=CARTESIAN_POINT('Ctrl Pts',(-21.7804844831663,0.966525419493584,11.2732278774246));
#2497=CARTESIAN_POINT('Ctrl Pts',(-21.7797335351924,3.30567227158074E-6,
11.2944116073412));
#2498=CARTESIAN_POINT('Ctrl Pts',(-21.7839357606703,-1.41185716562298E-6,
11.2055246816945));
#2499=CARTESIAN_POINT('Ctrl Pts',(-21.7825109166368,1.87857539277441,11.1643460029644));
#2500=CARTESIAN_POINT('Ctrl Pts',(-21.1366222313608,6.87665729289688,11.0548132725495));
#2501=CARTESIAN_POINT('Ctrl Pts',(-16.6328786960852,15.7008807620914,10.8427507683804));
#2502=CARTESIAN_POINT('Ctrl Pts',(-5.52021914094236,22.6933448918959,10.5693323243651));
#2503=CARTESIAN_POINT('Ctrl Pts',(9.22926955583301,21.4513342857035,10.2617411183998));
#2504=CARTESIAN_POINT('Ctrl Pts',(18.4054001563135,13.2564481028599,10.0054148344287));
#2505=CARTESIAN_POINT('Ctrl Pts',(21.7280435938408,4.36584999446438,9.80035083245944));
#2506=CARTESIAN_POINT('Ctrl Pts',(21.9614383027938,-1.93688477446978,9.66364367474899));
#2507=CARTESIAN_POINT('Ctrl Pts',(20.0055959719298,-10.351368515029,9.47566948405363));
#2508=CARTESIAN_POINT('Ctrl Pts',(13.9629417072282,-18.1138595531286,9.27060744372679));
#2509=CARTESIAN_POINT('Ctrl Pts',(3.54920759586028,-22.1805906701684,9.0313689820315));
#2510=CARTESIAN_POINT('Ctrl Pts',(-6.00744612531456,-21.6502091233337,8.82630670570102));
#2511=CARTESIAN_POINT('Ctrl Pts',(-14.4714529308825,-17.1777742328197,8.62124475678915));
#2512=CARTESIAN_POINT('Ctrl Pts',(-20.3785336526429,-9.52848901029954,8.4143454558895));
#2513=CARTESIAN_POINT('Ctrl Pts',(-21.7735186391227,-3.20237538264857,8.27579962511633));
#2514=CARTESIAN_POINT('Ctrl Pts',(-21.7815536323861,9.82200039434389E-6,
8.20560751466647));
#2515=CARTESIAN_POINT('Origin',(0.,0.,13.15));
#2516=CARTESIAN_POINT('',(-21.7845987540107,-6.89185109536972E-7,14.2944350621071));
#2517=CARTESIAN_POINT('',(-21.7849800237757,0.000318629730651585,14.2055516257263));
#2518=CARTESIAN_POINT('',(-21.785,-2.66789305194251E-15,13.15));
#2519=CARTESIAN_POINT('Ctrl Pts',(-21.7797335351924,3.30567227158074E-6,
11.2944116073412));
#2520=CARTESIAN_POINT('Ctrl Pts',(-21.7776394005483,-2.69529319008446,11.3534857166601));
#2521=CARTESIAN_POINT('Ctrl Pts',(-20.6071066909702,-9.04993342313437,11.4928173702108));
#2522=CARTESIAN_POINT('Ctrl Pts',(-14.5593780195409,-17.4536525467518,11.7124077942829));
#2523=CARTESIAN_POINT('Ctrl Pts',(-4.3205298725229,-22.3150195050652,11.9531813014011));
#2524=CARTESIAN_POINT('Ctrl Pts',(7.00303126633171,-21.6254783078052,12.193955273347));
#2525=CARTESIAN_POINT('Ctrl Pts',(16.5776627735944,-15.549968808384,12.4347280867443));
#2526=CARTESIAN_POINT('Ctrl Pts',(22.0290978764749,-5.60398155506823,12.6755029690903));
#2527=CARTESIAN_POINT('Ctrl Pts',(21.9938830427568,5.73671567895673,12.9162768675067));
#2528=CARTESIAN_POINT('Ctrl Pts',(16.4845184559694,15.6500576781632,13.1570498138882));
#2529=CARTESIAN_POINT('Ctrl Pts',(6.87085432436544,21.6666391572866,13.3978239833438));
#2530=CARTESIAN_POINT('Ctrl Pts',(-4.45304219279144,22.2896089867227,13.6385975308659));
#2531=CARTESIAN_POINT('Ctrl Pts',(-14.6686583133139,17.363470504057,13.8793713388361));
#2532=CARTESIAN_POINT('Ctrl Pts',(-20.6279063475801,8.96592950015561,14.0979837549035));
#2533=CARTESIAN_POINT('Ctrl Pts',(-21.7818650101656,2.6508647992139,14.2363384019507));
#2534=CARTESIAN_POINT('Ctrl Pts',(-21.7845987540107,-6.89185109314927E-7,
14.2944350621071));
#2535=CARTESIAN_POINT('Ctrl Pts',(-21.7849800237757,0.000318629730651429,
14.2055516257263));
#2536=CARTESIAN_POINT('Ctrl Pts',(-21.7854445439476,0.724686637663897,14.1896740407258));
#2537=CARTESIAN_POINT('Ctrl Pts',(-21.596418022511,4.56730020158999,14.1054424883881));
#2538=CARTESIAN_POINT('Ctrl Pts',(-19.3925575858251,11.3430703139296,13.9528569079515));
#2539=CARTESIAN_POINT('Ctrl Pts',(-12.9080975970637,18.3874110287484,13.7477949012615));
#2540=CARTESIAN_POINT('Ctrl Pts',(-4.07950647920423,22.0928721419376,13.542732770094));
#2541=CARTESIAN_POINT('Ctrl Pts',(5.49089056812125,21.7845809258972,13.3376708690365));
#2542=CARTESIAN_POINT('Ctrl Pts',(14.0623608179694,17.5206836775047,13.1326087530643));
#2543=CARTESIAN_POINT('Ctrl Pts',(20.0826640434252,10.0722140352104,12.9275472082763));
#2544=CARTESIAN_POINT('Ctrl Pts',(22.4493051057563,0.798394966614236,12.7224843614844));
#2545=CARTESIAN_POINT('Ctrl Pts',(20.5609545726216,-9.67586339995469,12.4946392469667));
#2546=CARTESIAN_POINT('Ctrl Pts',(13.0763035591269,-18.9382838645524,12.2440056861896));
#2547=CARTESIAN_POINT('Ctrl Pts',(0.721664648914682,-23.0022575797138,11.9705912645477));
#2548=CARTESIAN_POINT('Ctrl Pts',(-10.8020716897396,-19.9930362412976,11.7199586935019));
#2549=CARTESIAN_POINT('Ctrl Pts',(-18.5377520293674,-12.6863976439346,11.4921133698053));
#2550=CARTESIAN_POINT('Ctrl Pts',(-21.41844821355,-5.59753701498708,11.3282388955819));
#2551=CARTESIAN_POINT('Ctrl Pts',(-21.7848059392494,-1.24058321892417,11.2327184195303));
#2552=CARTESIAN_POINT('Ctrl Pts',(-21.7839366741895,-0.00125292036615335,
11.2055521149458));
#2553=CARTESIAN_POINT('Origin',(0.,0.,13.15));
#2554=CARTESIAN_POINT('',(-21.7856550883706,-8.48094659222642E-7,17.2944439919911));
#2555=CARTESIAN_POINT('',(-21.7869684633409,0.000974549864235015,17.2055682594));
#2556=CARTESIAN_POINT('',(-21.785,-2.66789305194251E-15,13.15));
#2557=CARTESIAN_POINT('Ctrl Pts',(-21.7845987540107,-6.89185109314927E-7,
14.2944350621071));
#2558=CARTESIAN_POINT('Ctrl Pts',(-21.7856415546805,-1.01118698305787,14.3165963323514));
#2559=CARTESIAN_POINT('Ctrl Pts',(-21.4664463991898,-5.68381867153168,14.4190155170449));
#2560=CARTESIAN_POINT('Ctrl Pts',(-18.1833348245544,-13.638109427067,14.601692392179));
#2561=CARTESIAN_POINT('Ctrl Pts',(-9.33279816684862,-20.7259975152335,14.8424664605106));
#2562=CARTESIAN_POINT('Ctrl Pts',(1.84778080503314,-22.6558959783386,15.0832397832272));
#2563=CARTESIAN_POINT('Ctrl Pts',(12.5555916730312,-18.9422109111734,15.324014289305));
#2564=CARTESIAN_POINT('Ctrl Pts',(21.007423698159,-9.58329039664937,15.5915391579008));
#2565=CARTESIAN_POINT('Ctrl Pts',(23.0733816233244,4.4617011741502,15.8858187695317));
#2566=CARTESIAN_POINT('Ctrl Pts',(15.2595633401128,17.870267978386,16.2068509915112));
#2567=CARTESIAN_POINT('Ctrl Pts',(2.02234132160529,23.003413718452,16.5011299094113));
#2568=CARTESIAN_POINT('Ctrl Pts',(-10.2873223841515,20.2632094328024,16.7686560086325));
#2569=CARTESIAN_POINT('Ctrl Pts',(-18.7979044233592,12.7814097151725,17.0094297200129));
#2570=CARTESIAN_POINT('Ctrl Pts',(-21.5904696319251,5.00621282508722,17.1846925408163));
#2571=CARTESIAN_POINT('Ctrl Pts',(-21.7864885176505,0.672672172590698,17.2796972491552));
#2572=CARTESIAN_POINT('Ctrl Pts',(-21.7856550883706,-8.48094659500198E-7,
17.2944439919911));
#2573=CARTESIAN_POINT('Ctrl Pts',(-21.7865868966185,-2.13443848051664E-6,
17.205582586665));
#2574=CARTESIAN_POINT('Ctrl Pts',(-21.7876468289906,0.609432904594946,17.1922199445674));
#2575=CARTESIAN_POINT('Ctrl Pts',(-21.5942273594128,5.37497338366837,17.0877186899628));
#2576=CARTESIAN_POINT('Ctrl Pts',(-18.2267402657005,14.0467993013489,16.8920783278274));
#2577=CARTESIAN_POINT('Ctrl Pts',(-7.71025328256603,21.6826560939458,16.6186641562025));
#2578=CARTESIAN_POINT('Ctrl Pts',(5.26936925260875,22.4002053993783,16.3452462653084));
#2579=CARTESIAN_POINT('Ctrl Pts',(16.5668494506292,15.9726372668028,16.0718321223603));
#2580=CARTESIAN_POINT('Ctrl Pts',(22.5777717798548,4.44661373819511,15.7984135735996));
#2581=CARTESIAN_POINT('Ctrl Pts',(21.3864297191371,-8.49476396972102,15.5250000444457));
#2582=CARTESIAN_POINT('Ctrl Pts',(13.3699572626729,-18.7324274992975,15.2515812012082));
#2583=CARTESIAN_POINT('Ctrl Pts',(2.11400864657108,-22.6259524640827,15.0009531422616));
#2584=CARTESIAN_POINT('Ctrl Pts',(-8.37781429539362,-20.8425829345541,14.7731044867857));
#2585=CARTESIAN_POINT('Ctrl Pts',(-16.2965487863663,-15.4664054033224,14.5680428805195));
#2586=CARTESIAN_POINT('Ctrl Pts',(-20.8719730435418,-7.90734348346777,14.3788606717198));
#2587=CARTESIAN_POINT('Ctrl Pts',(-21.7834096522349,-2.39397388947791,14.2580326602142));
#2588=CARTESIAN_POINT('Ctrl Pts',(-21.7849798172192,1.54371137428555E-7,
14.2055586064592));
#2589=CARTESIAN_POINT('Origin',(0.,0.,13.15));
#2590=CARTESIAN_POINT('',(-21.78272035831,-4.36934155802866E-5,20.294445707233));
#2591=CARTESIAN_POINT('',(-21.7873837552931,0.000912528709443306,20.2055534439873));
#2592=CARTESIAN_POINT('',(-21.785,-2.66789305194251E-15,13.15));
#2593=CARTESIAN_POINT('Ctrl Pts',(-21.7856549603815,-0.000103952354600367,
17.2944462523047));
#2594=CARTESIAN_POINT('Ctrl Pts',(-21.7819383709211,-2.98836502201851,17.359956709928));
#2595=CARTESIAN_POINT('Ctrl Pts',(-20.5910788265004,-8.7229395294004,17.4856605647604));
#2596=CARTESIAN_POINT('Ctrl Pts',(-15.704657060225,-15.8458850435292,17.6715577263455));
#2597=CARTESIAN_POINT('Ctrl Pts',(-8.74618918201392,-20.5258390757017,17.852138055436));
#2598=CARTESIAN_POINT('Ctrl Pts',(-0.547663025317741,-22.304490206341,18.0327183911107));
#2599=CARTESIAN_POINT('Ctrl Pts',(7.72677838344661,-20.9304228241838,18.2132986241147));
#2600=CARTESIAN_POINT('Ctrl Pts',(14.9089195623103,-16.5984112875358,18.3938791171073));
#2601=CARTESIAN_POINT('Ctrl Pts',(19.9857011266166,-9.91939885096703,18.5744590897945));
#2602=CARTESIAN_POINT('Ctrl Pts',(22.2331208105132,-1.84020089911604,18.7550400805054));
#2603=CARTESIAN_POINT('Ctrl Pts',(21.2485685540925,7.42976236867325,18.955683531537));
#2604=CARTESIAN_POINT('Ctrl Pts',(15.8388369022563,16.3046047432363,19.1763938987981));
#2605=CARTESIAN_POINT('Ctrl Pts',(5.98700893739518,21.9271905187045,19.4171673646994));
#2606=CARTESIAN_POINT('Ctrl Pts',(-5.35230782081623,22.0909911752048,19.6579411932518));
#2607=CARTESIAN_POINT('Ctrl Pts',(-15.3589969584305,16.7555322651919,19.898714177261));
#2608=CARTESIAN_POINT('Ctrl Pts',(-20.8101141119152,8.37697237220516,20.1108835211388));
#2609=CARTESIAN_POINT('Ctrl Pts',(-21.7811664023898,2.35696511679145,20.2427934473849));
#2610=CARTESIAN_POINT('Ctrl Pts',(-21.78272035831,-4.36934155816082E-5,
20.294445707233));
#2611=CARTESIAN_POINT('Ctrl Pts',(-21.7873837552931,0.000912528709443583,
20.2055534439873));
#2612=CARTESIAN_POINT('Ctrl Pts',(-21.7880518631771,0.494731081885193,20.1947260595985));
#2613=CARTESIAN_POINT('Ctrl Pts',(-21.6343990521566,5.14490979691054,20.0927599880928));
#2614=CARTESIAN_POINT('Ctrl Pts',(-18.4482982732504,13.7565724222394,19.899653122244));
#2615=CARTESIAN_POINT('Ctrl Pts',(-8.05337744716259,21.5557083493836,19.6262395664316));
#2616=CARTESIAN_POINT('Ctrl Pts',(4.91582879501119,22.4838682215555,19.3528216243214));
#2617=CARTESIAN_POINT('Ctrl Pts',(15.3561068453581,16.7500679882616,19.1021926719276));
#2618=CARTESIAN_POINT('Ctrl Pts',(21.0747772759625,7.77532889460645,18.8743443036536));
#2619=CARTESIAN_POINT('Ctrl Pts',(22.4023132676708,-1.70377079268989,18.6692830764527));
#2620=CARTESIAN_POINT('Ctrl Pts',(19.6565981843838,-10.8785621845855,18.4642206000086));
#2621=CARTESIAN_POINT('Ctrl Pts',(13.341988114613,-18.0751109787936,18.2591588083139));
#2622=CARTESIAN_POINT('Ctrl Pts',(4.60463928729906,-21.9890757082335,18.0540968883803));
#2623=CARTESIAN_POINT('Ctrl Pts',(-4.97210455936266,-21.910096778955,17.8490347659132));
#2624=CARTESIAN_POINT('Ctrl Pts',(-13.6389509655229,-17.8483733895799,17.6439730112496));
#2625=CARTESIAN_POINT('Ctrl Pts',(-20.1274329484174,-10.2153541893997,17.4294779788559));
#2626=CARTESIAN_POINT('Ctrl Pts',(-21.7806501657492,-3.54622121066242,17.2833379844249));
#2627=CARTESIAN_POINT('Ctrl Pts',(-21.7865892960779,0.00140380455094589,
17.2055517596534));
#2628=CARTESIAN_POINT('Origin',(0.,0.,4.5));
#2629=CARTESIAN_POINT('',(5.16684551588042E-6,20.1657308870354,6.23027861016711));
#2630=CARTESIAN_POINT('',(1.38676850280905E-7,20.1628302508639,5.76969983692815));
#2631=CARTESIAN_POINT('',(2.0078300279826E-15,20.163,4.5));
#2632=CARTESIAN_POINT('',(0.00503188120209663,-20.1629993721215,4.73042232928054));
#2633=CARTESIAN_POINT('Ctrl Pts',(0.00503188120209663,-20.1629993721215,
4.73042232928054));
#2634=CARTESIAN_POINT('Ctrl Pts',(4.35029012559591,-20.1619149688105,4.83331912293352));
#2635=CARTESIAN_POINT('Ctrl Pts',(13.0284461981671,-17.2589685962953,5.03913266871205));
#2636=CARTESIAN_POINT('Ctrl Pts',(20.7968361637035,-5.92082113767449,5.34782906350204));
#2637=CARTESIAN_POINT('Ctrl Pts',(20.1664414214408,7.80023540192146,5.65653876415876));
#2638=CARTESIAN_POINT('Ctrl Pts',(11.8094598689589,17.8774120791622,5.95068765390741));
#2639=CARTESIAN_POINT('Ctrl Pts',(3.72927295947565,20.1578905976434,6.14193332815297));
#2640=CARTESIAN_POINT('Ctrl Pts',(5.16684551554736E-6,20.1657308870354,
6.23027861016711));
#2641=CARTESIAN_POINT('',(-19.9968452484073,-2.58316648926284,4.04164177598589));
#2642=CARTESIAN_POINT('Ctrl Pts',(-19.9968452484074,-2.58316648926199,4.04164177598589));
#2643=CARTESIAN_POINT('Ctrl Pts',(-19.6419612790327,-5.33039933167727,4.10723747589704));
#2644=CARTESIAN_POINT('Ctrl Pts',(-17.7832193897849,-10.6705861058795,4.23843458088413));
#2645=CARTESIAN_POINT('Ctrl Pts',(-11.0600764634119,-17.9547433628053,4.46802343702434));
#2646=CARTESIAN_POINT('Ctrl Pts',(-4.15005758830577,-20.164036316884,4.63202877941381));
#2647=CARTESIAN_POINT('Ctrl Pts',(0.00503188120209774,-20.1629993721215,
4.73042232928054));
#2648=CARTESIAN_POINT('',(-19.9968452484071,-2.58316648926462,3.58103542981135));
#2649=CARTESIAN_POINT('',(-19.9968452484072,-2.58316648926369,4.5));
#2650=CARTESIAN_POINT('',(-0.00503188120210496,-20.1629993721215,4.26957767071946));
#2651=CARTESIAN_POINT('Ctrl Pts',(-0.00503188120210496,-20.1629993721215,
4.26957767071946));
#2652=CARTESIAN_POINT('Ctrl Pts',(-4.15868385054428,-20.1619627861018,4.17121816121342));
#2653=CARTESIAN_POINT('Ctrl Pts',(-11.0648831840565,-17.9510139473862,4.00727848988206));
#2654=CARTESIAN_POINT('Ctrl Pts',(-17.7843270420306,-10.668088879613,3.77776553958033));
#2655=CARTESIAN_POINT('Ctrl Pts',(-19.6420840551521,-5.32944889542762,3.64660843614871));
#2656=CARTESIAN_POINT('Ctrl Pts',(-19.996845248407,-2.58316648926538,3.58103542981135));
#2657=CARTESIAN_POINT('Ctrl Pts',(1.38676850225394E-7,20.1628302508639,
5.76969983692815));
#2658=CARTESIAN_POINT('Ctrl Pts',(0.717924382213943,20.1631280863389,5.75269952429085));
#2659=CARTESIAN_POINT('Ctrl Pts',(3.98556131816579,19.9904126250508,5.67531916423642));
#2660=CARTESIAN_POINT('Ctrl Pts',(9.65035013621649,18.2598036426916,5.53755879866467));
#2661=CARTESIAN_POINT('Ctrl Pts',(15.7265680466637,13.3874941944328,5.35641854771362));
#2662=CARTESIAN_POINT('Ctrl Pts',(19.5662900106591,6.61131116832976,5.17527859953439));
#2663=CARTESIAN_POINT('Ctrl Pts',(20.6235064467399,-1.10498027696903,4.99413805367661));
#2664=CARTESIAN_POINT('Ctrl Pts',(18.7477969012463,-8.66431995871647,4.81299865846263));
#2665=CARTESIAN_POINT('Ctrl Pts',(14.2060475994986,-14.991126817459,4.63185697913569));
#2666=CARTESIAN_POINT('Ctrl Pts',(7.64386319335393,-19.1868111785504,4.45071985876212));
#2667=CARTESIAN_POINT('Ctrl Pts',(2.54465300073664,-20.1636356718699,4.32995484151603));
#2668=CARTESIAN_POINT('Ctrl Pts',(-0.00503188120210551,-20.1629993721215,
4.26957767071946));
#2669=CARTESIAN_POINT('Origin',(0.,0.,4.5));
#2670=CARTESIAN_POINT('',(1.32677558800642E-7,20.1638391886522,9.23028825344128));
#2671=CARTESIAN_POINT('',(2.67050120985463E-6,20.1700548978652,8.76962743202972));
#2672=CARTESIAN_POINT('',(2.0078300279826E-15,20.163,4.5));
#2673=CARTESIAN_POINT('Ctrl Pts',(5.16684551554736E-6,20.1657308870354,
6.23027861016711));
#2674=CARTESIAN_POINT('Ctrl Pts',(-0.614443712688914,20.1670226840583,6.24483472749744));
#2675=CARTESIAN_POINT('Ctrl Pts',(-5.57188042971559,19.9483963173228,6.36229234608471));
#2676=CARTESIAN_POINT('Ctrl Pts',(-14.550945804677,15.9974562551541,6.58265342906642));
#2677=CARTESIAN_POINT('Ctrl Pts',(-20.1259268246564,6.00382517597773,6.83990829883454));
#2678=CARTESIAN_POINT('Ctrl Pts',(-20.3171753977839,-2.80172032066243,7.04571052139484));
#2679=CARTESIAN_POINT('Ctrl Pts',(-17.8900928587255,-10.753549636044,7.24007984263446));
#2680=CARTESIAN_POINT('Ctrl Pts',(-10.8799820901246,-18.3229006956385,7.47446894581108));
#2681=CARTESIAN_POINT('Ctrl Pts',(0.82929168943766,-21.2896106809958,7.74887168641065));
#2682=CARTESIAN_POINT('Ctrl Pts',(12.2684021779037,-17.4220041322238,8.02327819873167));
#2683=CARTESIAN_POINT('Ctrl Pts',(19.7688146050951,-7.95098088363471,8.29768047478228));
#2684=CARTESIAN_POINT('Ctrl Pts',(20.7207326733045,2.06530086406012,8.52635330206221));
#2685=CARTESIAN_POINT('Ctrl Pts',(18.1319293509338,9.43099394853149,8.70928750724591));
#2686=CARTESIAN_POINT('Ctrl Pts',(14.1536848225165,14.9806448693307,8.86935805250738));
#2687=CARTESIAN_POINT('Ctrl Pts',(7.90921295553416,19.1467163212305,9.04302384075487));
#2688=CARTESIAN_POINT('Ctrl Pts',(2.50515420926657,20.1624013538987,9.17095669897899));
#2689=CARTESIAN_POINT('Ctrl Pts',(1.32677558384309E-7,20.1638391886522,
9.23028825344128));
#2690=CARTESIAN_POINT('Ctrl Pts',(2.67050120988932E-6,20.1700548978652,
8.76962743202972));
#2691=CARTESIAN_POINT('Ctrl Pts',(4.41130953631497,20.1673572499277,8.66506072279437));
#2692=CARTESIAN_POINT('Ctrl Pts',(13.3643413726007,17.120551616899,8.45315274190737));
#2693=CARTESIAN_POINT('Ctrl Pts',(20.4729197762181,6.16137578588795,8.16073740822612));
#2694=CARTESIAN_POINT('Ctrl Pts',(20.2936920641996,-5.54774427997195,7.89238032843708));
#2695=CARTESIAN_POINT('Ctrl Pts',(15.0740129084445,-14.6844664079802,7.65086054234764));
#2696=CARTESIAN_POINT('Ctrl Pts',(6.06484153164442,-20.1519000347053,7.4093405692115));
#2697=CARTESIAN_POINT('Ctrl Pts',(-3.57704817394479,-20.5281021365376,7.18794628159047));
#2698=CARTESIAN_POINT('Ctrl Pts',(-11.5378424212711,-17.1280930577234,6.98668013920643));
#2699=CARTESIAN_POINT('Ctrl Pts',(-17.0611675199531,-11.6397808248093,6.80553966063712));
#2700=CARTESIAN_POINT('Ctrl Pts',(-20.1585221813922,-4.4923262063906,6.62439968010046));
#2701=CARTESIAN_POINT('Ctrl Pts',(-20.3889674472522,3.29201288290957,6.44325944643595));
#2702=CARTESIAN_POINT('Ctrl Pts',(-17.7199697588842,10.6092034124847,6.26211935051394));
#2703=CARTESIAN_POINT('Ctrl Pts',(-12.5309658795427,16.4171379664651,6.08097917860225));
#2704=CARTESIAN_POINT('Ctrl Pts',(-6.21419183792383,19.564651960949,5.91683937168402));
#2705=CARTESIAN_POINT('Ctrl Pts',(-1.83192883397069,20.1620702633853,5.81307957447662));
#2706=CARTESIAN_POINT('Ctrl Pts',(1.38676850225394E-7,20.1628302508639,
5.76969983692815));
#2707=CARTESIAN_POINT('Origin',(0.,0.,4.5));
#2708=CARTESIAN_POINT('',(3.464046280377E-7,20.1620691646808,12.230311760358));
#2709=CARTESIAN_POINT('',(1.96754184535186E-6,20.1646162846542,11.7697088914833));
#2710=CARTESIAN_POINT('',(2.0078300279826E-15,20.163,4.5));
#2711=CARTESIAN_POINT('Ctrl Pts',(1.32677558384309E-7,20.1638391886522,
9.23028825344128));
#2712=CARTESIAN_POINT('Ctrl Pts',(-0.391393173407754,20.1640638290857,9.23955793209027));
#2713=CARTESIAN_POINT('Ctrl Pts',(-3.67910968838959,20.0696559487226,9.3174288371318));
#2714=CARTESIAN_POINT('Ctrl Pts',(-9.7715380476101,18.3563362877006,9.46390074630516));
#2715=CARTESIAN_POINT('Ctrl Pts',(-17.3097298154854,11.9590434361601,9.69257070891082));
#2716=CARTESIAN_POINT('Ctrl Pts',(-21.2472836155275,1.61486120659927,9.94410800900977));
#2717=CARTESIAN_POINT('Ctrl Pts',(-18.7093583545855,-10.1957671439486,10.2185136704035));
#2718=CARTESIAN_POINT('Ctrl Pts',(-10.1623941122228,-18.7275120494311,10.4929178290219));
#2719=CARTESIAN_POINT('Ctrl Pts',(1.64914389659011,-21.2432168396559,10.7673214043489));
#2720=CARTESIAN_POINT('Ctrl Pts',(12.9345467353004,-16.9337443819089,11.0417273144143));
#2721=CARTESIAN_POINT('Ctrl Pts',(19.4611104587138,-7.99449939754626,11.2932644828865));
#2722=CARTESIAN_POINT('Ctrl Pts',(20.7159705707318,1.81245941810568,11.5219345273601));
#2723=CARTESIAN_POINT('Ctrl Pts',(18.0687255012457,10.3014325388555,11.7277380342418));
#2724=CARTESIAN_POINT('Ctrl Pts',(12.1098507969334,16.9088581420482,11.9335414282984));
#2725=CARTESIAN_POINT('Ctrl Pts',(5.45795235378221,19.7682395048121,12.1010660422645));
#2726=CARTESIAN_POINT('Ctrl Pts',(1.28055757396695,20.1623242930071,12.1999894804172));
#2727=CARTESIAN_POINT('Ctrl Pts',(3.46404627871166E-7,20.1620691646808,
12.230311760358));
#2728=CARTESIAN_POINT('Ctrl Pts',(1.96754184544901E-6,20.1646162846542,
11.7697088914833));
#2729=CARTESIAN_POINT('Ctrl Pts',(3.58111429443122,20.1608918604436,11.6848671759557));
#2730=CARTESIAN_POINT('Ctrl Pts',(9.42360931982387,18.5726089881457,11.5463542733301));
#2731=CARTESIAN_POINT('Ctrl Pts',(15.7127236358829,13.2396200525425,11.3541702462722));
#2732=CARTESIAN_POINT('Ctrl Pts',(19.1994462311482,7.30799376119234,11.1931569761967));
#2733=CARTESIAN_POINT('Ctrl Pts',(21.0100935499122,-1.73040991695014,10.9784719062067));
#2734=CARTESIAN_POINT('Ctrl Pts',(18.0751734674742,-10.840192735167,10.7637872161508));
#2735=CARTESIAN_POINT('Ctrl Pts',(10.5038946293884,-17.9168831275147,10.5222676951045));
#2736=CARTESIAN_POINT('Ctrl Pts',(1.67572901796481,-20.9811214708204,10.3075826045055));
#2737=CARTESIAN_POINT('Ctrl Pts',(-8.70946434615735,-19.1556091414059,10.066062657948));
#2738=CARTESIAN_POINT('Ctrl Pts',(-16.8949924044685,-12.543549455399,9.82454212525072));
#2739=CARTESIAN_POINT('Ctrl Pts',(-20.8612967627186,-2.77935974978839,9.58302260986181));
#2740=CARTESIAN_POINT('Ctrl Pts',(-19.5916711148278,7.66734341646023,9.34150176859088));
#2741=CARTESIAN_POINT('Ctrl Pts',(-12.7437524244741,17.1664706573385,9.07314680934576));
#2742=CARTESIAN_POINT('Ctrl Pts',(-4.76240240498665,20.1310165096801,8.88252103126743));
#2743=CARTESIAN_POINT('Ctrl Pts',(-0.117091328293855,20.1701265043968,8.77240305714438));
#2744=CARTESIAN_POINT('Ctrl Pts',(2.67050120988932E-6,20.1700548978652,
8.76962743202972));
#2745=CARTESIAN_POINT('Origin',(0.,0.,4.5));
#2746=CARTESIAN_POINT('',(1.64378571084617E-8,20.1637907404181,15.2303067916418));
#2747=CARTESIAN_POINT('',(-8.01138256040224E-6,20.1584736923541,14.7696486839851));
#2748=CARTESIAN_POINT('',(2.0078300279826E-15,20.163,4.5));
#2749=CARTESIAN_POINT('Ctrl Pts',(3.46404627871166E-7,20.1620691646808,
12.230311760358));
#2750=CARTESIAN_POINT('Ctrl Pts',(-1.61657579549326,20.1617470905426,12.2685906230791));
#2751=CARTESIAN_POINT('Ctrl Pts',(-6.1306887830674,19.6222055007635,12.3754706072528));
#2752=CARTESIAN_POINT('Ctrl Pts',(-12.9428532408621,16.2815980918863,12.5509515324618));
#2753=CARTESIAN_POINT('Ctrl Pts',(-18.5556820783055,9.38595293742807,12.7567551827644));
#2754=CARTESIAN_POINT('Ctrl Pts',(-21.0398577783068,-0.184956476720528,
12.9854252292747));
#2755=CARTESIAN_POINT('Ctrl Pts',(-18.3032301039294,-10.9087020912441,13.236963375957));
#2756=CARTESIAN_POINT('Ctrl Pts',(-9.43103926264502,-19.1070725452958,13.5113664382819));
#2757=CARTESIAN_POINT('Ctrl Pts',(2.47058664147791,-21.1632176266114,13.7857731119684));
#2758=CARTESIAN_POINT('Ctrl Pts',(13.575625461263,-16.4212397263438,14.0601761656665));
#2759=CARTESIAN_POINT('Ctrl Pts',(20.3257375620528,-6.40129233905515,14.3345822973037));
#2760=CARTESIAN_POINT('Ctrl Pts',(20.5146648960917,4.66454162477337,14.5861175374569));
#2761=CARTESIAN_POINT('Ctrl Pts',(15.897327564604,13.4063809013204,14.8147895134613));
#2762=CARTESIAN_POINT('Ctrl Pts',(8.84464936712692,18.8247334777859,15.0205925231271));
#2763=CARTESIAN_POINT('Ctrl Pts',(3.00724667261567,20.1518989785914,15.1590981454761));
#2764=CARTESIAN_POINT('Ctrl Pts',(0.0550590420783985,20.1637973053307,15.2290030538136));
#2765=CARTESIAN_POINT('Ctrl Pts',(1.64378573946911E-8,20.1637907404181,
15.2303067916418));
#2766=CARTESIAN_POINT('Ctrl Pts',(-8.01138256001366E-6,20.1584736923541,
14.7696486839851));
#2767=CARTESIAN_POINT('Ctrl Pts',(2.74925311304579,20.1542994407283,14.7045789400346));
#2768=CARTESIAN_POINT('Ctrl Pts',(10.038037753793,18.6801066098519,14.5321675395357));
#2769=CARTESIAN_POINT('Ctrl Pts',(19.2292546462281,10.1876072732712,14.2524140187046));
#2770=CARTESIAN_POINT('Ctrl Pts',(21.1881403716648,-2.8554184868922,13.9572217199089));
#2771=CARTESIAN_POINT('Ctrl Pts',(16.1846647964323,-13.4411062616617,13.6888653966848));
#2772=CARTESIAN_POINT('Ctrl Pts',(7.6532259772884,-19.6038417744986,13.4473455126933));
#2773=CARTESIAN_POINT('Ctrl Pts',(-2.80820511539666,-20.8548933303765,13.20582508606));
#2774=CARTESIAN_POINT('Ctrl Pts',(-12.5596392643739,-16.8840740653357,12.9643050718575));
#2775=CARTESIAN_POINT('Ctrl Pts',(-19.168428492195,-8.68240741921065,12.7227847489974));
#2776=CARTESIAN_POINT('Ctrl Pts',(-20.9753545363364,1.69049466260458,12.4812645696211));
#2777=CARTESIAN_POINT('Ctrl Pts',(-17.5277726006361,11.646296804881,12.2397443533346));
#2778=CARTESIAN_POINT('Ctrl Pts',(-9.98347782731523,18.4126142274112,12.0071694824801));
#2779=CARTESIAN_POINT('Ctrl Pts',(-3.40987511473362,20.120882201142,11.8504909352723));
#2780=CARTESIAN_POINT('Ctrl Pts',(-0.194593190161566,20.1648186672802,11.7743191314048));
#2781=CARTESIAN_POINT('Ctrl Pts',(1.96754184544901E-6,20.1646162846542,
11.7697088914833));
#2782=CARTESIAN_POINT('Origin',(0.,0.,4.5));
#2783=CARTESIAN_POINT('',(-9.63439837242674E-6,20.1588452615992,18.2302852111085));
#2784=CARTESIAN_POINT('',(6.64899907784622E-6,20.1662967724433,17.7696596713813));
#2785=CARTESIAN_POINT('',(2.0078300279826E-15,20.163,4.5));
#2786=CARTESIAN_POINT('Ctrl Pts',(1.64378573946911E-8,20.1637907404181,
15.2303067916418));
#2787=CARTESIAN_POINT('Ctrl Pts',(-2.84208312124104,20.1634518672278,15.2976042284277));
#2788=CARTESIAN_POINT('Ctrl Pts',(-8.58266900432633,18.9334520527166,15.43350325175));
#2789=CARTESIAN_POINT('Ctrl Pts',(-15.6734518358963,13.6646507560509,15.6380018746584));
#2790=CARTESIAN_POINT('Ctrl Pts',(-20.6797988501952,4.56711640431143,15.8781080579346));
#2791=CARTESIAN_POINT('Ctrl Pts',(-20.2363053838569,-7.62789270721886,16.1525104225223));
#2792=CARTESIAN_POINT('Ctrl Pts',(-11.5487529968003,-18.2804369854864,16.4612153798703));
#2793=CARTESIAN_POINT('Ctrl Pts',(1.79083306506474,-21.5473543829982,16.7699234178418));
#2794=CARTESIAN_POINT('Ctrl Pts',(14.412854653853,-16.1206751259921,17.0786253613641));
#2795=CARTESIAN_POINT('Ctrl Pts',(21.2133293495293,-4.18234491675285,17.3873309609491));
#2796=CARTESIAN_POINT('Ctrl Pts',(19.4541569710234,9.43826197855343,17.6960387866738));
#2797=CARTESIAN_POINT('Ctrl Pts',(10.7006081953756,18.3776213466838,17.977020113838));
#2798=CARTESIAN_POINT('Ctrl Pts',(3.17535172150805,20.1518180274609,18.155103747677));
#2799=CARTESIAN_POINT('Ctrl Pts',(-9.63439837198266E-6,20.1588452615992,
18.2302852111085));
#2800=CARTESIAN_POINT('Ctrl Pts',(6.64899907781846E-6,20.1662967724433,
17.7696596713813));
#2801=CARTESIAN_POINT('Ctrl Pts',(4.17849598246733,20.1567947122408,17.670667457661));
#2802=CARTESIAN_POINT('Ctrl Pts',(12.8928603498314,17.3811472339717,17.4643322283251));
#2803=CARTESIAN_POINT('Ctrl Pts',(19.5640389566404,7.85334839469597,17.2043251723512));
#2804=CARTESIAN_POINT('Ctrl Pts',(20.4944790255128,-1.29028049363371,16.9896421662831));
#2805=CARTESIAN_POINT('Ctrl Pts',(18.4221193155413,-10.2527904073373,16.7749568575147));
#2806=CARTESIAN_POINT('Ctrl Pts',(10.3592159865346,-19.131855110701,16.5066013678947));
#2807=CARTESIAN_POINT('Ctrl Pts',(-3.86002632222345,-21.413453153704,16.184573949755));
#2808=CARTESIAN_POINT('Ctrl Pts',(-16.3837303197149,-14.3141538776334,15.8625462576829));
#2809=CARTESIAN_POINT('Ctrl Pts',(-21.7368199475466,-0.947989334691281,
15.5405205371834));
#2810=CARTESIAN_POINT('Ctrl Pts',(-17.5690995747211,12.8336229585367,15.2184945423538));
#2811=CARTESIAN_POINT('Ctrl Pts',(-8.10503068146706,19.3459492126846,14.9615355130296));
#2812=CARTESIAN_POINT('Ctrl Pts',(-1.786054156384,20.1611854776983,14.8119209746404));
#2813=CARTESIAN_POINT('Ctrl Pts',(-8.01138256001366E-6,20.1584736923541,
14.7696486839851));
#2814=CARTESIAN_POINT('Origin',(0.,0.,4.5));
#2815=CARTESIAN_POINT('',(-20.163,-2.46925534112081E-15,26.));
#2816=CARTESIAN_POINT('',(2.0078300279826E-15,20.163,26.));
#2817=CARTESIAN_POINT('Origin',(0.,0.,26.));
#2818=CARTESIAN_POINT('Origin',(0.,0.,26.));
#2819=CARTESIAN_POINT('',(-1.66543188614976E-7,20.1626421807448,23.7696947338174));
#2820=CARTESIAN_POINT('',(2.0078300279826E-15,20.163,4.5));
#2821=CARTESIAN_POINT('',(-20.100588217502,-1.58521995647934,24.5572740074048));
#2822=CARTESIAN_POINT('Ctrl Pts',(-20.100588217502,-1.58521995647934,24.5572740074048));
#2823=CARTESIAN_POINT('Ctrl Pts',(-20.3010454434112,0.956577563009668,24.4968967236376));
#2824=CARTESIAN_POINT('Ctrl Pts',(-19.726866085425,6.11660209543907,24.3761330691057));
#2825=CARTESIAN_POINT('Ctrl Pts',(-16.0583873278741,12.9874627383762,24.1949951741864));
#2826=CARTESIAN_POINT('Ctrl Pts',(-10.1069883642053,18.0110772577453,24.0138538847649));
#2827=CARTESIAN_POINT('Ctrl Pts',(-4.32404012266545,19.9382329758949,23.8720877539262));
#2828=CARTESIAN_POINT('Ctrl Pts',(-0.887128094170473,20.1629322056952,23.7907012216825));
#2829=CARTESIAN_POINT('Ctrl Pts',(-1.6654318846232E-7,20.1626421807448,
23.7696947338174));
#2830=CARTESIAN_POINT('',(-20.0897964800454,-1.71657985260134,24.2449465627975));
#2831=CARTESIAN_POINT('Ctrl Pts',(-20.100588217502,-1.58521995647934,24.5572740074048));
#2832=CARTESIAN_POINT('Ctrl Pts',(-20.1005598739187,-1.58557935310077,24.5569155359497));
#2833=CARTESIAN_POINT('Ctrl Pts',(-20.1005315641379,-1.58593819812734,24.5565565229593));
#2834=CARTESIAN_POINT('Ctrl Pts',(-20.0987554877959,-1.60844346641245,24.5339717507955));
#2835=CARTESIAN_POINT('Ctrl Pts',(-20.0971687241905,-1.62808910624159,24.5100551979257));
#2836=CARTESIAN_POINT('Ctrl Pts',(-20.0943088608548,-1.6630210331721,24.4567738270707));
#2837=CARTESIAN_POINT('Ctrl Pts',(-20.0930847722132,-1.67768977251333,24.4278522708166));
#2838=CARTESIAN_POINT('Ctrl Pts',(-20.0905996521253,-1.7072518256167,24.3487093414718));
#2839=CARTESIAN_POINT('Ctrl Pts',(-20.0897964800454,-1.71657985260136,24.2969953722681));
#2840=CARTESIAN_POINT('Ctrl Pts',(-20.0897964800454,-1.71657985260135,24.2449465627974));
#2841=CARTESIAN_POINT('',(-20.0897964803598,-1.71657985241981,22.3266684006451));
#2842=CARTESIAN_POINT('',(-20.0897964800454,-1.71657985260135,21.8));
#2843=CARTESIAN_POINT('',(-20.100588217502,-1.58521995647934,22.0178803535795));
#2844=CARTESIAN_POINT('Ctrl Pts',(-20.0897964800454,-1.71657985260135,22.3266683998974));
#2845=CARTESIAN_POINT('Ctrl Pts',(-20.0897964800454,-1.71657985260135,22.2963726413144));
#2846=CARTESIAN_POINT('Ctrl Pts',(-20.0900745939843,-1.71333399596671,22.2661553137373));
#2847=CARTESIAN_POINT('Ctrl Pts',(-20.0913970104939,-1.69776892364172,22.1944280627241));
#2848=CARTESIAN_POINT('Ctrl Pts',(-20.0927052583589,-1.68232588046971,22.1540757631468));
#2849=CARTESIAN_POINT('Ctrl Pts',(-20.0961489658851,-1.640665687469,22.0805849375756));
#2850=CARTESIAN_POINT('Ctrl Pts',(-20.0981793996892,-1.61574232558352,22.0485069560054));
#2851=CARTESIAN_POINT('Ctrl Pts',(-20.1005288862067,-1.58597214239399,22.0186317448898));
#2852=CARTESIAN_POINT('Ctrl Pts',(-20.1005585346019,-1.58559633563693,22.0182557638539));
#2853=CARTESIAN_POINT('Ctrl Pts',(-20.100588217502,-1.58521995647934,22.0178803535795));
#2854=CARTESIAN_POINT('',(2.035710595788E-6,20.1569121485649,21.230310489739));
#2855=CARTESIAN_POINT('Ctrl Pts',(2.03571059564922E-6,20.1569121485649,
21.230310489739));
#2856=CARTESIAN_POINT('Ctrl Pts',(-2.39672381597962,20.1561656573012,21.2870402624021));
#2857=CARTESIAN_POINT('Ctrl Pts',(-9.14160235822477,18.9749934687688,21.4466719988403));
#2858=CARTESIAN_POINT('Ctrl Pts',(-18.2338072156555,11.6241122781114,21.7091895143345));
#2859=CARTESIAN_POINT('Ctrl Pts',(-20.4421761646087,2.74621588192542,21.9149923912375));
#2860=CARTESIAN_POINT('Ctrl Pts',(-20.1005882164516,-1.58521995655952,22.0178803535795));
#2861=CARTESIAN_POINT('',(8.38215479775917E-6,20.1601125236961,20.7697304126515));
#2862=CARTESIAN_POINT('',(2.0078300279826E-15,20.163,4.5));
#2863=CARTESIAN_POINT('Ctrl Pts',(-1.6654318846232E-7,20.1626421807448,
23.7696947338174));
#2864=CARTESIAN_POINT('Ctrl Pts',(1.66279134486761,20.1620985714066,23.7303211456136));
#2865=CARTESIAN_POINT('Ctrl Pts',(5.87581321483944,19.641926484269,23.6305674085373));
#2866=CARTESIAN_POINT('Ctrl Pts',(12.1137620410485,16.7274104091693,23.4704338782777));
#2867=CARTESIAN_POINT('Ctrl Pts',(17.4473392905162,11.0517504613938,23.2892936561669));
#2868=CARTESIAN_POINT('Ctrl Pts',(20.2995898350551,3.80439396512818,23.1081535596895));
#2869=CARTESIAN_POINT('Ctrl Pts',(20.265323173073,-3.98392893475074,22.9270133829193));
#2870=CARTESIAN_POINT('Ctrl Pts',(17.3485201129969,-11.2058164058155,22.745873271412));
#2871=CARTESIAN_POINT('Ctrl Pts',(11.9657484830959,-16.8338806872041,22.5647330687832));
#2872=CARTESIAN_POINT('Ctrl Pts',(4.87903197764506,-20.0684599721256,22.3835930116778));
#2873=CARTESIAN_POINT('Ctrl Pts',(-2.89706597870913,-20.4481806941303,22.2024526719779));
#2874=CARTESIAN_POINT('Ctrl Pts',(-10.2698707012603,-17.9217327237375,22.0213128656279));
#2875=CARTESIAN_POINT('Ctrl Pts',(-16.1653820974376,-12.8432331345996,21.8401720284965));
#2876=CARTESIAN_POINT('Ctrl Pts',(-20.7336647380602,-4.15552143844338,21.6120710733638));
#2877=CARTESIAN_POINT('Ctrl Pts',(-20.1884912104118,8.11864162202182,21.3370054720802));
#2878=CARTESIAN_POINT('Ctrl Pts',(-11.4418089997832,18.0945740741046,21.0405718666326));
#2879=CARTESIAN_POINT('Ctrl Pts',(-3.45191738766287,20.1510212891711,20.8514796569356));
#2880=CARTESIAN_POINT('Ctrl Pts',(8.38215479825877E-6,20.1601125236961,
20.7697304126515));
#2881=CARTESIAN_POINT('Origin',(0.,7.34788079488405E-17,-10.6));
#2882=CARTESIAN_POINT('',(21.0220506115584,1.4653260774252E-16,-10.5964281882915));
#2883=CARTESIAN_POINT('',(-21.0220506115584,2.6475000864671E-15,-10.5964281882915));
#2884=CARTESIAN_POINT('Origin',(0.,2.68424569675274E-15,-10.5964281882915));
#2885=CARTESIAN_POINT('Origin',(0.,2.68424569675274E-15,-10.5964281882915));
#2886=CARTESIAN_POINT('',(20.422061243185,5.1468349057048E-15,-10.));
#2887=CARTESIAN_POINT('Origin',(20.422061243185,-2.42750238539693E-15,-10.6));
#2888=CARTESIAN_POINT('Origin',(0.,7.34788079488405E-17,-10.));
#2889=CARTESIAN_POINT('Origin',(0.,1.95943487866646E-15,-26.0000000002506));
#2890=CARTESIAN_POINT('',(-21.2015674876344,6.36241504398602E-15,-40.751493986219));
#2891=CARTESIAN_POINT('Origin',(0.,3.76597186792222E-15,-40.751493986219));
#2892=CARTESIAN_POINT('',(-21.1137500000003,4.54512351421624E-15,-26.0000000002506));
#2893=CARTESIAN_POINT('Origin',(0.,0.,-10.));
#2894=CARTESIAN_POINT('',(-19.6922470612765,-2.41160473316111E-15,-10.));
#2895=CARTESIAN_POINT('Origin',(0.,0.,-10.));
#2896=CARTESIAN_POINT('Origin',(0.,3.76553444714461E-15,-40.7479221745104));
#2897=CARTESIAN_POINT('',(21.3798259572714,4.2499984058946E-15,-41.1747043778073));
#2898=CARTESIAN_POINT('',(-21.3798259572714,1.19952665057469E-15,-41.1747043778073));
#2899=CARTESIAN_POINT('Origin',(0.,6.3908426899216E-15,-41.1747043778073));
#2900=CARTESIAN_POINT('Origin',(-21.8015568560078,1.09561376513071E-15,
-40.7479221745104));
#2901=CARTESIAN_POINT('Origin',(0.,6.3908426899216E-15,-41.1747043778073));
#2902=CARTESIAN_POINT('Origin',(0.,4.50679459279509E-15,-41.5000088601901));
#2903=CARTESIAN_POINT('',(22.2150066027491,1.19831608442351E-15,-42.0000000005013));
#2904=CARTESIAN_POINT('',(21.7090267916177,6.51622751967038E-15,-41.5000088601901));
#2905=CARTESIAN_POINT('Origin',(0.,3.91886975733292E-15,-42.0000000005013));
#2906=CARTESIAN_POINT('Origin',(0.,3.82089801340113E-15,-41.2000000005013));
#2907=CARTESIAN_POINT('',(-22.9104614266383,6.72459208264506E-15,-42.0000000005013));
#2908=CARTESIAN_POINT('Origin',(0.,3.91886975733292E-15,-42.0000000005013));
#2909=CARTESIAN_POINT('',(-23.7031601348634,6.73690412156798E-15,-41.3078367195641));
#2910=CARTESIAN_POINT('Origin',(-22.9104614266383,6.62662033871328E-15,
-41.2000000005013));
#2911=CARTESIAN_POINT('Origin',(0.,6.73690412156798E-15,-41.3078367195641));
#2912=CARTESIAN_POINT('Origin',(21.2090000000006,3.91886975733292E-15,-42.0000000005013));
#2913=CARTESIAN_POINT('Origin',(0.,3.41860153985053E-15,-37.9150000002506));
#2914=CARTESIAN_POINT('',(-24.7204260508522,5.94571238604165E-15,-33.83));
#2915=CARTESIAN_POINT('',(-24.1647130254264,6.37792538574081E-15,-37.9150000002506));
#2916=CARTESIAN_POINT('Origin',(0.,2.91833332236814E-15,-33.83));
#2917=CARTESIAN_POINT('Ctrl Pts',(23.9364129621499,-9.48143563808577,-16.6712899039207));
#2918=CARTESIAN_POINT('Ctrl Pts',(23.6336004589754,-9.30660675786396,-17.809394249985));
#2919=CARTESIAN_POINT('Ctrl Pts',(23.6336004589754,-9.30660675786396,-19.));
#2920=CARTESIAN_POINT('Ctrl Pts',(21.9409570199461,-12.6676174417438,-16.6298065266892));
#2921=CARTESIAN_POINT('Ctrl Pts',(21.6327502492237,-12.4896741797012,-17.7881849343449));
#2922=CARTESIAN_POINT('Ctrl Pts',(21.6327502492237,-12.4896741797012,-19.));
#2923=CARTESIAN_POINT('Ctrl Pts',(20.1793706080044,-15.988823881654,-16.6712899039207));
#2924=CARTESIAN_POINT('Ctrl Pts',(19.8765581048299,-15.8139950014322,-17.809394249985));
#2925=CARTESIAN_POINT('Ctrl Pts',(19.8765581048299,-15.8139950014322,-19.));
#2926=CARTESIAN_POINT('',(19.8765581048299,-15.8139950014321,-19.));
#2927=CARTESIAN_POINT('',(23.6336004589753,-9.30660675786409,-19.));
#2928=CARTESIAN_POINT('Ctrl Pts',(19.8765581048299,-15.8139950014322,-19.));
#2929=CARTESIAN_POINT('Ctrl Pts',(19.8765581048299,-15.8139950014322,-18.8954865989143));
#2930=CARTESIAN_POINT('Ctrl Pts',(19.883513131009,-15.8052643646017,-18.7917767793372));
#2931=CARTESIAN_POINT('Ctrl Pts',(19.9162573458736,-15.7639984035892,-18.5449856370172));
#2932=CARTESIAN_POINT('Ctrl Pts',(19.9482475089517,-15.7236153366547,-18.406417284703));
#2933=CARTESIAN_POINT('Ctrl Pts',(20.0692957944733,-15.5691920435597,-18.0291731964638));
#2934=CARTESIAN_POINT('Ctrl Pts',(20.1871931903952,-15.4175055711927,-17.798487520312));
#2935=CARTESIAN_POINT('Ctrl Pts',(20.4944968052435,-15.0068316159989,-17.3737984545241));
#2936=CARTESIAN_POINT('Ctrl Pts',(20.6739389545777,-14.7596835782456,-17.2005048037993));
#2937=CARTESIAN_POINT('Ctrl Pts',(21.1220522140664,-14.1151908244981,-16.8682102042339));
#2938=CARTESIAN_POINT('Ctrl Pts',(21.4164868285319,-13.6679700004387,-16.7381044024415));
#2939=CARTESIAN_POINT('Ctrl Pts',(22.103704548458,-12.5364279489605,-16.6151401906924));
#2940=CARTESIAN_POINT('Ctrl Pts',(22.4732992829991,-11.856757030751,-16.6882379357512));
#2941=CARTESIAN_POINT('Ctrl Pts',(22.9792398052657,-10.8315631498616,-17.0322564943257));
#2942=CARTESIAN_POINT('Ctrl Pts',(23.1462401518352,-10.4652167644592,-17.2235774990364));
#2943=CARTESIAN_POINT('Ctrl Pts',(23.3889938340253,-9.90915267881048,-17.6555509006415));
#2944=CARTESIAN_POINT('Ctrl Pts',(23.4732296509819,-9.70526130560691,-17.8794697784714));
#2945=CARTESIAN_POINT('Ctrl Pts',(23.5667013244121,-9.47517584480895,-18.2634953822761));
#2946=CARTESIAN_POINT('Ctrl Pts',(23.5935924629263,-9.40769016040807,-18.4157617532101));
#2947=CARTESIAN_POINT('Ctrl Pts',(23.6189192446383,-9.34382741482239,-18.6502676956089));
#2948=CARTESIAN_POINT('Ctrl Pts',(23.6248056087703,-9.32891559932562,-18.7245425306596));
#2949=CARTESIAN_POINT('Ctrl Pts',(23.6319213893017,-9.31087396322706,-18.8662446774121));
#2950=CARTESIAN_POINT('Ctrl Pts',(23.6336004589754,-9.30660675786396,-18.9330145515771));
#2951=CARTESIAN_POINT('Ctrl Pts',(23.6336004589754,-9.30660675786396,-19.));
#2952=CARTESIAN_POINT('Origin',(108.296476743305,-62.5250000000348,-19.));
#2953=CARTESIAN_POINT('Origin',(108.296476743305,-62.5250000000348,-19.));
#2954=CARTESIAN_POINT('',(19.8765581048299,-15.8139950014322,-23.7930055480467));
#2955=CARTESIAN_POINT('',(19.8765581048299,-15.8139950014321,-19.));
#2956=CARTESIAN_POINT('',(23.6336004589753,-9.30660675786401,-23.7930055480467));
#2957=CARTESIAN_POINT('Ctrl Pts',(23.6336004589753,-9.30660675786404,-23.7930055480467));
#2958=CARTESIAN_POINT('Ctrl Pts',(23.6336004589753,-9.30660675786404,-24.694927504152));
#2959=CARTESIAN_POINT('Ctrl Pts',(23.5863387248561,-9.38154207410732,-25.6129859170567));
#2960=CARTESIAN_POINT('Ctrl Pts',(23.3853830173496,-9.70319100440773,-27.4082533856206));
#2961=CARTESIAN_POINT('Ctrl Pts',(23.2326857961684,-9.94852986811146,-28.2365095736198));
#2962=CARTESIAN_POINT('Ctrl Pts',(22.9238116501369,-10.452369924726,-29.3534661048733));
#2963=CARTESIAN_POINT('Ctrl Pts',(22.7803592794501,-10.6877261132641,-29.7673581059118));
#2964=CARTESIAN_POINT('Ctrl Pts',(22.5054649748167,-11.1446210136698,-30.3289483789084));
#2965=CARTESIAN_POINT('Ctrl Pts',(22.3886800404128,-11.3399062864841,-30.5220050423203));
#2966=CARTESIAN_POINT('Ctrl Pts',(22.1627938527975,-11.721207432413,-30.7891498142238));
#2967=CARTESIAN_POINT('Ctrl Pts',(22.0590032372038,-11.8974892684491,-30.8800564363939));
#2968=CARTESIAN_POINT('Ctrl Pts',(21.8849371814424,-12.1954611547539,-30.9711671838448));
#2969=CARTESIAN_POINT('Ctrl Pts',(21.8188844540931,-12.3090286698649,-30.9926838819713));
#2970=CARTESIAN_POINT('Ctrl Pts',(21.6926431285655,-12.5270989585097,-31.0077257921455));
#2971=CARTESIAN_POINT('Ctrl Pts',(21.633395761807,-12.6298665713996,-31.0039368849451));
#2972=CARTESIAN_POINT('Ctrl Pts',(21.5000620363504,-12.8620882787577,-30.9710125842456));
#2973=CARTESIAN_POINT('Ctrl Pts',(21.4275077366478,-12.9891296510018,-30.9356803680318));
#2974=CARTESIAN_POINT('Ctrl Pts',(21.2234591810701,-13.3481466403576,-30.7898113446873));
#2975=CARTESIAN_POINT('Ctrl Pts',(21.1011735378916,-13.5655262230579,-30.6425729519102));
#2976=CARTESIAN_POINT('Ctrl Pts',(20.8158448619561,-14.0763860782129,-30.1813723164753));
#2977=CARTESIAN_POINT('Ctrl Pts',(20.6547438268581,-14.3688477571543,-29.793332357186));
#2978=CARTESIAN_POINT('Ctrl Pts',(20.3324568086062,-14.9595469619989,-28.7092739812585));
#2979=CARTESIAN_POINT('Ctrl Pts',(20.1856541255932,-15.2329823665699,-27.9701236065295));
#2980=CARTESIAN_POINT('Ctrl Pts',(19.9399518535731,-15.6932715195766,-26.0631296971556));
#2981=CARTESIAN_POINT('Ctrl Pts',(19.8765581048299,-15.8139950014321,-24.911934087905));
#2982=CARTESIAN_POINT('Ctrl Pts',(19.8765581048299,-15.8139950014321,-23.7930055480467));
#2983=CARTESIAN_POINT('',(23.6336004589753,-9.30660675786409,-19.));
#2984=CARTESIAN_POINT('Origin',(0.,1.15073970453869E-15,-19.3965027740233));
#2985=CARTESIAN_POINT('',(23.6336004589753,9.30660675786406,-23.7930055480467));
#2986=CARTESIAN_POINT('Origin',(0.,1.6891560095037E-15,-23.7930055480467));
#2987=CARTESIAN_POINT('',(23.6336004589753,9.30660675786413,-19.));
#2988=CARTESIAN_POINT('',(23.6336004589753,9.30660675786413,-19.));
#2989=CARTESIAN_POINT('',(19.8765581048299,15.8139950014321,-19.));
#2990=CARTESIAN_POINT('Ctrl Pts',(23.6336004589753,9.30660675786409,-19.));
#2991=CARTESIAN_POINT('Ctrl Pts',(23.6336004589753,9.30660675786409,-18.8954865989145));
#2992=CARTESIAN_POINT('Ctrl Pts',(23.6295170187786,9.31699530563434,-18.7917767793377));
#2993=CARTESIAN_POINT('Ctrl Pts',(23.6101517556624,9.36598560804035,-18.5449856370174));
#2994=CARTESIAN_POINT('Ctrl Pts',(23.5911740753534,9.41388143540427,-18.4064172847034));
#2995=CARTESIAN_POINT('Ctrl Pts',(23.517963723357,9.59592397230056,-18.0291731964588));
#2996=CARTESIAN_POINT('Ctrl Pts',(23.4455480828365,9.77386934839487,-17.7984875203078));
#2997=CARTESIAN_POINT('Ctrl Pts',(23.2435458123923,10.2453390631204,-17.3737984545241));
#2998=CARTESIAN_POINT('Ctrl Pts',(23.1192304078697,10.5243145418299,-17.2005048037994));
#2999=CARTESIAN_POINT('Ctrl Pts',(22.7851399403149,11.2346383851912,-16.8682102042352));
#3000=CARTESIAN_POINT('Ctrl Pts',(22.5450526528112,11.7132366531009,-16.7381044024418));
#3001=CARTESIAN_POINT('Ctrl Pts',(21.9087173507404,12.874155682233,-16.615140190692));
#3002=CARTESIAN_POINT('Ctrl Pts',(21.504902436628,13.5340695705549,-16.6882379357522));
#3003=CARTESIAN_POINT('Ctrl Pts',(20.8700287531176,14.4848238560701,-17.0322564943208));
#3004=CARTESIAN_POINT('Ctrl Pts',(20.6362636500568,14.8126235913459,-17.2235774990282));
#3005=CARTESIAN_POINT('Ctrl Pts',(20.2760748668388,15.3008864898215,-17.6555509006442));
#3006=CARTESIAN_POINT('Ctrl Pts',(20.1416176665113,15.4757825338147,-17.8794697784746));
#3007=CARTESIAN_POINT('Ctrl Pts',(19.9890936491348,15.6717741079374,-18.2634953822771));
#3008=CARTESIAN_POINT('Ctrl Pts',(19.9440949013094,15.7288053592272,-18.4157617532105));
#3009=CARTESIAN_POINT('Ctrl Pts',(19.9014515321329,15.7826703683786,-18.6502676956089));
#3010=CARTESIAN_POINT('Ctrl Pts',(19.8914807031621,15.7952240170013,-18.7245425306598));
#3011=CARTESIAN_POINT('Ctrl Pts',(19.8794140782407,15.8104072817583,-18.8662446774109));
#3012=CARTESIAN_POINT('Ctrl Pts',(19.8765581048299,15.8139950014322,-18.9330145515765));
#3013=CARTESIAN_POINT('Ctrl Pts',(19.8765581048299,15.8139950014322,-19.));
#3014=CARTESIAN_POINT('',(19.8765581048298,15.8139950014322,-23.7930055480467));
#3015=CARTESIAN_POINT('',(19.8765581048299,15.8139950014321,-19.));
#3016=CARTESIAN_POINT('',(3.75704235414547,25.1206017592962,-23.7930055480467));
#3017=CARTESIAN_POINT('Origin',(0.,1.6891560095037E-15,-23.7930055480467));
#3018=CARTESIAN_POINT('',(3.75704235414538,25.1206017592962,-19.));
#3019=CARTESIAN_POINT('',(3.75704235414538,25.1206017592962,-19.));
#3020=CARTESIAN_POINT('',(-3.7570423541454,25.1206017592962,-19.));
#3021=CARTESIAN_POINT('Ctrl Pts',(3.75704235414545,25.1206017592962,-19.));
#3022=CARTESIAN_POINT('Ctrl Pts',(3.75704235414545,25.1206017592962,-18.8032955037441));
#3023=CARTESIAN_POINT('Ctrl Pts',(3.71798321680992,25.1265195093865,-18.6115736815174));
#3024=CARTESIAN_POINT('Ctrl Pts',(3.55671113363264,25.1499072306146,-18.2057980186773));
#3025=CARTESIAN_POINT('Ctrl Pts',(3.42154765963061,25.1690252477598,-18.0047064290721));
#3026=CARTESIAN_POINT('Ctrl Pts',(3.02136553680223,25.2208015274133,-17.5690308297951));
#3027=CARTESIAN_POINT('Ctrl Pts',(2.70634154872402,25.2582424821285,-17.3416506150778));
#3028=CARTESIAN_POINT('Ctrl Pts',(1.93899952377238,25.3289199507204,-16.9666997433932));
#3029=CARTESIAN_POINT('Ctrl Pts',(1.51115502248292,25.3586705498524,-16.8361367176565));
#3030=CARTESIAN_POINT('Ctrl Pts',(0.883216738716556,25.3854079552586,-16.7204961667216));
#3031=CARTESIAN_POINT('Ctrl Pts',(0.683367601141484,25.3915950539305,-16.6945822731136));
#3032=CARTESIAN_POINT('Ctrl Pts',(0.349279581909166,25.3979514698454,-16.6680593417959));
#3033=CARTESIAN_POINT('Ctrl Pts',(0.214870566960712,25.3994463771393,-16.6618848091591));
#3034=CARTESIAN_POINT('Ctrl Pts',(-0.0450276084859704,25.4002704553062,
-16.6584748807485));
#3035=CARTESIAN_POINT('Ctrl Pts',(-0.170756826878323,25.3997357169114,-16.6606793619705));
#3036=CARTESIAN_POINT('Ctrl Pts',(-0.456850045292916,25.3963994956669,-16.6745253891611));
#3037=CARTESIAN_POINT('Ctrl Pts',(-0.617440506032783,25.3929954452209,-16.6886652505439));
#3038=CARTESIAN_POINT('Ctrl Pts',(-1.07800266053961,25.3789018529178,-16.7482972347124));
#3039=CARTESIAN_POINT('Ctrl Pts',(-1.3778698291671,25.3642616912199,-16.8108291439018));
#3040=CARTESIAN_POINT('Ctrl Pts',(-2.19588912976837,25.3104402913535,-17.0600738990059));
#3041=CARTESIAN_POINT('Ctrl Pts',(-2.6533519166067,25.263517346611,-17.2954873526873));
#3042=CARTESIAN_POINT('Ctrl Pts',(-3.25124220148049,25.1922765766787,-17.7915363822119));
#3043=CARTESIAN_POINT('Ctrl Pts',(-3.44105861111527,25.1661623784289,-18.019326158677));
#3044=CARTESIAN_POINT('Ctrl Pts',(-3.63010010303109,25.1393361605057,-18.3793235976731));
#3045=CARTESIAN_POINT('Ctrl Pts',(-3.67843219938968,25.1322542895931,-18.5024028118233));
#3046=CARTESIAN_POINT('Ctrl Pts',(-3.74129286377323,25.1229711443677,-18.7516579487038));
#3047=CARTESIAN_POINT('Ctrl Pts',(-3.75704235414549,25.1206017592962,-18.8751529894694));
#3048=CARTESIAN_POINT('Ctrl Pts',(-3.75704235414549,25.1206017592962,-19.));
#3049=CARTESIAN_POINT('',(-3.75704235414549,25.1206017592962,-23.7930055480467));
#3050=CARTESIAN_POINT('',(-3.7570423541454,25.1206017592962,-19.));
#3051=CARTESIAN_POINT('',(-19.8765581048299,15.8139950014322,-23.7930055480467));
#3052=CARTESIAN_POINT('Origin',(0.,1.6891560095037E-15,-23.7930055480467));
#3053=CARTESIAN_POINT('',(-19.8765581048299,15.8139950014321,-19.));
#3054=CARTESIAN_POINT('',(-19.8765581048299,15.8139950014321,-19.));
#3055=CARTESIAN_POINT('',(-23.6336004589753,9.30660675786411,-19.));
#3056=CARTESIAN_POINT('Ctrl Pts',(-19.8765581048299,15.8139950014322,-19.));
#3057=CARTESIAN_POINT('Ctrl Pts',(-19.8765581048299,15.8139950014322,-18.8954880638149));
#3058=CARTESIAN_POINT('Ctrl Pts',(-19.8835129359332,15.8052646091876,-18.79177967605));
#3059=CARTESIAN_POINT('Ctrl Pts',(-19.9162562646526,15.7639997679804,-18.5449917686792));
#3060=CARTESIAN_POINT('Ctrl Pts',(-19.9482455940824,15.7236177587371,-18.4064250598522));
#3061=CARTESIAN_POINT('Ctrl Pts',(-20.0692915040068,15.5691975558779,-18.0291831787856));
#3062=CARTESIAN_POINT('Ctrl Pts',(-20.187187277144,15.4175132646484,-17.798497996929));
#3063=CARTESIAN_POINT('Ctrl Pts',(-20.4944870091128,15.0068449278794,-17.3738095594499));
#3064=CARTESIAN_POINT('Ctrl Pts',(-20.6739269655503,14.7597002886041,-17.2005157787577));
#3065=CARTESIAN_POINT('Ctrl Pts',(-21.1220352029362,14.1152160800071,-16.8682197292095));
#3066=CARTESIAN_POINT('Ctrl Pts',(-21.4164670463796,13.6680007842997,-16.738111777499));
#3067=CARTESIAN_POINT('Ctrl Pts',(-22.1036846008684,12.5364631953591,-16.6151386098766));
#3068=CARTESIAN_POINT('Ctrl Pts',(-22.4732824063797,11.8567893361991,-16.6882317835414));
#3069=CARTESIAN_POINT('Ctrl Pts',(-22.9792274499632,10.8315894422316,-17.0322445573386));
#3070=CARTESIAN_POINT('Ctrl Pts',(-23.1462293937111,10.4652406681963,-17.2235632342483));
#3071=CARTESIAN_POINT('Ctrl Pts',(-23.3889863159429,9.90917051828445,-17.6555334432618));
#3072=CARTESIAN_POINT('Ctrl Pts',(-23.4732236487821,9.70527588126997,-17.8794514578018));
#3073=CARTESIAN_POINT('Ctrl Pts',(-23.5666984904431,9.4751829368547,-18.2634800424678));
#3074=CARTESIAN_POINT('Ctrl Pts',(-23.5935909896452,9.40769386609835,-18.4157506144857));
#3075=CARTESIAN_POINT('Ctrl Pts',(-23.6189188245382,9.34382847830959,-18.6502626752865));
#3076=CARTESIAN_POINT('Ctrl Pts',(-23.6248053764955,9.32891618788514,-18.7245388080443));
#3077=CARTESIAN_POINT('Ctrl Pts',(-23.6319213491659,9.31087406530561,-18.8662430827994));
#3078=CARTESIAN_POINT('Ctrl Pts',(-23.6336004589754,9.30660675786397,-18.9330137504378));
#3079=CARTESIAN_POINT('Ctrl Pts',(-23.6336004589754,9.30660675786397,-19.));
#3080=CARTESIAN_POINT('',(-23.6336004589753,9.30660675786403,-23.7930055480467));
#3081=CARTESIAN_POINT('',(-23.6336004589753,9.30660675786411,-19.));
#3082=CARTESIAN_POINT('',(-25.4,4.79975887933798E-15,-23.7930055480467));
#3083=CARTESIAN_POINT('Origin',(0.,1.6891560095037E-15,-23.7930055480467));
#3084=CARTESIAN_POINT('',(-25.4,3.72292626940795E-15,-15.));
#3085=CARTESIAN_POINT('',(-25.4,4.26134257437297E-15,-19.3965027740233));
#3086=CARTESIAN_POINT('Origin',(0.,6.12323399573677E-16,-15.));
#3087=CARTESIAN_POINT('',(-23.6336004589753,-9.30660675786404,-23.7930055480467));
#3088=CARTESIAN_POINT('Origin',(0.,1.6891560095037E-15,-23.7930055480467));
#3089=CARTESIAN_POINT('',(-23.6336004589753,-9.30660675786412,-19.));
#3090=CARTESIAN_POINT('',(-23.6336004589753,-9.30660675786412,-19.));
#3091=CARTESIAN_POINT('',(-19.8765581048299,-15.8139950014321,-19.));
#3092=CARTESIAN_POINT('Ctrl Pts',(-23.6336004589753,-9.30660675786407,-19.));
#3093=CARTESIAN_POINT('Ctrl Pts',(-23.6336004589753,-9.30660675786407,-18.8954865989139));
#3094=CARTESIAN_POINT('Ctrl Pts',(-23.6295170187784,-9.31699530563463,-18.7917767793365));
#3095=CARTESIAN_POINT('Ctrl Pts',(-23.6101517556623,-9.36598560804032,-18.5449856370178));
#3096=CARTESIAN_POINT('Ctrl Pts',(-23.5911740753537,-9.4138814354038,-18.4064172847042));
#3097=CARTESIAN_POINT('Ctrl Pts',(-23.5179637233567,-9.59592397230133,-18.0291731964571));
#3098=CARTESIAN_POINT('Ctrl Pts',(-23.4455480828359,-9.77386934839648,-17.7984875203062));
#3099=CARTESIAN_POINT('Ctrl Pts',(-23.2435458123923,-10.2453390631205,-17.373798454524));
#3100=CARTESIAN_POINT('Ctrl Pts',(-23.1192304078696,-10.5243145418301,-17.2005048037993));
#3101=CARTESIAN_POINT('Ctrl Pts',(-22.7851399403131,-11.234638385195,-16.8682102042334));
#3102=CARTESIAN_POINT('Ctrl Pts',(-22.5450526528087,-11.7132366531056,-16.7381044024413));
#3103=CARTESIAN_POINT('Ctrl Pts',(-21.9087173507426,-12.8741556822289,-16.6151401906926));
#3104=CARTESIAN_POINT('Ctrl Pts',(-21.5049024366303,-13.5340695705515,-16.6882379357508));
#3105=CARTESIAN_POINT('Ctrl Pts',(-20.8700287531116,-14.4848238560791,-17.032256494324));
#3106=CARTESIAN_POINT('Ctrl Pts',(-20.6362636500524,-14.8126235913519,-17.2235774990335));
#3107=CARTESIAN_POINT('Ctrl Pts',(-20.27607486683,-15.3008864898334,-17.6555509006548));
#3108=CARTESIAN_POINT('Ctrl Pts',(-20.1416176665064,-15.475782533821,-17.8794697784872));
#3109=CARTESIAN_POINT('Ctrl Pts',(-19.9890936491354,-15.6717741079365,-18.2634953822759));
#3110=CARTESIAN_POINT('Ctrl Pts',(-19.9440949013094,-15.7288053592272,-18.4157617532101));
#3111=CARTESIAN_POINT('Ctrl Pts',(-19.9014515321328,-15.7826703683788,-18.6502676956093));
#3112=CARTESIAN_POINT('Ctrl Pts',(-19.8914807031621,-15.7952240170014,-18.7245425306599));
#3113=CARTESIAN_POINT('Ctrl Pts',(-19.8794140782407,-15.8104072817585,-18.8662446774119));
#3114=CARTESIAN_POINT('Ctrl Pts',(-19.8765581048299,-15.8139950014321,-18.933014551577));
#3115=CARTESIAN_POINT('Ctrl Pts',(-19.8765581048299,-15.8139950014321,-19.));
#3116=CARTESIAN_POINT('',(-19.8765581048299,-15.8139950014322,-23.7930055480467));
#3117=CARTESIAN_POINT('',(-19.8765581048299,-15.8139950014321,-19.));
#3118=CARTESIAN_POINT('',(-3.75704235414548,-25.1206017592962,-23.7930055480467));
#3119=CARTESIAN_POINT('Origin',(0.,1.6891560095037E-15,-23.7930055480467));
#3120=CARTESIAN_POINT('',(-3.75704235414538,-25.1206017592962,-19.));
#3121=CARTESIAN_POINT('',(-3.75704235414538,-25.1206017592962,-19.));
#3122=CARTESIAN_POINT('',(3.75704235414539,-25.1206017592962,-19.));
#3123=CARTESIAN_POINT('Ctrl Pts',(-3.75704235414548,-25.1206017592962,-19.));
#3124=CARTESIAN_POINT('Ctrl Pts',(-3.75704235414548,-25.1206017592962,-18.8032955037441));
#3125=CARTESIAN_POINT('Ctrl Pts',(-3.71798321680991,-25.1265195093865,-18.6115736815173));
#3126=CARTESIAN_POINT('Ctrl Pts',(-3.55671113363266,-25.1499072306146,-18.2057980186774));
#3127=CARTESIAN_POINT('Ctrl Pts',(-3.42154765963071,-25.1690252477598,-18.0047064290722));
#3128=CARTESIAN_POINT('Ctrl Pts',(-3.02136553679292,-25.2208015274145,-17.5690308297849));
#3129=CARTESIAN_POINT('Ctrl Pts',(-2.70634154870911,-25.2582424821298,-17.3416506150706));
#3130=CARTESIAN_POINT('Ctrl Pts',(-1.93899952377253,-25.3289199507204,-16.9666997433935));
#3131=CARTESIAN_POINT('Ctrl Pts',(-1.51115502248394,-25.3586705498524,-16.8361367176567));
#3132=CARTESIAN_POINT('Ctrl Pts',(-0.883216738716149,-25.3854079552587,
-16.7204961667215));
#3133=CARTESIAN_POINT('Ctrl Pts',(-0.683367601140738,-25.3915950539305,
-16.6945822731135));
#3134=CARTESIAN_POINT('Ctrl Pts',(-0.349279581908869,-25.3979514698455,
-16.6680593417959));
#3135=CARTESIAN_POINT('Ctrl Pts',(-0.214870566960176,-25.3994463771393,
-16.6618848091591));
#3136=CARTESIAN_POINT('Ctrl Pts',(0.0450276084825035,-25.4002704553062,
-16.6584748807485));
#3137=CARTESIAN_POINT('Ctrl Pts',(0.170756826876635,-25.3997357169114,-16.6606793619703));
#3138=CARTESIAN_POINT('Ctrl Pts',(0.456850045295086,-25.3963994956668,-16.6745253891611));
#3139=CARTESIAN_POINT('Ctrl Pts',(0.617440506033873,-25.3929954452209,-16.6886652505441));
#3140=CARTESIAN_POINT('Ctrl Pts',(1.07800266054008,-25.3789018529178,-16.7482972347125));
#3141=CARTESIAN_POINT('Ctrl Pts',(1.3778698291674,-25.3642616912199,-16.8108291439019));
#3142=CARTESIAN_POINT('Ctrl Pts',(2.19588912976594,-25.3104402913537,-17.0600738990052));
#3143=CARTESIAN_POINT('Ctrl Pts',(2.65335191660511,-25.2635173466111,-17.2954873526859));
#3144=CARTESIAN_POINT('Ctrl Pts',(3.25124220147777,-25.192276576679,-17.7915363822096));
#3145=CARTESIAN_POINT('Ctrl Pts',(3.44105861111397,-25.1661623784291,-18.0193261586744));
#3146=CARTESIAN_POINT('Ctrl Pts',(3.63010010303107,-25.1393361605057,-18.379323597673));
#3147=CARTESIAN_POINT('Ctrl Pts',(3.67843219938976,-25.1322542895931,-18.5024028118232));
#3148=CARTESIAN_POINT('Ctrl Pts',(3.74129286377347,-25.1229711443677,-18.7516579487045));
#3149=CARTESIAN_POINT('Ctrl Pts',(3.75704235414549,-25.1206017592962,-18.8751529894697));
#3150=CARTESIAN_POINT('Ctrl Pts',(3.75704235414549,-25.1206017592962,-19.));
#3151=CARTESIAN_POINT('',(3.75704235414549,-25.1206017592962,-23.7930055480467));
#3152=CARTESIAN_POINT('',(3.75704235414539,-25.1206017592962,-19.));
#3153=CARTESIAN_POINT('Origin',(0.,1.6891560095037E-15,-23.7930055480467));
#3154=CARTESIAN_POINT('Origin',(108.296476743304,62.525000000035,-19.));
#3155=CARTESIAN_POINT('Origin',(108.296476743304,62.525000000035,-19.));
#3156=CARTESIAN_POINT('Ctrl Pts',(19.8765581048299,15.8139950014321,-23.7930055480467));
#3157=CARTESIAN_POINT('Ctrl Pts',(19.8765581048299,15.8139950014321,-24.6949275041538));
#3158=CARTESIAN_POINT('Ctrl Pts',(19.9178231252777,15.7355974809361,-25.6129859170594));
#3159=CARTESIAN_POINT('Ctrl Pts',(20.0959014162631,15.400740268053,-27.4082533856035));
#3160=CARTESIAN_POINT('Ctrl Pts',(20.2320224941735,15.1458311635742,-28.236509573607));
#3161=CARTESIAN_POINT('Ctrl Pts',(20.5139237096341,14.6264182782242,-29.3534661048753));
#3162=CARTESIAN_POINT('Ctrl Pts',(20.6460219625026,14.3845067867074,-29.7673581059131));
#3163=CARTESIAN_POINT('Ctrl Pts',(20.9042574007968,13.9179938853364,-30.3289483789094));
#3164=CARTESIAN_POINT('Ctrl Pts',(21.0149869408368,13.7192125289563,-30.5220050423208));
#3165=CARTESIAN_POINT('Ctrl Pts',(21.2322603258965,13.3329387791518,-30.789149814225));
#3166=CARTESIAN_POINT('Ctrl Pts',(21.3330295663322,13.154912551356,-30.880056436394));
#3167=CARTESIAN_POINT('Ctrl Pts',(21.5040477616045,12.8551809819787,-30.9711671838445));
#3168=CARTESIAN_POINT('Ctrl Pts',(21.5693737510607,12.7411938845494,-30.992683881971));
#3169=CARTESIAN_POINT('Ctrl Pts',(21.6951074980736,12.5228305453131,-31.0077257921452));
#3170=CARTESIAN_POINT('Ctrl Pts',(21.754483178143,12.4201370141484,-31.0039368849451));
#3171=CARTESIAN_POINT('Ctrl Pts',(21.8889262132968,12.1885557670432,-30.9710125842456));
#3172=CARTESIAN_POINT('Ctrl Pts',(21.9626701191396,12.0622012142264,-30.9356803680332));
#3173=CARTESIAN_POINT('Ctrl Pts',(22.171563674525,11.7059814868093,-30.7898113446872));
#3174=CARTESIAN_POINT('Ctrl Pts',(22.2986770938186,11.491389221948,-30.6425729519092));
#3175=CARTESIAN_POINT('Ctrl Pts',(22.5984303681885,10.9888574125825,-30.1813723164745));
#3176=CARTESIAN_POINT('Ctrl Pts',(22.7711590942361,10.7031089841412,-29.7933323571849));
#3177=CARTESIAN_POINT('Ctrl Pts',(23.1215761025004,10.1286506366035,-28.7092739812589));
#3178=CARTESIAN_POINT('Ctrl Pts',(23.2849767676465,9.86479808148505,-27.97012360653));
#3179=CARTESIAN_POINT('Ctrl Pts',(23.5607477312267,9.42186909564458,-26.0631296971556));
#3180=CARTESIAN_POINT('Ctrl Pts',(23.6336004589753,9.30660675786413,-24.911934087905));
#3181=CARTESIAN_POINT('Ctrl Pts',(23.6336004589753,9.30660675786413,-23.7930055480467));
#3182=CARTESIAN_POINT('Ctrl Pts',(20.1793706080044,15.988823881654,-16.6712899039205));
#3183=CARTESIAN_POINT('Ctrl Pts',(19.8765581048298,15.8139950014322,-17.8093942499849));
#3184=CARTESIAN_POINT('Ctrl Pts',(19.8765581048298,15.8139950014322,-19.));
#3185=CARTESIAN_POINT('Ctrl Pts',(21.9409570199461,12.6676174417439,-16.629806526689));
#3186=CARTESIAN_POINT('Ctrl Pts',(21.6327502492237,12.4896741797013,-17.7881849343448));
#3187=CARTESIAN_POINT('Ctrl Pts',(21.6327502492237,12.4896741797013,-19.));
#3188=CARTESIAN_POINT('Ctrl Pts',(23.9364129621499,9.48143563808592,-16.6712899039205));
#3189=CARTESIAN_POINT('Ctrl Pts',(23.6336004589753,9.30660675786408,-17.8093942499849));
#3190=CARTESIAN_POINT('Ctrl Pts',(23.6336004589753,9.30660675786408,-19.));
#3191=CARTESIAN_POINT('Ctrl Pts',(-25.4,1.6891560095037E-15,-23.7930055480467));
#3192=CARTESIAN_POINT('Ctrl Pts',(-25.4,25.4,-23.7930055480467));
#3193=CARTESIAN_POINT('Ctrl Pts',(-2.46519032881566E-31,25.4,-23.7930055480467));
#3194=CARTESIAN_POINT('Ctrl Pts',(25.4,25.4,-23.7930055480467));
#3195=CARTESIAN_POINT('Ctrl Pts',(25.4,1.6891560095037E-15,-23.7930055480467));
#3196=CARTESIAN_POINT('Ctrl Pts',(25.4,-25.4,-23.7930055480467));
#3197=CARTESIAN_POINT('Ctrl Pts',(2.46519032881566E-31,-25.4,-23.7930055480467));
#3198=CARTESIAN_POINT('Ctrl Pts',(-25.4,-25.4,-23.7930055480467));
#3199=CARTESIAN_POINT('Ctrl Pts',(-25.4,1.6891560095037E-15,-23.7930055480467));
#3200=CARTESIAN_POINT('Ctrl Pts',(-25.4,2.30656207959926E-15,-28.8345087024698));
#3201=CARTESIAN_POINT('Ctrl Pts',(-25.4,25.4,-28.8345087024698));
#3202=CARTESIAN_POINT('Ctrl Pts',(-4.93038065763132E-31,25.4,-28.8345087024698));
#3203=CARTESIAN_POINT('Ctrl Pts',(25.4,25.4,-28.8345087024698));
#3204=CARTESIAN_POINT('Ctrl Pts',(25.4,2.30656207959926E-15,-28.8345087024698));
#3205=CARTESIAN_POINT('Ctrl Pts',(25.4,-25.4,-28.8345087024698));
#3206=CARTESIAN_POINT('Ctrl Pts',(4.93038065763132E-31,-25.4,-28.8345087024698));
#3207=CARTESIAN_POINT('Ctrl Pts',(-25.4,-25.4,-28.8345087024698));
#3208=CARTESIAN_POINT('Ctrl Pts',(-25.4,2.30656207959926E-15,-28.8345087024698));
#3209=CARTESIAN_POINT('Ctrl Pts',(-24.7204260508522,2.91833332236814E-15,
-33.83));
#3210=CARTESIAN_POINT('Ctrl Pts',(-24.7204260508522,24.7204260508522,-33.83));
#3211=CARTESIAN_POINT('Ctrl Pts',(0.,24.7204260508522,-33.83));
#3212=CARTESIAN_POINT('Ctrl Pts',(24.7204260508522,24.7204260508522,-33.83));
#3213=CARTESIAN_POINT('Ctrl Pts',(24.7204260508522,2.91833332236814E-15,
-33.83));
#3214=CARTESIAN_POINT('Ctrl Pts',(24.7204260508522,-24.7204260508522,-33.83));
#3215=CARTESIAN_POINT('Ctrl Pts',(0.,-24.7204260508522,-33.83));
#3216=CARTESIAN_POINT('Ctrl Pts',(-24.7204260508522,-24.7204260508522,-33.83));
#3217=CARTESIAN_POINT('Ctrl Pts',(-24.7204260508522,2.91833332236814E-15,
-33.83));
#3218=CARTESIAN_POINT('Origin',(49.0606812163854,-4.3190446120598E-15,-23.7930055480467));
#3219=CARTESIAN_POINT('Ctrl Pts',(-23.6336004589753,9.30660675786406,-23.7930055480467));
#3220=CARTESIAN_POINT('Ctrl Pts',(-23.6336004589753,9.30660675786406,-24.694927504154));
#3221=CARTESIAN_POINT('Ctrl Pts',(-23.5863387248559,9.38154207410765,-25.6129859170624));
#3222=CARTESIAN_POINT('Ctrl Pts',(-23.3853830173468,9.70319100441226,-27.4082533856429));
#3223=CARTESIAN_POINT('Ctrl Pts',(-23.2326857961639,9.94852986811864,-28.2365095736369));
#3224=CARTESIAN_POINT('Ctrl Pts',(-22.9238116501358,10.4523699247278,-29.3534661048764));
#3225=CARTESIAN_POINT('Ctrl Pts',(-22.780359279449,10.6877261132659,-29.7673581059146));
#3226=CARTESIAN_POINT('Ctrl Pts',(-22.5054649748158,11.1446210136714,-30.3289483789101));
#3227=CARTESIAN_POINT('Ctrl Pts',(-22.3886800404119,11.3399062864854,-30.5220050423215));
#3228=CARTESIAN_POINT('Ctrl Pts',(-22.162793852796,11.7212074324155,-30.7891498142254));
#3229=CARTESIAN_POINT('Ctrl Pts',(-22.0590032372029,11.8974892684507,-30.8800564363942));
#3230=CARTESIAN_POINT('Ctrl Pts',(-21.8849371814433,12.1954611547524,-30.971167183844));
#3231=CARTESIAN_POINT('Ctrl Pts',(-21.8188844540934,12.3090286698644,-30.9926838819713));
#3232=CARTESIAN_POINT('Ctrl Pts',(-21.6926431285652,12.5270989585102,-31.0077257921455));
#3233=CARTESIAN_POINT('Ctrl Pts',(-21.6333957618067,12.6298665714,-31.0039368849451));
#3234=CARTESIAN_POINT('Ctrl Pts',(-21.5000620363503,12.862088278758,-30.9710125842456));
#3235=CARTESIAN_POINT('Ctrl Pts',(-21.4275077366478,12.9891296510018,-30.935680368032));
#3236=CARTESIAN_POINT('Ctrl Pts',(-21.2234591810698,13.3481466403581,-30.7898113446871));
#3237=CARTESIAN_POINT('Ctrl Pts',(-21.1011735378915,13.5655262230582,-30.6425729519102));
#3238=CARTESIAN_POINT('Ctrl Pts',(-20.8158448619453,14.0763860782322,-30.181372316458));
#3239=CARTESIAN_POINT('Ctrl Pts',(-20.6547438268489,14.3688477571712,-29.793332357155));
#3240=CARTESIAN_POINT('Ctrl Pts',(-20.3324568086084,14.9595469619948,-28.709273981266));
#3241=CARTESIAN_POINT('Ctrl Pts',(-20.1856541255946,15.2329823665673,-27.9701236065404));
#3242=CARTESIAN_POINT('Ctrl Pts',(-19.939951853573,15.6932715195767,-26.0631296971555));
#3243=CARTESIAN_POINT('Ctrl Pts',(-19.8765581048299,15.8139950014321,-24.9119340879048));
#3244=CARTESIAN_POINT('Ctrl Pts',(-19.8765581048299,15.8139950014321,-23.7930055480467));
#3245=CARTESIAN_POINT('Ctrl Pts',(-3.75704235414551,25.1206017592962,-23.7930055480467));
#3246=CARTESIAN_POINT('Ctrl Pts',(-3.75704235414551,25.1206017592962,-24.5652356122566));
#3247=CARTESIAN_POINT('Ctrl Pts',(-3.6921434628542,25.1180921796728,-25.3473610709354));
#3248=CARTESIAN_POINT('Ctrl Pts',(-3.41919724849534,25.1083756849965,-26.8881928663108));
#3249=CARTESIAN_POINT('Ctrl Pts',(-3.20148717427292,25.1007667026564,-27.6765686339241));
#3250=CARTESIAN_POINT('Ctrl Pts',(-2.66410868232703,25.0852441675892,-28.9160289094088));
#3251=CARTESIAN_POINT('Ctrl Pts',(-2.38080091199142,25.0777257520135,-29.4240395137908));
#3252=CARTESIAN_POINT('Ctrl Pts',(-1.71292760707122,25.0641719685245,-30.2485320626186));
#3253=CARTESIAN_POINT('Ctrl Pts',(-1.36859492335029,25.0587103251223,-30.5454623009294));
#3254=CARTESIAN_POINT('Ctrl Pts',(-0.830214623839699,25.0532907836586,-30.8339112519531));
#3255=CARTESIAN_POINT('Ctrl Pts',(-0.643972615406684,25.0518837038788,-30.9069608844914));
#3256=CARTESIAN_POINT('Ctrl Pts',(-0.32723838599141,25.0504611337006,-30.9804647082834));
#3257=CARTESIAN_POINT('Ctrl Pts',(-0.203560983181253,25.0501290268719,-30.9974855832894));
#3258=CARTESIAN_POINT('Ctrl Pts',(0.0368479356113322,25.0499402236885,-31.0071741168426));
#3259=CARTESIAN_POINT('Ctrl Pts',(0.151921649029397,25.0500499537579,-31.00155991685));
#3260=CARTESIAN_POINT('Ctrl Pts',(0.416843204866644,25.0507555227047,-30.9652710896844));
#3261=CARTESIAN_POINT('Ctrl Pts',(0.563720152330796,25.051487305938,-30.9275908449508));
#3262=CARTESIAN_POINT('Ctrl Pts',(0.993585785733772,25.0545233930955,-30.7690388055164));
#3263=CARTESIAN_POINT('Ctrl Pts',(1.25632459963424,25.0576144189415,-30.6052482561799));
#3264=CARTESIAN_POINT('Ctrl Pts',(1.84661953544387,25.0664222294133,-30.1134384781911));
#3265=CARTESIAN_POINT('Ctrl Pts',(2.17649673529368,25.0732538454605,-29.7143525626278));
#3266=CARTESIAN_POINT('Ctrl Pts',(2.83898471620345,25.0896303238425,-28.6023459961102));
#3267=CARTESIAN_POINT('Ctrl Pts',(3.1405453840098,25.0990873694348,-27.8544936899268));
#3268=CARTESIAN_POINT('Ctrl Pts',(3.630553943037,25.115558120387,-25.9778218902934));
#3269=CARTESIAN_POINT('Ctrl Pts',(3.75704235414548,25.1206017592962,-24.8711162591877));
#3270=CARTESIAN_POINT('Ctrl Pts',(3.75704235414548,25.1206017592962,-23.7930055480467));
#3271=CARTESIAN_POINT('Ctrl Pts',(3.75704235414548,-25.1206017592962,-23.7930055480467));
#3272=CARTESIAN_POINT('Ctrl Pts',(3.75704235414548,-25.1206017592962,-24.5652648453026));
#3273=CARTESIAN_POINT('Ctrl Pts',(3.69213853322156,-25.1180919828268,-25.3474215897448));
#3274=CARTESIAN_POINT('Ctrl Pts',(3.41917857478823,-25.1083750422122,-26.888264651468));
#3275=CARTESIAN_POINT('Ctrl Pts',(3.20146827347074,-25.1007661070435,-27.6766218750706));
#3276=CARTESIAN_POINT('Ctrl Pts',(2.66409269606845,-25.0852437411055,-28.9160589251713));
#3277=CARTESIAN_POINT('Ctrl Pts',(2.38078545571206,-25.0777253894037,-29.4240627846802));
#3278=CARTESIAN_POINT('Ctrl Pts',(1.71291445971542,-25.064171745679,-30.248544528943));
#3279=CARTESIAN_POINT('Ctrl Pts',(1.3685830699213,-25.0587101689008,-30.5454707654848));
#3280=CARTESIAN_POINT('Ctrl Pts',(0.830206026023485,-25.0532907150886,-30.8339148285119));
#3281=CARTESIAN_POINT('Ctrl Pts',(0.643965895338348,-25.0518836647502,-30.9069629128581));
#3282=CARTESIAN_POINT('Ctrl Pts',(0.32723534821143,-25.0504611256538,-30.9804651199258));
#3283=CARTESIAN_POINT('Ctrl Pts',(0.203559560802049,-25.0501290260523,-30.9974856253414));
#3284=CARTESIAN_POINT('Ctrl Pts',(-0.0368460092583118,-25.0499402249269,
-31.0071740533024));
#3285=CARTESIAN_POINT('Ctrl Pts',(-0.1519180546689,-25.0500499501647,-31.0015601001228));
#3286=CARTESIAN_POINT('Ctrl Pts',(-0.416835588616821,-25.0507554945538,
-30.9652725395558));
#3287=CARTESIAN_POINT('Ctrl Pts',(-0.563710316910683,-25.0514872533722,
-30.9275935581829));
#3288=CARTESIAN_POINT('Ctrl Pts',(-0.993569399997549,-25.0545232433033,
-30.7690466922951));
#3289=CARTESIAN_POINT('Ctrl Pts',(-1.25630467486218,-25.0576141745071,-30.6052613590509));
#3290=CARTESIAN_POINT('Ctrl Pts',(-1.84659455817747,-25.0664217771535,-30.1134645530493));
#3291=CARTESIAN_POINT('Ctrl Pts',(-2.17647029471825,-25.073253270108,-29.7143876139815));
#3292=CARTESIAN_POINT('Ctrl Pts',(-2.83895585452916,-25.0896295127527,-28.6024060831574));
#3293=CARTESIAN_POINT('Ctrl Pts',(-3.1405167927487,-25.099086463615,-27.854571903191));
#3294=CARTESIAN_POINT('Ctrl Pts',(-3.63054659491318,-25.1155578049888,-25.9778887881273));
#3295=CARTESIAN_POINT('Ctrl Pts',(-3.75704235414547,-25.1206017592962,-24.8711471939157));
#3296=CARTESIAN_POINT('Ctrl Pts',(-3.75704235414547,-25.1206017592962,-23.7930055480467));
#3297=CARTESIAN_POINT('Ctrl Pts',(-19.8765581048298,-15.8139950014322,-23.7930055480467));
#3298=CARTESIAN_POINT('Ctrl Pts',(-19.8765581048298,-15.8139950014322,-24.6949316337429));
#3299=CARTESIAN_POINT('Ctrl Pts',(-19.917823504992,-15.7355967561233,-25.6129946760188));
#3300=CARTESIAN_POINT('Ctrl Pts',(-20.0959029795693,-15.4007373396425,-27.4082640233607));
#3301=CARTESIAN_POINT('Ctrl Pts',(-20.2320241535123,-15.1458280806964,-28.2365179002709));
#3302=CARTESIAN_POINT('Ctrl Pts',(-20.5139252865382,-14.6264153884237,-29.3534712737008));
#3303=CARTESIAN_POINT('Ctrl Pts',(-20.6460234705906,-14.3845040431858,-29.7673621031421));
#3304=CARTESIAN_POINT('Ctrl Pts',(-20.9042586793683,-13.9179915872479,-30.3289507197421));
#3305=CARTESIAN_POINT('Ctrl Pts',(-21.0149881024941,-13.7192104532658,-30.5220067784728));
#3306=CARTESIAN_POINT('Ctrl Pts',(-21.2322611846511,-13.332937260402,-30.7891506358803));
#3307=CARTESIAN_POINT('Ctrl Pts',(-21.3330302507577,-13.154911347601,-30.8800569120275));
#3308=CARTESIAN_POINT('Ctrl Pts',(-21.504048088849,-12.8551804109549,-30.9711672918916));
#3309=CARTESIAN_POINT('Ctrl Pts',(-21.5693739183866,-12.7411935939494,-30.9926839020624));
#3310=CARTESIAN_POINT('Ctrl Pts',(-21.6951073317164,-12.5228308342301,-31.0077257721785));
#3311=CARTESIAN_POINT('Ctrl Pts',(-21.7544828453397,-12.4201375897385,-31.0039369063452));
#3312=CARTESIAN_POINT('Ctrl Pts',(-21.8889254815581,-12.1885570245279,-30.9710128396276));
#3313=CARTESIAN_POINT('Ctrl Pts',(-21.9626691669078,-12.0622028444583,-30.9356808599537));
#3314=CARTESIAN_POINT('Ctrl Pts',(-22.1715620818178,-11.705984190582,-30.7898127862046));
#3315=CARTESIAN_POINT('Ctrl Pts',(-22.2986751460471,-11.4913925063765,-30.6425753328293));
#3316=CARTESIAN_POINT('Ctrl Pts',(-22.5984279091711,-10.9888615048148,-30.1813770802836));
#3317=CARTESIAN_POINT('Ctrl Pts',(-22.7711564679796,-10.7031133188146,-29.7933387942931));
#3318=CARTESIAN_POINT('Ctrl Pts',(-23.1215731510043,-10.1286554381224,-28.7092852448932));
#3319=CARTESIAN_POINT('Ctrl Pts',(-23.2849737999234,-9.86480286973375,-27.9701383870764));
#3320=CARTESIAN_POINT('Ctrl Pts',(-23.560746953521,-9.42187031687055,-26.063142471468));
#3321=CARTESIAN_POINT('Ctrl Pts',(-23.6336004589753,-9.30660675786403,-24.9119399413139));
#3322=CARTESIAN_POINT('Ctrl Pts',(-23.6336004589753,-9.30660675786403,-23.7930055480467));
#3323=CARTESIAN_POINT('Ctrl Pts',(-3.75704235414549,25.4678462838106,-16.6791593153016));
#3324=CARTESIAN_POINT('Ctrl Pts',(-3.75704235414549,25.1206017592962,-17.8136022692414));
#3325=CARTESIAN_POINT('Ctrl Pts',(-3.75704235414549,25.1206017592962,-19.));
#3326=CARTESIAN_POINT('Ctrl Pts',(-1.98715946702973E-14,25.3327786584477,
-16.6378161228708));
#3327=CARTESIAN_POINT('Ctrl Pts',(-1.98283119418526E-14,24.9793483594025,
-17.7924679147786));
#3328=CARTESIAN_POINT('Ctrl Pts',(-1.98283119418526E-14,24.9793483594025,
-19.));
#3329=CARTESIAN_POINT('Ctrl Pts',(3.75704235414545,25.4678462838106,-16.6791593153016));
#3330=CARTESIAN_POINT('Ctrl Pts',(3.75704235414545,25.1206017592962,-17.8136022692414));
#3331=CARTESIAN_POINT('Ctrl Pts',(3.75704235414545,25.1206017592962,-19.));
#3332=CARTESIAN_POINT('Origin',(-4.41800068636003E-14,125.05000000007,-19.));
#3333=CARTESIAN_POINT('Origin',(-4.41800068636003E-14,125.05000000007,-19.));
#3334=CARTESIAN_POINT('Origin',(-108.296476743305,62.5250000000349,-19.));
#3335=CARTESIAN_POINT('Origin',(-108.296476743305,62.5250000000349,-19.));
#3336=CARTESIAN_POINT('Ctrl Pts',(-23.9364126646003,9.48143546629543,-16.6712910222451));
#3337=CARTESIAN_POINT('Ctrl Pts',(-23.6336004589754,9.30660675786397,-17.8093948481296));
#3338=CARTESIAN_POINT('Ctrl Pts',(-23.6336004589754,9.30660675786397,-19.));
#3339=CARTESIAN_POINT('Ctrl Pts',(-21.9409567170962,12.6676172668929,-16.6298076649353));
#3340=CARTESIAN_POINT('Ctrl Pts',(-21.6327502492239,12.4896741797009,-17.7881855431449));
#3341=CARTESIAN_POINT('Ctrl Pts',(-21.6327502492239,12.4896741797009,-19.));
#3342=CARTESIAN_POINT('Ctrl Pts',(-20.1793703104548,15.9888237098636,-16.6712910222451));
#3343=CARTESIAN_POINT('Ctrl Pts',(-19.8765581048299,15.8139950014322,-17.8093948481296));
#3344=CARTESIAN_POINT('Ctrl Pts',(-19.8765581048299,15.8139950014322,-19.));
#3345=CARTESIAN_POINT('Ctrl Pts',(-20.1793706080044,-15.9888238816539,-16.6712899039208));
#3346=CARTESIAN_POINT('Ctrl Pts',(-19.8765581048299,-15.8139950014321,-17.809394249985));
#3347=CARTESIAN_POINT('Ctrl Pts',(-19.8765581048299,-15.8139950014321,-19.));
#3348=CARTESIAN_POINT('Ctrl Pts',(-21.9409570199461,-12.6676174417439,-16.6298065266893));
#3349=CARTESIAN_POINT('Ctrl Pts',(-21.6327502492237,-12.4896741797012,-17.788184934345));
#3350=CARTESIAN_POINT('Ctrl Pts',(-21.6327502492237,-12.4896741797012,-19.));
#3351=CARTESIAN_POINT('Ctrl Pts',(-23.9364129621499,-9.48143563808587,-16.6712899039208));
#3352=CARTESIAN_POINT('Ctrl Pts',(-23.6336004589753,-9.30660675786407,-17.809394249985));
#3353=CARTESIAN_POINT('Ctrl Pts',(-23.6336004589753,-9.30660675786407,-19.));
#3354=CARTESIAN_POINT('Origin',(-108.296476743305,-62.525000000035,-19.));
#3355=CARTESIAN_POINT('Origin',(-108.296476743305,-62.525000000035,-19.));
#3356=CARTESIAN_POINT('Origin',(2.88657986402541E-14,-125.05000000007,-19.));
#3357=CARTESIAN_POINT('Origin',(2.88657986402541E-14,-125.05000000007,-19.));
#3358=CARTESIAN_POINT('Ctrl Pts',(3.75704235414549,-25.4678462838106,-16.6791593153016));
#3359=CARTESIAN_POINT('Ctrl Pts',(3.75704235414549,-25.1206017592962,-17.8136022692415));
#3360=CARTESIAN_POINT('Ctrl Pts',(3.75704235414549,-25.1206017592962,-19.));
#3361=CARTESIAN_POINT('Ctrl Pts',(4.71844785465692E-15,-25.3327786584477,
-16.6378161228709));
#3362=CARTESIAN_POINT('Ctrl Pts',(4.71844785465692E-15,-24.9793483594025,
-17.7924679147787));
#3363=CARTESIAN_POINT('Ctrl Pts',(4.71844785465692E-15,-24.9793483594025,
-19.));
#3364=CARTESIAN_POINT('Ctrl Pts',(-3.75704235414548,-25.4678462838106,-16.6791593153016));
#3365=CARTESIAN_POINT('Ctrl Pts',(-3.75704235414548,-25.1206017592962,-17.8136022692415));
#3366=CARTESIAN_POINT('Ctrl Pts',(-3.75704235414548,-25.1206017592962,-19.));
#3367=CARTESIAN_POINT('Origin',(0.,3.67394039744206E-16,-13.));
#3368=CARTESIAN_POINT('',(-25.4,3.23306754974901E-15,-11.));
#3369=CARTESIAN_POINT('Origin',(0.,1.22464679914735E-16,-11.));
#3370=CARTESIAN_POINT('Origin',(-33.9806521739129,4.52882373151641E-15,
-13.));
#3371=CARTESIAN_POINT('Origin',(0.,0.,-5.7));
#3372=CARTESIAN_POINT('',(-16.899465393199,-4.13917524021651E-15,-5.70785308449237));
#3373=CARTESIAN_POINT('',(16.899465393199,-2.06958762010826E-15,-5.70785308449237));
#3374=CARTESIAN_POINT('Origin',(0.,-1.03479381005413E-15,-5.70785308449237));
#3375=CARTESIAN_POINT('',(17.1993625906916,-2.10631443440652E-15,-6.));
#3376=CARTESIAN_POINT('Origin',(17.1993625906916,-2.10631443440652E-15,
-5.7));
#3377=CARTESIAN_POINT('Origin',(0.,0.,-6.));
#3378=CARTESIAN_POINT('Origin',(0.,-1.03479381005413E-15,-5.70785308449237));
#3379=CARTESIAN_POINT('Origin',(0.,0.,-6.));
#3380=CARTESIAN_POINT('',(-19.0030092524467,-2.32719744551765E-15,-6.00000000000001));
#3381=CARTESIAN_POINT('Origin',(0.,0.,-6.));
#3382=CARTESIAN_POINT('Origin',(0.,0.,-5.));
#3383=CARTESIAN_POINT('',(-16.75,-2.05128338857182E-15,4.21884749357559E-14));
#3384=CARTESIAN_POINT('',(-16.8809296078459,-2.06731764108803E-15,-5.));
#3385=CARTESIAN_POINT('Origin',(0.,0.,4.21884749357559E-14));
#3386=CARTESIAN_POINT('Origin',(0.,0.,-6.3));
#3387=CARTESIAN_POINT('',(-19.3029064499394,-2.36392425981591E-15,-6.29214691550764));
#3388=CARTESIAN_POINT('Origin',(-19.0030092524467,-2.32719744551765E-15,
-6.3));
#3389=CARTESIAN_POINT('Origin',(0.,-2.36392425981591E-15,-6.29214691550764));
#3390=CARTESIAN_POINT('Origin',(0.,0.,-8.));
#3391=CARTESIAN_POINT('',(-19.3923498637838,-2.37487791886285E-15,-9.70785308449236));
#3392=CARTESIAN_POINT('Origin',(0.,-2.37487791886285E-15,-9.70785308449236));
#3393=CARTESIAN_POINT('',(-19.3476281568616,-2.36940108933938E-15,-8.));
#3394=CARTESIAN_POINT('Origin',(0.,0.,-9.7));
#3395=CARTESIAN_POINT('Origin',(-19.6922470612765,-2.41160473316111E-15,
-9.7));
#3396=CARTESIAN_POINT('Origin',(0.,0.,1.7));
#3397=CARTESIAN_POINT('',(-25.4,-3.11060286983428E-15,1.7));
#3398=CARTESIAN_POINT('',(25.4,-3.11060286983428E-15,1.7));
#3399=CARTESIAN_POINT('Origin',(0.,0.,1.7));
#3400=CARTESIAN_POINT('',(25.1,-3.07386346585986E-15,2.));
#3401=CARTESIAN_POINT('Origin',(25.1,-3.07386346585986E-15,1.7));
#3402=CARTESIAN_POINT('Origin',(0.,0.,2.));
#3403=CARTESIAN_POINT('Origin',(0.,0.,1.7));
#3404=CARTESIAN_POINT('Origin',(0.,0.,2.));
#3405=CARTESIAN_POINT('',(-22.285,-2.72912539189988E-15,2.));
#3406=CARTESIAN_POINT('Origin',(0.,0.,2.));
#3407=CARTESIAN_POINT('Origin',(0.,0.,2.));
#3408=CARTESIAN_POINT('',(-25.4,3.11060286983428E-15,-8.10438385077012));
#3409=CARTESIAN_POINT('',(-25.4,3.11060286983428E-15,2.));
#3410=CARTESIAN_POINT('',(-23.3760956175299,9.93570096571451,-7.75172988935318));
#3411=CARTESIAN_POINT('Origin',(0.,0.,-3.67857663498759));
#3412=CARTESIAN_POINT('',(-23.3760956175299,9.93570096571452,-2.24827011064682));
#3413=CARTESIAN_POINT('',(-23.3760956175299,9.93570096571452,2.));
#3414=CARTESIAN_POINT('',(-25.4,3.11060286983428E-15,-1.89561614922989));
#3415=CARTESIAN_POINT('Origin',(0.,0.,-6.32142336501234));
#3416=CARTESIAN_POINT('',(-25.4,3.11060286983428E-15,2.));
#3417=CARTESIAN_POINT('',(-23.3760956175299,-9.93570096571452,-2.24827011064682));
#3418=CARTESIAN_POINT('Origin',(0.,0.,-6.32142336501234));
#3419=CARTESIAN_POINT('',(-23.3760956175299,-9.93570096571451,-7.75172988935318));
#3420=CARTESIAN_POINT('',(-23.3760956175299,-9.93570096571452,2.));
#3421=CARTESIAN_POINT('Origin',(0.,0.,-3.67857663498759));
#3422=CARTESIAN_POINT('',(23.3760956175299,9.93570096571451,-2.24827011064682));
#3423=CARTESIAN_POINT('',(23.3760956175299,9.93570096571451,-7.75172988935318));
#3424=CARTESIAN_POINT('',(23.3760956175299,9.93570096571452,2.));
#3425=CARTESIAN_POINT('',(23.3760956175299,-9.93570096571451,-7.75172988935318));
#3426=CARTESIAN_POINT('Origin',(0.,0.,-3.67857663498759));
#3427=CARTESIAN_POINT('',(23.3760956175299,-9.93570096571451,-2.24827011064682));
#3428=CARTESIAN_POINT('',(23.3760956175299,-9.93570096571452,2.));
#3429=CARTESIAN_POINT('Origin',(0.,0.,-6.32142336501234));
#3430=CARTESIAN_POINT('Origin',(0.,0.,26.));
#3431=CARTESIAN_POINT('',(-19.863,-2.43251593714639E-15,26.3));
#3432=CARTESIAN_POINT('Origin',(0.,0.,26.3));
#3433=CARTESIAN_POINT('Origin',(-19.863,-2.43251593714639E-15,26.));
#3434=CARTESIAN_POINT('Origin',(16.75,0.,26.3));
#3435=CARTESIAN_POINT('',(17.7309367985461,4.34282699924471E-15,26.3));
#3436=CARTESIAN_POINT('Origin',(0.,0.,26.3));
#3437=CARTESIAN_POINT('Origin',(0.,0.,4.5));
#3438=CARTESIAN_POINT('Ctrl Pts',(-9.63439837198266E-6,20.1588452615992,
18.2302852111085));
#3439=CARTESIAN_POINT('Ctrl Pts',(-1.17081178135613,20.1614363055448,18.2580057156215));
#3440=CARTESIAN_POINT('Ctrl Pts',(-5.23831206581921,19.8199302864332,18.3543274917202));
#3441=CARTESIAN_POINT('Ctrl Pts',(-11.8314502727538,17.0996591981537,18.5192497081667));
#3442=CARTESIAN_POINT('Ctrl Pts',(-17.8970996231149,10.5988618896638,18.7250544594589));
#3443=CARTESIAN_POINT('Ctrl Pts',(-20.6858660629299,2.14974293499687,18.9308564033752));
#3444=CARTESIAN_POINT('Ctrl Pts',(-19.6938568971138,-6.6918931475559,19.1366611540676));
#3445=CARTESIAN_POINT('Ctrl Pts',(-15.0946558776312,-14.3002124180115,19.3424633620457));
#3446=CARTESIAN_POINT('Ctrl Pts',(-6.5163224508364,-20.1514879244498,19.5825689761471));
#3447=CARTESIAN_POINT('Ctrl Pts',(5.66694865937525,-20.8700078533356,19.8569709970127));
#3448=CARTESIAN_POINT('Ctrl Pts',(17.0961524758275,-13.2382222456268,20.1656777134522));
#3449=CARTESIAN_POINT('Ctrl Pts',(21.622606985525,-0.267297361622221,20.4743841078488));
#3450=CARTESIAN_POINT('Ctrl Pts',(18.1158115650977,10.6287081683338,20.7316360563991));
#3451=CARTESIAN_POINT('Ctrl Pts',(11.8048597912998,16.7693333845504,20.937440729372));
#3452=CARTESIAN_POINT('Ctrl Pts',(6.07475061320496,19.5719276400165,21.0865143315576));
#3453=CARTESIAN_POINT('Ctrl Pts',(1.95070117901858,20.1575197190417,21.1841380337379));
#3454=CARTESIAN_POINT('Ctrl Pts',(2.03571059564922E-6,20.1569121485649,
21.230310489739));
#3455=CARTESIAN_POINT('Ctrl Pts',(8.38215479825877E-6,20.1601125236961,
20.7697304126515));
#3456=CARTESIAN_POINT('Ctrl Pts',(1.08070034530888,20.1629587100691,20.7441372344714));
#3457=CARTESIAN_POINT('Ctrl Pts',(5.5599161364443,19.8172076368118,20.6380373348197));
#3458=CARTESIAN_POINT('Ctrl Pts',(13.0110152635514,16.5325968261444,20.4514317514401));
#3459=CARTESIAN_POINT('Ctrl Pts',(19.3955557373059,8.16649746929393,20.2099108419866));
#3460=CARTESIAN_POINT('Ctrl Pts',(20.921839095341,-2.25820110723376,19.9683917339862));
#3461=CARTESIAN_POINT('Ctrl Pts',(17.2082222740866,-12.110977871532,19.7268701742484));
#3462=CARTESIAN_POINT('Ctrl Pts',(9.18465220754954,-18.9335804823298,19.4853507615874));
#3463=CARTESIAN_POINT('Ctrl Pts',(-1.1394986184654,-21.0119438098924,19.2438301707987));
#3464=CARTESIAN_POINT('Ctrl Pts',(-11.1780716123185,-17.8294558877888,19.0023100414461));
#3465=CARTESIAN_POINT('Ctrl Pts',(-18.4171984900003,-10.178836300191,18.760789962899));
#3466=CARTESIAN_POINT('Ctrl Pts',(-21.043050281183,0.0169276952331868,18.5192695416564));
#3467=CARTESIAN_POINT('Ctrl Pts',(-18.3992333612568,10.2164081415336,18.2777496907173));
#3468=CARTESIAN_POINT('Ctrl Pts',(-11.1455433267613,17.8419478282455,18.0362287862669));
#3469=CARTESIAN_POINT('Ctrl Pts',(-4.1029319719822,20.075522250456,17.8668662333117));
#3470=CARTESIAN_POINT('Ctrl Pts',(-0.352448163367588,20.1670982694865,17.7780096465345));
#3471=CARTESIAN_POINT('Ctrl Pts',(6.64899907781846E-6,20.1662967724433,
17.7696596713813));
#3472=CARTESIAN_POINT('Origin',(0.,0.,26.));
#3473=CARTESIAN_POINT('',(17.4310396010535,-2.46519032881566E-31,26.0078530844924));
#3474=CARTESIAN_POINT('Origin',(17.7309367985461,-2.17141349962235E-15,
26.));
#3475=CARTESIAN_POINT('',(-17.4310396010535,-2.13468668532409E-15,26.0078530844924));
#3476=CARTESIAN_POINT('Origin',(0.,0.,26.0078530844924));
#3477=CARTESIAN_POINT('Origin',(0.,0.,26.0078530844924));
#3478=CARTESIAN_POINT('Origin',(0.,0.,13.15));
#3479=CARTESIAN_POINT('',(-17.0943448686348,-2.09345347268946E-15,13.15));
#3480=CARTESIAN_POINT('Ctrl Pts',(-23.3760956175299,-9.93570096571451,-2.24827011064682));
#3481=CARTESIAN_POINT('Ctrl Pts',(-23.376323971677,-9.93516370836384,-2.24934797500582));
#3482=CARTESIAN_POINT('Ctrl Pts',(-23.3765507274214,-9.93462577585469,-2.25042584669049));
#3483=CARTESIAN_POINT('Ctrl Pts',(-23.3918256609837,-9.8981047783539,-2.32351772972447));
#3484=CARTESIAN_POINT('Ctrl Pts',(-23.4000000000085,-9.85873456490328,-2.39637830019611));
#3485=CARTESIAN_POINT('Ctrl Pts',(-23.4,-9.81835016684382,-2.46527825425168));
#3486=CARTESIAN_POINT('Ctrl Pts',(-23.3760956175299,-9.93570096571451,-2.24827011064681));
#3487=CARTESIAN_POINT('Ctrl Pts',(-23.3763956981812,-9.93500149699386,-2.24915605984336));
#3488=CARTESIAN_POINT('Ctrl Pts',(-23.3766857521124,-9.93429848906903,-2.25004218381185));
#3489=CARTESIAN_POINT('Ctrl Pts',(-23.3966087869216,-9.88669704851499,-2.31012144128094));
#3490=CARTESIAN_POINT('Ctrl Pts',(-23.4047298856532,-9.83436027868174,-2.37000439335488));
#3491=CARTESIAN_POINT('Ctrl Pts',(-23.3999999999927,-9.78380853108522,-2.42478640814754));
#3492=CARTESIAN_POINT('Ctrl Pts',(-23.3760956175299,-9.9357009657145,-2.24827011064681));
#3493=CARTESIAN_POINT('Ctrl Pts',(-23.3764648660757,-9.93483865271226,-2.24896444049628));
#3494=CARTESIAN_POINT('Ctrl Pts',(-23.3768244315066,-9.93397228699131,-2.24965821349839));
#3495=CARTESIAN_POINT('Ctrl Pts',(-23.4014418112297,-9.8753201332525,-2.29673312899644));
#3496=CARTESIAN_POINT('Ctrl Pts',(-23.4142189641393,-9.81189540134372,-2.34360770324419));
#3497=CARTESIAN_POINT('Ctrl Pts',(-23.4144885240377,-9.74931247108937,-2.38434798878056));
#3498=CARTESIAN_POINT('Ctrl Pts',(-23.3760956175299,-9.9357009657145,-2.24827011064681));
#3499=CARTESIAN_POINT('Ctrl Pts',(-23.3765318277007,-9.93467467771563,-2.24877239220106));
#3500=CARTESIAN_POINT('Ctrl Pts',(-23.3769664074929,-9.93364768846353,-2.24927468305673));
#3501=CARTESIAN_POINT('Ctrl Pts',(-23.4063329999895,-9.86396246135564,-2.28333588489992));
#3502=CARTESIAN_POINT('Ctrl Pts',(-23.428420859503,-9.79144281824724,-2.31731284107766));
#3503=CARTESIAN_POINT('Ctrl Pts',(-23.4414971025559,-9.71954876133256,-2.34945712364742));
#3504=CARTESIAN_POINT('',(-23.4414971025559,-9.71954876133256,-2.34945712364742));
#3505=CARTESIAN_POINT('',(-23.4,-9.81835016687534,-2.46527825425168));
#3506=CARTESIAN_POINT('Origin',(-23.7,-9.81835016678078,-2.46527825425168));
#3507=CARTESIAN_POINT('Ctrl Pts',(-23.4,-9.81835016684382,-2.46527825425168));
#3508=CARTESIAN_POINT('Ctrl Pts',(-23.4000000000085,-9.85873456490328,-2.39637830019611));
#3509=CARTESIAN_POINT('Ctrl Pts',(-23.3918256609837,-9.8981047783539,-2.32351772972447));
#3510=CARTESIAN_POINT('Ctrl Pts',(-23.3765507274214,-9.93462577585469,-2.25042584669049));
#3511=CARTESIAN_POINT('Ctrl Pts',(-23.376323971677,-9.93516370836384,-2.24934797500582));
#3512=CARTESIAN_POINT('Ctrl Pts',(-23.3760956175299,-9.93570096571451,-2.24827011064682));
#3513=CARTESIAN_POINT('Ctrl Pts',(-23.3760956175299,-9.9357009657145,-2.24827011064681));
#3514=CARTESIAN_POINT('Ctrl Pts',(-23.3765318277007,-9.93467467771563,-2.24877239220106));
#3515=CARTESIAN_POINT('Ctrl Pts',(-23.3769664074929,-9.93364768846353,-2.24927468305673));
#3516=CARTESIAN_POINT('Ctrl Pts',(-23.4063329999895,-9.86396246135564,-2.28333588489992));
#3517=CARTESIAN_POINT('Ctrl Pts',(-23.428420859503,-9.79144281824724,-2.31731284107766));
#3518=CARTESIAN_POINT('Ctrl Pts',(-23.4414971025559,-9.71954876133256,-2.34945712364742));
#3519=CARTESIAN_POINT('Ctrl Pts',(-23.4,-9.81835016678078,-2.46527825425167));
#3520=CARTESIAN_POINT('Ctrl Pts',(-23.4,-9.72316771891688,-2.54647379753374));
#3521=CARTESIAN_POINT('Ctrl Pts',(-23.4,-9.4893066086818,-2.64689567628648));
#3522=CARTESIAN_POINT('Ctrl Pts',(-23.4,-9.06089897343331,-2.73554071851628));
#3523=CARTESIAN_POINT('Ctrl Pts',(-23.4,-8.74615136401701,-2.75172988935315));
#3524=CARTESIAN_POINT('Ctrl Pts',(-23.4,-8.55848694832233,-2.75172988935318));
#3525=CARTESIAN_POINT('Ctrl Pts',(-23.4,-9.79861208921578,-2.44214005647845));
#3526=CARTESIAN_POINT('Ctrl Pts',(-23.3999898477657,-9.70515689869849,-2.5142572521425));
#3527=CARTESIAN_POINT('Ctrl Pts',(-23.4001257867358,-9.47497959587383,-2.60121151063744));
#3528=CARTESIAN_POINT('Ctrl Pts',(-23.3999470858157,-9.05304934554924,-2.67180372026486));
#3529=CARTESIAN_POINT('Ctrl Pts',(-23.4001717278693,-8.74311637037152,-2.67781824034818));
#3530=CARTESIAN_POINT('Ctrl Pts',(-23.4,-8.55848694832231,-2.67194340926204));
#3531=CARTESIAN_POINT('Ctrl Pts',(-23.4081604920316,-9.76407532751797,-2.40165392402819));
#3532=CARTESIAN_POINT('Ctrl Pts',(-23.411293137001,-9.67364855018592,-2.45789548318031));
#3533=CARTESIAN_POINT('Ctrl Pts',(-23.4194245488951,-9.44993997661663,-2.52113318998387));
#3534=CARTESIAN_POINT('Ctrl Pts',(-23.4360580186005,-9.0393837958543,-2.56050243354343));
#3535=CARTESIAN_POINT('Ctrl Pts',(-23.4497504769075,-8.73786652785179,-2.54881912809735));
#3536=CARTESIAN_POINT('Ctrl Pts',(-23.4587612208887,-8.55848694832229,-2.53324975262751));
#3537=CARTESIAN_POINT('Ctrl Pts',(-23.4299219974796,-9.73230463693389,-2.36441035156245));
#3538=CARTESIAN_POINT('Ctrl Pts',(-23.4411402731559,-9.64570287105265,-2.4072641956254));
#3539=CARTESIAN_POINT('Ctrl Pts',(-23.469733090895,-9.42998204262803,-2.45494861935014));
#3540=CARTESIAN_POINT('Ctrl Pts',(-23.523658813386,-9.03093024529681,-2.48484937805964));
#3541=CARTESIAN_POINT('Ctrl Pts',(-23.5643085075446,-8.73533192522845,-2.47723242694699));
#3542=CARTESIAN_POINT('Ctrl Pts',(-23.5889747885653,-8.55848694832228,-2.46667864610229));
#3543=CARTESIAN_POINT('Ctrl Pts',(-23.4414971025559,-9.71954876133256,-2.34945712364742));
#3544=CARTESIAN_POINT('Ctrl Pts',(-23.4569068756788,-9.63482480043162,-2.38733773652028));
#3545=CARTESIAN_POINT('Ctrl Pts',(-23.4958016259342,-9.42295200940104,-2.43069048201871));
#3546=CARTESIAN_POINT('Ctrl Pts',(-23.5667490336651,-9.02875990160053,-2.46250306093933));
#3547=CARTESIAN_POINT('Ctrl Pts',(-23.6179367476827,-8.73494335418187,-2.46157187129567));
#3548=CARTESIAN_POINT('Ctrl Pts',(-23.6479055466998,-8.55848694832228,-2.45628756344955));
#3549=CARTESIAN_POINT('',(-23.6479055466997,-8.55848694832225,-2.45628756344956));
#3550=CARTESIAN_POINT('',(-23.4,-8.55848694832233,-2.75172988935318));
#3551=CARTESIAN_POINT('Origin',(-23.7,-8.55848694832233,-2.75172988935318));
#3552=CARTESIAN_POINT('Ctrl Pts',(-23.4,-8.55848694832233,-2.75172988935318));
#3553=CARTESIAN_POINT('Ctrl Pts',(-23.4,-8.74615136401701,-2.75172988935315));
#3554=CARTESIAN_POINT('Ctrl Pts',(-23.4,-9.06089897343331,-2.73554071851628));
#3555=CARTESIAN_POINT('Ctrl Pts',(-23.4,-9.4893066086818,-2.64689567628648));
#3556=CARTESIAN_POINT('Ctrl Pts',(-23.4,-9.72316771891688,-2.54647379753374));
#3557=CARTESIAN_POINT('Ctrl Pts',(-23.4,-9.81835016678078,-2.46527825425167));
#3558=CARTESIAN_POINT('Ctrl Pts',(-23.4414971025559,-9.71954876133256,-2.34945712364742));
#3559=CARTESIAN_POINT('Ctrl Pts',(-23.4569068756788,-9.63482480043162,-2.38733773652028));
#3560=CARTESIAN_POINT('Ctrl Pts',(-23.4958016259342,-9.42295200940104,-2.43069048201871));
#3561=CARTESIAN_POINT('Ctrl Pts',(-23.5667490336651,-9.02875990160053,-2.46250306093933));
#3562=CARTESIAN_POINT('Ctrl Pts',(-23.6179367476827,-8.73494335418187,-2.46157187129567));
#3563=CARTESIAN_POINT('Ctrl Pts',(-23.6479055466998,-8.55848694832228,-2.45628756344955));
#3564=CARTESIAN_POINT('Origin',(-23.7,0.,-2.75172988935318));
#3565=CARTESIAN_POINT('',(-23.6479055466999,8.55848694832144,-2.45628756344952));
#3566=CARTESIAN_POINT('',(-23.4,8.55848694832144,-2.75172988935318));
#3567=CARTESIAN_POINT('Origin',(-23.7,8.55848694832144,-2.75172988935318));
#3568=CARTESIAN_POINT('',(-23.4,0.,-2.75172988935318));
#3569=CARTESIAN_POINT('',(-23.6479055466999,0.,-2.45628756344952));
#3570=CARTESIAN_POINT('Ctrl Pts',(-23.4414971025559,9.71954876133253,-2.34945712364742));
#3571=CARTESIAN_POINT('Ctrl Pts',(-23.4530545614613,9.65600508105872,-2.37786790056782));
#3572=CARTESIAN_POINT('Ctrl Pts',(-23.4810668993873,9.50326011391203,-2.41586867785419));
#3573=CARTESIAN_POINT('Ctrl Pts',(-23.5512956932977,9.11621090483252,-2.46203080485579));
#3574=CARTESIAN_POINT('Ctrl Pts',(-23.6079467017864,8.79376478350341,-2.46333338592572));
#3575=CARTESIAN_POINT('Ctrl Pts',(-23.6479055466999,8.55848694832148,-2.45628756344952));
#3576=CARTESIAN_POINT('Ctrl Pts',(-23.4260636291208,9.73655659546764,-2.36939476086747));
#3577=CARTESIAN_POINT('Ctrl Pts',(-23.4334233628307,9.67113404263631,-2.4027767148169));
#3578=CARTESIAN_POINT('Ctrl Pts',(-23.4515234623513,9.51450967789899,-2.44648864371297));
#3579=CARTESIAN_POINT('Ctrl Pts',(-23.4982957148121,9.12002185408985,-2.49419465415829));
#3580=CARTESIAN_POINT('Ctrl Pts',(-23.5389243489017,8.79443723075388,-2.48672368843487));
#3581=CARTESIAN_POINT('Ctrl Pts',(-23.5693312025206,8.55848694832148,-2.47014234031981));
#3582=CARTESIAN_POINT('Ctrl Pts',(-23.4060905644714,9.76900366563127,-2.40743122739442));
#3583=CARTESIAN_POINT('Ctrl Pts',(-23.4078364568505,9.70085595319317,-2.45130902472193));
#3584=CARTESIAN_POINT('Ctrl Pts',(-23.4121399167644,9.53851948252642,-2.5098527143613));
#3585=CARTESIAN_POINT('Ctrl Pts',(-23.4237575248117,9.13180744924062,-2.57747466826298));
#3586=CARTESIAN_POINT('Ctrl Pts',(-23.434327304771,8.79861917508908,-2.57140786701025));
#3587=CARTESIAN_POINT('Ctrl Pts',(-23.442948393098,8.55848694832148,-2.55209474695604));
#3588=CARTESIAN_POINT('Ctrl Pts',(-23.4,9.803546608607,-2.44792460592176));
#3589=CARTESIAN_POINT('Ctrl Pts',(-23.3999989912386,9.73313126215945,-2.50371671286595));
#3590=CARTESIAN_POINT('Ctrl Pts',(-23.4000210202936,9.56600459433425,-2.58139218528438));
#3591=CARTESIAN_POINT('Ctrl Pts',(-23.3999891189059,9.14798079272399,-2.68366071789163));
#3592=CARTESIAN_POINT('Ctrl Pts',(-23.4000647916332,8.80568629980926,-2.6976510692576));
#3593=CARTESIAN_POINT('Ctrl Pts',(-23.4,8.55848694832148,-2.69189002928481));
#3594=CARTESIAN_POINT('Ctrl Pts',(-23.4,9.81835016678076,-2.46527825425168));
#3595=CARTESIAN_POINT('Ctrl Pts',(-23.4,9.74696253369058,-2.52617559175938));
#3596=CARTESIAN_POINT('Ctrl Pts',(-23.4,9.57778149953924,-2.6120558082703));
#3597=CARTESIAN_POINT('Ctrl Pts',(-23.4,9.15490621561283,-2.72914652465154));
#3598=CARTESIAN_POINT('Ctrl Pts',(-23.4,8.80870896349992,-2.75172988935318));
#3599=CARTESIAN_POINT('Ctrl Pts',(-23.4,8.55848694832148,-2.75172988935318));
#3600=CARTESIAN_POINT('',(-23.4414971025559,9.71954876133253,-2.34945712364742));
#3601=CARTESIAN_POINT('Ctrl Pts',(-23.6479055466999,8.55848694832148,-2.45628756344952));
#3602=CARTESIAN_POINT('Ctrl Pts',(-23.6079467017864,8.79376478350341,-2.46333338592572));
#3603=CARTESIAN_POINT('Ctrl Pts',(-23.5512956932977,9.11621090483252,-2.46203080485579));
#3604=CARTESIAN_POINT('Ctrl Pts',(-23.4810668993873,9.50326011391203,-2.41586867785419));
#3605=CARTESIAN_POINT('Ctrl Pts',(-23.4530545614613,9.65600508105872,-2.37786790056782));
#3606=CARTESIAN_POINT('Ctrl Pts',(-23.4414971025559,9.71954876133253,-2.34945712364742));
#3607=CARTESIAN_POINT('',(-23.4,9.81835016684381,-2.46527825425168));
#3608=CARTESIAN_POINT('Origin',(-23.7,9.81835016678076,-2.46527825425168));
#3609=CARTESIAN_POINT('Ctrl Pts',(-23.4,9.81835016678076,-2.46527825425168));
#3610=CARTESIAN_POINT('Ctrl Pts',(-23.4,9.74696253369058,-2.52617559175938));
#3611=CARTESIAN_POINT('Ctrl Pts',(-23.4,9.57778149953924,-2.6120558082703));
#3612=CARTESIAN_POINT('Ctrl Pts',(-23.4,9.15490621561283,-2.72914652465154));
#3613=CARTESIAN_POINT('Ctrl Pts',(-23.4,8.80870896349992,-2.75172988935318));
#3614=CARTESIAN_POINT('Ctrl Pts',(-23.4,8.55848694832148,-2.75172988935318));
#3615=CARTESIAN_POINT('Ctrl Pts',(-23.3760956175299,9.9357009657145,-2.24827011064681));
#3616=CARTESIAN_POINT('Ctrl Pts',(-23.3765318277009,9.9346746777151,-2.24877239220134));
#3617=CARTESIAN_POINT('Ctrl Pts',(-23.376966407493,9.9336476884632,-2.2492746830569));
#3618=CARTESIAN_POINT('Ctrl Pts',(-23.4063329999921,9.86396246134966,-2.28333588489767));
#3619=CARTESIAN_POINT('Ctrl Pts',(-23.428420859503,9.79144281824703,-2.31731284107774));
#3620=CARTESIAN_POINT('Ctrl Pts',(-23.4414971025559,9.71954876133253,-2.34945712364742));
#3621=CARTESIAN_POINT('Ctrl Pts',(-23.3760956175299,9.9357009657145,-2.24827011064682));
#3622=CARTESIAN_POINT('Ctrl Pts',(-23.3764648660759,9.93483865271181,-2.24896444049659));
#3623=CARTESIAN_POINT('Ctrl Pts',(-23.3768244315068,9.93397228699101,-2.24965821349866));
#3624=CARTESIAN_POINT('Ctrl Pts',(-23.4014418112323,9.87532013324659,-2.29673312899423));
#3625=CARTESIAN_POINT('Ctrl Pts',(-23.4142189641393,9.81189540134353,-2.34360770324431));
#3626=CARTESIAN_POINT('Ctrl Pts',(-23.4144885240377,9.74931247108935,-2.38434798878056));
#3627=CARTESIAN_POINT('Ctrl Pts',(-23.3760956175299,9.9357009657145,-2.24827011064682));
#3628=CARTESIAN_POINT('Ctrl Pts',(-23.3763956981814,9.93500149699337,-2.24915605984381));
#3629=CARTESIAN_POINT('Ctrl Pts',(-23.3766857521125,9.93429848906883,-2.25004218381214));
#3630=CARTESIAN_POINT('Ctrl Pts',(-23.396608786923,9.88669704851153,-2.31012144127612));
#3631=CARTESIAN_POINT('Ctrl Pts',(-23.4047298856532,9.83436027868161,-2.370004393355));
#3632=CARTESIAN_POINT('Ctrl Pts',(-23.3999999999927,9.7838085310852,-2.42478640814754));
#3633=CARTESIAN_POINT('Ctrl Pts',(-23.3760956175299,9.9357009657145,-2.24827011064682));
#3634=CARTESIAN_POINT('Ctrl Pts',(-23.3763239716772,9.93516370836342,-2.2493479750063));
#3635=CARTESIAN_POINT('Ctrl Pts',(-23.3765507274215,9.93462577585452,-2.25042584669088));
#3636=CARTESIAN_POINT('Ctrl Pts',(-23.3918256609851,9.89810477835054,-2.3235177297197));
#3637=CARTESIAN_POINT('Ctrl Pts',(-23.4000000000085,9.85873456490316,-2.39637830019629));
#3638=CARTESIAN_POINT('Ctrl Pts',(-23.4,9.81835016684381,-2.46527825425168));
#3639=CARTESIAN_POINT('Ctrl Pts',(-23.4414971025559,9.71954876133253,-2.34945712364742));
#3640=CARTESIAN_POINT('Ctrl Pts',(-23.428420859503,9.79144281824703,-2.31731284107774));
#3641=CARTESIAN_POINT('Ctrl Pts',(-23.4063329999921,9.86396246134966,-2.28333588489767));
#3642=CARTESIAN_POINT('Ctrl Pts',(-23.376966407493,9.9336476884632,-2.2492746830569));
#3643=CARTESIAN_POINT('Ctrl Pts',(-23.3765318277009,9.9346746777151,-2.24877239220134));
#3644=CARTESIAN_POINT('Ctrl Pts',(-23.3760956175299,9.9357009657145,-2.24827011064681));
#3645=CARTESIAN_POINT('Ctrl Pts',(-23.3760956175299,9.9357009657145,-2.24827011064682));
#3646=CARTESIAN_POINT('Ctrl Pts',(-23.3763239716772,9.93516370836342,-2.2493479750063));
#3647=CARTESIAN_POINT('Ctrl Pts',(-23.3765507274215,9.93462577585452,-2.25042584669088));
#3648=CARTESIAN_POINT('Ctrl Pts',(-23.3918256609851,9.89810477835054,-2.3235177297197));
#3649=CARTESIAN_POINT('Ctrl Pts',(-23.4000000000085,9.85873456490316,-2.39637830019629));
#3650=CARTESIAN_POINT('Ctrl Pts',(-23.4,9.81835016684381,-2.46527825425168));
#3651=CARTESIAN_POINT('Origin',(-23.4,0.,-2.5));
#3652=CARTESIAN_POINT('Origin',(-0.0520944533000789,0.,-6.616865690916));
#3653=CARTESIAN_POINT('Ctrl Pts',(-23.1520944533001,9.81835016690691,-2.54371243655048));
#3654=CARTESIAN_POINT('Ctrl Pts',(-24.279526682701,7.16579815394824,-2.3449157155868));
#3655=CARTESIAN_POINT('Ctrl Pts',(-25.8365013377733,0.518631215601171,-2.07037907561831));
#3656=CARTESIAN_POINT('Ctrl Pts',(-24.6553374258347,-6.28161414962868,-2.27865014193224));
#3657=CARTESIAN_POINT('Ctrl Pts',(-23.1520944533001,-9.8183501669069,-2.54371243655048));
#3658=CARTESIAN_POINT('Ctrl Pts',(-23.2158531654986,9.84629253154187,-2.53247005533465));
#3659=CARTESIAN_POINT('Ctrl Pts',(-24.346121265165,7.18606224736445,-2.33316392119978));
#3660=CARTESIAN_POINT('Ctrl Pts',(-25.9069381084458,0.520061742302961,-2.05795242865056));
#3661=CARTESIAN_POINT('Ctrl Pts',(-24.7228772983872,-6.29931881930531,-2.26672854315482));
#3662=CARTESIAN_POINT('Ctrl Pts',(-23.2158531654986,-9.84629253154187,-2.53247005533465));
#3663=CARTESIAN_POINT('Ctrl Pts',(-23.3339605918819,9.90200736676496,-2.45888544480541));
#3664=CARTESIAN_POINT('Ctrl Pts',(-24.469996777624,7.226509491536,-2.25919092969843));
#3665=CARTESIAN_POINT('Ctrl Pts',(-26.0386343837999,0.522936235122995,-1.98343903276268));
#3666=CARTESIAN_POINT('Ctrl Pts',(-24.8486755062047,-6.33467686645968,-2.19262609132944));
#3667=CARTESIAN_POINT('Ctrl Pts',(-23.3339605918819,-9.90200736676496,-2.45888544480541));
#3668=CARTESIAN_POINT('Ctrl Pts',(-23.3779936261529,9.93123544977285,-2.31861779709532));
#3669=CARTESIAN_POINT('Ctrl Pts',(-24.5178759160598,7.24794230905983,-2.11951486626876));
#3670=CARTESIAN_POINT('Ctrl Pts',(-26.0919010569744,0.524502192704925,-1.84456881155462));
#3671=CARTESIAN_POINT('Ctrl Pts',(-24.8978366793621,-6.35351126215549,-2.05314722265991));
#3672=CARTESIAN_POINT('Ctrl Pts',(-23.3779936261529,-9.93123544977285,-2.31861779709532));
#3673=CARTESIAN_POINT('Ctrl Pts',(-23.3760956175299,9.93570096571456,-2.24827011064682));
#3674=CARTESIAN_POINT('Ctrl Pts',(-24.5170031325412,7.25144514383606,-2.04947338968314));
#3675=CARTESIAN_POINT('Ctrl Pts',(-26.092587046439,0.524829995070508,-1.77493674971464));
#3676=CARTESIAN_POINT('Ctrl Pts',(-24.897305637545,-6.3566932032099,-1.98320781602857));
#3677=CARTESIAN_POINT('Ctrl Pts',(-23.3760956175299,-9.93570096571456,-2.24827011064682));
#3678=CARTESIAN_POINT('Ctrl Pts',(-23.3760956175299,9.93570096571451,-7.75172988935319));
#3679=CARTESIAN_POINT('Ctrl Pts',(-23.3763239716774,9.93516370836301,-7.75065202499361));
#3680=CARTESIAN_POINT('Ctrl Pts',(-23.3765507274229,9.93462577585484,-7.74957415330941));
#3681=CARTESIAN_POINT('Ctrl Pts',(-23.3918256608447,9.89810477831371,-7.67648227029604));
#3682=CARTESIAN_POINT('Ctrl Pts',(-23.4000000000085,9.85873456490321,-7.60362169980379));
#3683=CARTESIAN_POINT('Ctrl Pts',(-23.4,9.81835016684381,-7.53472174574832));
#3684=CARTESIAN_POINT('Ctrl Pts',(-23.3760956175299,9.93570096571451,-7.75172988935319));
#3685=CARTESIAN_POINT('Ctrl Pts',(-23.3763956981816,9.93500149699289,-7.75084394015631));
#3686=CARTESIAN_POINT('Ctrl Pts',(-23.3766857521139,9.93429848906915,-7.74995781618809));
#3687=CARTESIAN_POINT('Ctrl Pts',(-23.3966087867826,9.88669704847476,-7.68987855873962));
#3688=CARTESIAN_POINT('Ctrl Pts',(-23.4047298856532,9.83436027868165,-7.62999560664504));
#3689=CARTESIAN_POINT('Ctrl Pts',(-23.3999999999927,9.7838085310852,-7.57521359185246));
#3690=CARTESIAN_POINT('Ctrl Pts',(-23.3760956175299,9.93570096571451,-7.75172988935319));
#3691=CARTESIAN_POINT('Ctrl Pts',(-23.3764648660761,9.93483865271133,-7.7510355595038));
#3692=CARTESIAN_POINT('Ctrl Pts',(-23.3768244315084,9.93397228699138,-7.75034178650158));
#3693=CARTESIAN_POINT('Ctrl Pts',(-23.4014418110652,9.87532013319855,-7.70326687100912));
#3694=CARTESIAN_POINT('Ctrl Pts',(-23.4142189641393,9.81189540134361,-7.65639229675575));
#3695=CARTESIAN_POINT('Ctrl Pts',(-23.4144885240377,9.74931247108935,-7.61565201121944));
#3696=CARTESIAN_POINT('Ctrl Pts',(-23.3760956175299,9.93570096571451,-7.75172988935319));
#3697=CARTESIAN_POINT('Ctrl Pts',(-23.3765318277011,9.93467467771455,-7.75122760779926));
#3698=CARTESIAN_POINT('Ctrl Pts',(-23.3769664074947,9.93364768846356,-7.75072531694328));
#3699=CARTESIAN_POINT('Ctrl Pts',(-23.4063329998249,9.86396246130167,-7.71666411510568));
#3700=CARTESIAN_POINT('Ctrl Pts',(-23.428420859503,9.79144281824711,-7.6826871589223));
#3701=CARTESIAN_POINT('Ctrl Pts',(-23.4414971025559,9.71954876133253,-7.65054287635258));
#3702=CARTESIAN_POINT('',(-23.4414971025559,9.71954876133253,-7.65054287635258));
#3703=CARTESIAN_POINT('',(-23.4,9.81835016687534,-7.53472174574832));
#3704=CARTESIAN_POINT('Origin',(-23.7,9.81835016678075,-7.53472174574832));
#3705=CARTESIAN_POINT('Ctrl Pts',(-23.4,9.81835016684381,-7.53472174574832));
#3706=CARTESIAN_POINT('Ctrl Pts',(-23.4000000000085,9.85873456490321,-7.60362169980379));
#3707=CARTESIAN_POINT('Ctrl Pts',(-23.3918256608447,9.89810477831371,-7.67648227029604));
#3708=CARTESIAN_POINT('Ctrl Pts',(-23.3765507274229,9.93462577585484,-7.74957415330941));
#3709=CARTESIAN_POINT('Ctrl Pts',(-23.3763239716774,9.93516370836301,-7.75065202499361));
#3710=CARTESIAN_POINT('Ctrl Pts',(-23.3760956175299,9.93570096571451,-7.75172988935319));
#3711=CARTESIAN_POINT('Ctrl Pts',(-23.3760956175299,9.93570096571451,-7.75172988935319));
#3712=CARTESIAN_POINT('Ctrl Pts',(-23.3765318277011,9.93467467771455,-7.75122760779926));
#3713=CARTESIAN_POINT('Ctrl Pts',(-23.3769664074947,9.93364768846356,-7.75072531694328));
#3714=CARTESIAN_POINT('Ctrl Pts',(-23.4063329998249,9.86396246130167,-7.71666411510568));
#3715=CARTESIAN_POINT('Ctrl Pts',(-23.428420859503,9.79144281824711,-7.6826871589223));
#3716=CARTESIAN_POINT('Ctrl Pts',(-23.4414971025559,9.71954876133253,-7.65054287635258));
#3717=CARTESIAN_POINT('Ctrl Pts',(-23.4,9.81835016678076,-7.53472174574831));
#3718=CARTESIAN_POINT('Ctrl Pts',(-23.4,9.74696333088283,-7.47382508828677));
#3719=CARTESIAN_POINT('Ctrl Pts',(-23.4,9.57770942311704,-7.38792855748251));
#3720=CARTESIAN_POINT('Ctrl Pts',(-23.4,9.15495286448216,-7.27085941007519));
#3721=CARTESIAN_POINT('Ctrl Pts',(-23.4,8.80870616924856,-7.24827011064686));
#3722=CARTESIAN_POINT('Ctrl Pts',(-23.4,8.55848694832232,-7.24827011064682));
#3723=CARTESIAN_POINT('Ctrl Pts',(-23.4,9.79861208921575,-7.55785994352154));
#3724=CARTESIAN_POINT('Ctrl Pts',(-23.3999923858242,9.72852069632778,-7.50377204677351));
#3725=CARTESIAN_POINT('Ctrl Pts',(-23.4000793205609,9.56200373687793,-7.42876424835397));
#3726=CARTESIAN_POINT('Ctrl Pts',(-23.3999080243619,9.14570595600412,-7.33152973423801));
#3727=CARTESIAN_POINT('Ctrl Pts',(-23.4002289704924,8.80465951105457,-7.3202234826231));
#3728=CARTESIAN_POINT('Ctrl Pts',(-23.4,8.5584869483223,-7.32805659073796));
#3729=CARTESIAN_POINT('Ctrl Pts',(-23.4081606352107,9.76407535577997,-7.59834604284132));
#3730=CARTESIAN_POINT('Ctrl Pts',(-23.4105101189377,9.69625527278092,-7.55616487347722));
#3731=CARTESIAN_POINT('Ctrl Pts',(-23.4163221017785,9.53454288768028,-7.50030744431289));
#3732=CARTESIAN_POINT('Ctrl Pts',(-23.4321482237055,9.12958687890443,-7.43748567761996));
#3733=CARTESIAN_POINT('Ctrl Pts',(-23.4467516188464,8.79765972102825,-7.4459864294436));
#3734=CARTESIAN_POINT('Ctrl Pts',(-23.4587659441546,8.55848694832228,-7.46674559673673));
#3735=CARTESIAN_POINT('Ctrl Pts',(-23.4299219974796,9.73230463693386,-7.63558964843754));
#3736=CARTESIAN_POINT('Ctrl Pts',(-23.4383357042368,9.66735331252293,-7.60344926539033));
#3737=CARTESIAN_POINT('Ctrl Pts',(-23.4588840074212,9.51163372654846,-7.56120441041539));
#3738=CARTESIAN_POINT('Ctrl Pts',(-23.511597511181,9.11912309579636,-7.51382644314656));
#3739=CARTESIAN_POINT('Ctrl Pts',(-23.556086413871,8.79428025086379,-7.51924964610478));
#3740=CARTESIAN_POINT('Ctrl Pts',(-23.5889747885653,8.55848694832227,-7.53332135389771));
#3741=CARTESIAN_POINT('Ctrl Pts',(-23.4414971025559,9.71954876133254,-7.65054287635258));
#3742=CARTESIAN_POINT('Ctrl Pts',(-23.4530544323981,9.65600579065683,-7.62213241669793));
#3743=CARTESIAN_POINT('Ctrl Pts',(-23.4810787688868,9.50319373024841,-7.58412559793522));
#3744=CARTESIAN_POINT('Ctrl Pts',(-23.5512879845866,9.1162540566875,-7.5379708032538));
#3745=CARTESIAN_POINT('Ctrl Pts',(-23.6079471480103,8.79376215613503,-7.53666669275562));
#3746=CARTESIAN_POINT('Ctrl Pts',(-23.6479055466998,8.55848694832227,-7.54371243655045));
#3747=CARTESIAN_POINT('',(-23.6479055466997,8.55848694832225,-7.54371243655044));
#3748=CARTESIAN_POINT('',(-23.4,8.55848694832232,-7.24827011064682));
#3749=CARTESIAN_POINT('Origin',(-23.7,8.55848694832232,-7.24827011064682));
#3750=CARTESIAN_POINT('Ctrl Pts',(-23.4,8.55848694832232,-7.24827011064682));
#3751=CARTESIAN_POINT('Ctrl Pts',(-23.4,8.80870616924856,-7.24827011064686));
#3752=CARTESIAN_POINT('Ctrl Pts',(-23.4,9.15495286448216,-7.27085941007519));
#3753=CARTESIAN_POINT('Ctrl Pts',(-23.4,9.57770942311704,-7.38792855748251));
#3754=CARTESIAN_POINT('Ctrl Pts',(-23.4,9.74696333088283,-7.47382508828677));
#3755=CARTESIAN_POINT('Ctrl Pts',(-23.4,9.81835016678076,-7.53472174574831));
#3756=CARTESIAN_POINT('Ctrl Pts',(-23.4414971025559,9.71954876133254,-7.65054287635258));
#3757=CARTESIAN_POINT('Ctrl Pts',(-23.4530544323981,9.65600579065683,-7.62213241669793));
#3758=CARTESIAN_POINT('Ctrl Pts',(-23.4810787688868,9.50319373024841,-7.58412559793522));
#3759=CARTESIAN_POINT('Ctrl Pts',(-23.5512879845866,9.1162540566875,-7.5379708032538));
#3760=CARTESIAN_POINT('Ctrl Pts',(-23.6079471480103,8.79376215613503,-7.53666669275562));
#3761=CARTESIAN_POINT('Ctrl Pts',(-23.6479055466998,8.55848694832227,-7.54371243655045));
#3762=CARTESIAN_POINT('Origin',(-23.7,0.,-7.24827011064682));
#3763=CARTESIAN_POINT('',(-23.6479055466999,-8.55848694832149,-7.54371243655048));
#3764=CARTESIAN_POINT('',(-23.4,-8.55848694832149,-7.24827011064682));
#3765=CARTESIAN_POINT('Origin',(-23.7,-8.55848694832149,-7.24827011064682));
#3766=CARTESIAN_POINT('',(-23.4,0.,-7.24827011064682));
#3767=CARTESIAN_POINT('',(-23.6479055466999,0.,-7.54371243655048));
#3768=CARTESIAN_POINT('Ctrl Pts',(-23.4414971025559,-9.71954876133254,-7.65054287635258));
#3769=CARTESIAN_POINT('Ctrl Pts',(-23.4530545614613,-9.65600508105872,-7.62213209943218));
#3770=CARTESIAN_POINT('Ctrl Pts',(-23.4810667775601,-9.50326073083239,-7.58413112708191));
#3771=CARTESIAN_POINT('Ctrl Pts',(-23.5512955149228,-9.11621180415909,-7.53796886430847));
#3772=CARTESIAN_POINT('Ctrl Pts',(-23.6079467017864,-8.79376478350341,-7.53666661407428));
#3773=CARTESIAN_POINT('Ctrl Pts',(-23.6479055466999,-8.55848694832149,-7.54371243655048));
#3774=CARTESIAN_POINT('Ctrl Pts',(-23.4260636291208,-9.73655659546765,-7.63060523913253));
#3775=CARTESIAN_POINT('Ctrl Pts',(-23.4334233628307,-9.67113404263632,-7.5972232851831));
#3776=CARTESIAN_POINT('Ctrl Pts',(-23.4515233780349,-9.51451029537506,-7.55351107203192));
#3777=CARTESIAN_POINT('Ctrl Pts',(-23.4982955774877,-9.12002274518542,-7.50580486145722));
#3778=CARTESIAN_POINT('Ctrl Pts',(-23.5389243489017,-8.79443723075388,-7.51327631156513));
#3779=CARTESIAN_POINT('Ctrl Pts',(-23.5693312025206,-8.55848694832149,-7.52985765968019));
#3780=CARTESIAN_POINT('Ctrl Pts',(-23.4060907099439,-9.76900368843288,-7.59256874587611));
#3781=CARTESIAN_POINT('Ctrl Pts',(-23.407836602323,-9.70085597599478,-7.54869094854861));
#3782=CARTESIAN_POINT('Ctrl Pts',(-23.4121410455216,-9.53852015566008,-7.49014627041581));
#3783=CARTESIAN_POINT('Ctrl Pts',(-23.4237582474724,-9.13180842241053,-7.42252441601986));
#3784=CARTESIAN_POINT('Ctrl Pts',(-23.4343327049397,-8.79861917508908,-7.42858828905522));
#3785=CARTESIAN_POINT('Ctrl Pts',(-23.4429537932667,-8.55848694832149,-7.44790140910943));
#3786=CARTESIAN_POINT('Ctrl Pts',(-23.4,-9.80354660860701,-7.55207539407824));
#3787=CARTESIAN_POINT('Ctrl Pts',(-23.3999989912386,-9.73313126215946,-7.49628328713405));
#3788=CARTESIAN_POINT('Ctrl Pts',(-23.4000210341118,-9.56600525827755,-7.41860749554552));
#3789=CARTESIAN_POINT('Ctrl Pts',(-23.3999891427113,-9.14798175815376,-7.31633873042725));
#3790=CARTESIAN_POINT('Ctrl Pts',(-23.4000647916332,-8.80568629980926,-7.30234893074241));
#3791=CARTESIAN_POINT('Ctrl Pts',(-23.4,-8.55848694832149,-7.30810997071519));
#3792=CARTESIAN_POINT('Ctrl Pts',(-23.4,-9.81835016678076,-7.53472174574832));
#3793=CARTESIAN_POINT('Ctrl Pts',(-23.4,-9.74696253369059,-7.47382440824062));
#3794=CARTESIAN_POINT('Ctrl Pts',(-23.4,-9.57778216633156,-7.38794384456478));
#3795=CARTESIAN_POINT('Ctrl Pts',(-23.4,-9.15490718424788,-7.27085287658162));
#3796=CARTESIAN_POINT('Ctrl Pts',(-23.4,-8.80870896349992,-7.24827011064682));
#3797=CARTESIAN_POINT('Ctrl Pts',(-23.4,-8.55848694832149,-7.24827011064682));
#3798=CARTESIAN_POINT('',(-23.4414971025559,-9.71954876133254,-7.65054287635258));
#3799=CARTESIAN_POINT('Ctrl Pts',(-23.6479055466999,-8.55848694832149,-7.54371243655048));
#3800=CARTESIAN_POINT('Ctrl Pts',(-23.6079467017864,-8.79376478350341,-7.53666661407428));
#3801=CARTESIAN_POINT('Ctrl Pts',(-23.5512955149228,-9.11621180415909,-7.53796886430847));
#3802=CARTESIAN_POINT('Ctrl Pts',(-23.4810667775601,-9.50326073083239,-7.58413112708191));
#3803=CARTESIAN_POINT('Ctrl Pts',(-23.4530545614613,-9.65600508105872,-7.62213209943218));
#3804=CARTESIAN_POINT('Ctrl Pts',(-23.4414971025559,-9.71954876133254,-7.65054287635258));
#3805=CARTESIAN_POINT('',(-23.4,-9.81835016684381,-7.53472174574832));
#3806=CARTESIAN_POINT('Origin',(-23.7,-9.81835016678076,-7.53472174574832));
#3807=CARTESIAN_POINT('Ctrl Pts',(-23.4,-9.81835016678076,-7.53472174574832));
#3808=CARTESIAN_POINT('Ctrl Pts',(-23.4,-9.74696253369059,-7.47382440824062));
#3809=CARTESIAN_POINT('Ctrl Pts',(-23.4,-9.57778216633156,-7.38794384456478));
#3810=CARTESIAN_POINT('Ctrl Pts',(-23.4,-9.15490718424788,-7.27085287658162));
#3811=CARTESIAN_POINT('Ctrl Pts',(-23.4,-8.80870896349992,-7.24827011064682));
#3812=CARTESIAN_POINT('Ctrl Pts',(-23.4,-8.55848694832149,-7.24827011064682));
#3813=CARTESIAN_POINT('Ctrl Pts',(-23.3760956175299,-9.9357009657145,-7.75172988935318));
#3814=CARTESIAN_POINT('Ctrl Pts',(-23.3765318277003,-9.93467467771641,-7.75122760779902));
#3815=CARTESIAN_POINT('Ctrl Pts',(-23.3769664074942,-9.93364768846458,-7.75072531694338));
#3816=CARTESIAN_POINT('Ctrl Pts',(-23.4063329998243,-9.8639624613034,-7.71666411510455));
#3817=CARTESIAN_POINT('Ctrl Pts',(-23.428420859503,-9.79144281824745,-7.68268715892244));
#3818=CARTESIAN_POINT('Ctrl Pts',(-23.4414971025559,-9.71954876133254,-7.65054287635258));
#3819=CARTESIAN_POINT('Ctrl Pts',(-23.3760956175299,-9.9357009657145,-7.75172988935318));
#3820=CARTESIAN_POINT('Ctrl Pts',(-23.3764648660754,-9.93483865271295,-7.75103555950397));
#3821=CARTESIAN_POINT('Ctrl Pts',(-23.376824431508,-9.93397228699228,-7.75034178650178));
#3822=CARTESIAN_POINT('Ctrl Pts',(-23.4014418110646,-9.87532013320022,-7.70326687100814));
#3823=CARTESIAN_POINT('Ctrl Pts',(-23.4142189641393,-9.81189540134389,-7.65639229675592));
#3824=CARTESIAN_POINT('Ctrl Pts',(-23.4144885240377,-9.74931247108936,-7.61565201121944));
#3825=CARTESIAN_POINT('Ctrl Pts',(-23.3760956175299,-9.9357009657145,-7.75172988935318));
#3826=CARTESIAN_POINT('Ctrl Pts',(-23.376395698181,-9.93500149699447,-7.75084394015708));
#3827=CARTESIAN_POINT('Ctrl Pts',(-23.3766857521136,-9.93429848906978,-7.74995781618824));
#3828=CARTESIAN_POINT('Ctrl Pts',(-23.3966087867825,-9.88669704847535,-7.68987855873775));
#3829=CARTESIAN_POINT('Ctrl Pts',(-23.4047298856532,-9.83436027868191,-7.62999560664531));
#3830=CARTESIAN_POINT('Ctrl Pts',(-23.3999999999927,-9.78380853108521,-7.57521359185246));
#3831=CARTESIAN_POINT('Ctrl Pts',(-23.3760956175299,-9.9357009657145,-7.75172988935318));
#3832=CARTESIAN_POINT('Ctrl Pts',(-23.3763239716768,-9.93516370836435,-7.75065202499478));
#3833=CARTESIAN_POINT('Ctrl Pts',(-23.3765507274227,-9.93462577585536,-7.74957415330966));
#3834=CARTESIAN_POINT('Ctrl Pts',(-23.3918256608446,-9.89810477831421,-7.67648227029432));
#3835=CARTESIAN_POINT('Ctrl Pts',(-23.4000000000085,-9.8587345649034,-7.6036216998041));
#3836=CARTESIAN_POINT('Ctrl Pts',(-23.4,-9.81835016684381,-7.53472174574832));
#3837=CARTESIAN_POINT('Ctrl Pts',(-23.4414971025559,-9.71954876133254,-7.65054287635258));
#3838=CARTESIAN_POINT('Ctrl Pts',(-23.428420859503,-9.79144281824745,-7.68268715892244));
#3839=CARTESIAN_POINT('Ctrl Pts',(-23.4063329998243,-9.8639624613034,-7.71666411510455));
#3840=CARTESIAN_POINT('Ctrl Pts',(-23.3769664074942,-9.93364768846458,-7.75072531694338));
#3841=CARTESIAN_POINT('Ctrl Pts',(-23.3765318277003,-9.93467467771641,-7.75122760779902));
#3842=CARTESIAN_POINT('Ctrl Pts',(-23.3760956175299,-9.9357009657145,-7.75172988935318));
#3843=CARTESIAN_POINT('Ctrl Pts',(-23.3760956175299,-9.9357009657145,-7.75172988935318));
#3844=CARTESIAN_POINT('Ctrl Pts',(-23.3763239716768,-9.93516370836435,-7.75065202499478));
#3845=CARTESIAN_POINT('Ctrl Pts',(-23.3765507274227,-9.93462577585536,-7.74957415330966));
#3846=CARTESIAN_POINT('Ctrl Pts',(-23.3918256608446,-9.89810477831421,-7.67648227029432));
#3847=CARTESIAN_POINT('Ctrl Pts',(-23.4000000000085,-9.8587345649034,-7.6036216998041));
#3848=CARTESIAN_POINT('Ctrl Pts',(-23.4,-9.81835016684381,-7.53472174574832));
#3849=CARTESIAN_POINT('Origin',(-28.4,0.,-8.38163490354234));
#3850=CARTESIAN_POINT('Origin',(-0.0520944533000797,0.,-3.38313430908392));
#3851=CARTESIAN_POINT('Ctrl Pts',(-23.1520944533001,-9.81835016690691,-7.45628756344952));
#3852=CARTESIAN_POINT('Ctrl Pts',(-24.279526682701,-7.16579815394823,-7.6550842844132));
#3853=CARTESIAN_POINT('Ctrl Pts',(-25.8364088422604,-0.518627108003421,
-7.92960461492719));
#3854=CARTESIAN_POINT('Ctrl Pts',(-24.6553374258347,6.28161414962868,-7.72134985806777));
#3855=CARTESIAN_POINT('Ctrl Pts',(-23.1520944533001,9.8183501669069,-7.45628756344952));
#3856=CARTESIAN_POINT('Ctrl Pts',(-23.2158531654986,-9.84629253154187,-7.46752994466535));
#3857=CARTESIAN_POINT('Ctrl Pts',(-24.346121265165,-7.18606224736445,-7.66683607880022));
#3858=CARTESIAN_POINT('Ctrl Pts',(-25.9068454504964,-0.520057415712192,
-7.94203246789129));
#3859=CARTESIAN_POINT('Ctrl Pts',(-24.7228772983872,6.29931881930531,-7.73327145684518));
#3860=CARTESIAN_POINT('Ctrl Pts',(-23.2158531654986,9.84629253154187,-7.46752994466535));
#3861=CARTESIAN_POINT('Ctrl Pts',(-23.33395085214,-9.90200388412916,-7.54112332307714));
#3862=CARTESIAN_POINT('Ctrl Pts',(-24.4699870378821,-7.2265060089002,-7.74081783818412));
#3863=CARTESIAN_POINT('Ctrl Pts',(-26.0385313492235,-0.522931724735717,
-8.0165527188046));
#3864=CARTESIAN_POINT('Ctrl Pts',(-24.8486657664628,6.33467338382388,-7.80738267655311));
#3865=CARTESIAN_POINT('Ctrl Pts',(-23.33395085214,9.90200388412916,-7.54112332307714));
#3866=CARTESIAN_POINT('Ctrl Pts',(-23.3779936261529,-9.93123544977285,-7.68138220290468));
#3867=CARTESIAN_POINT('Ctrl Pts',(-24.5178759160598,-7.24794230905983,-7.88048513373124));
#3868=CARTESIAN_POINT('Ctrl Pts',(-26.0918088188965,-0.524496877078557,
-8.15541514063451));
#3869=CARTESIAN_POINT('Ctrl Pts',(-24.8978366793621,6.35351126215549,-7.94685277734009));
#3870=CARTESIAN_POINT('Ctrl Pts',(-23.3779936261529,9.93123544977285,-7.68138220290468));
#3871=CARTESIAN_POINT('Ctrl Pts',(-23.3760956175299,-9.93570096571456,-7.75172988935318));
#3872=CARTESIAN_POINT('Ctrl Pts',(-24.5170031325412,-7.25144514383606,-7.95052661031687));
#3873=CARTESIAN_POINT('Ctrl Pts',(-26.0924934454021,-0.524825838377964,
-8.22504694083086));
#3874=CARTESIAN_POINT('Ctrl Pts',(-24.897305637545,6.3566932032099,-8.01679218397143));
#3875=CARTESIAN_POINT('Ctrl Pts',(-23.3760956175299,9.93570096571456,-7.75172988935318));
#3876=CARTESIAN_POINT('Ctrl Pts',(23.3760956175299,-9.9357009657145,-2.24827011064682));
#3877=CARTESIAN_POINT('Ctrl Pts',(23.3765318277003,-9.93467467771641,-2.24877239220098));
#3878=CARTESIAN_POINT('Ctrl Pts',(23.3769664074926,-9.93364768846406,-2.24927468305656));
#3879=CARTESIAN_POINT('Ctrl Pts',(23.406332999989,-9.86396246135705,-2.28333588490135));
#3880=CARTESIAN_POINT('Ctrl Pts',(23.428420859503,-9.79144281824744,-2.31731284107755));
#3881=CARTESIAN_POINT('Ctrl Pts',(23.4414971025559,-9.71954876133253,-2.34945712364742));
#3882=CARTESIAN_POINT('Ctrl Pts',(23.3760956175299,-9.9357009657145,-2.24827011064682));
#3883=CARTESIAN_POINT('Ctrl Pts',(23.3764648660754,-9.93483865271293,-2.24896444049606));
#3884=CARTESIAN_POINT('Ctrl Pts',(23.3768244315064,-9.93397228699178,-2.24965821349814));
#3885=CARTESIAN_POINT('Ctrl Pts',(23.4014418112294,-9.87532013325385,-2.29673312899779));
#3886=CARTESIAN_POINT('Ctrl Pts',(23.4142189641393,-9.81189540134389,-2.34360770324406));
#3887=CARTESIAN_POINT('Ctrl Pts',(23.4144885240377,-9.74931247108935,-2.38434798878056));
#3888=CARTESIAN_POINT('Ctrl Pts',(23.3760956175299,-9.9357009657145,-2.24827011064682));
#3889=CARTESIAN_POINT('Ctrl Pts',(23.3763956981809,-9.9350014969945,-2.2491560598429));
#3890=CARTESIAN_POINT('Ctrl Pts',(23.3766857521123,-9.93429848906937,-2.25004218381157));
#3891=CARTESIAN_POINT('Ctrl Pts',(23.3966087869214,-9.88669704851542,-2.31012144128308));
#3892=CARTESIAN_POINT('Ctrl Pts',(23.4047298856532,-9.83436027868189,-2.3700043933547));
#3893=CARTESIAN_POINT('Ctrl Pts',(23.3999999999927,-9.7838085310852,-2.42478640814754));
#3894=CARTESIAN_POINT('Ctrl Pts',(23.3760956175299,-9.9357009657145,-2.24827011064682));
#3895=CARTESIAN_POINT('Ctrl Pts',(23.3763239716768,-9.93516370836436,-2.24934797500522));
#3896=CARTESIAN_POINT('Ctrl Pts',(23.3765507274213,-9.93462577585497,-2.25042584669013));
#3897=CARTESIAN_POINT('Ctrl Pts',(23.3918256609835,-9.89810477835426,-2.32351772972653));
#3898=CARTESIAN_POINT('Ctrl Pts',(23.4000000000085,-9.85873456490339,-2.39637830019589));
#3899=CARTESIAN_POINT('Ctrl Pts',(23.4,-9.81835016684381,-2.46527825425168));
#3900=CARTESIAN_POINT('',(23.4,-9.81835016687534,-2.46527825425168));
#3901=CARTESIAN_POINT('',(23.4414971025559,-9.71954876133253,-2.34945712364742));
#3902=CARTESIAN_POINT('Origin',(23.7,-9.81835016678076,-2.46527825425168));
#3903=CARTESIAN_POINT('Ctrl Pts',(23.4414971025559,-9.71954876133253,-2.34945712364742));
#3904=CARTESIAN_POINT('Ctrl Pts',(23.428420859503,-9.79144281824744,-2.31731284107755));
#3905=CARTESIAN_POINT('Ctrl Pts',(23.406332999989,-9.86396246135705,-2.28333588490135));
#3906=CARTESIAN_POINT('Ctrl Pts',(23.3769664074926,-9.93364768846406,-2.24927468305656));
#3907=CARTESIAN_POINT('Ctrl Pts',(23.3765318277003,-9.93467467771641,-2.24877239220098));
#3908=CARTESIAN_POINT('Ctrl Pts',(23.3760956175299,-9.9357009657145,-2.24827011064682));
#3909=CARTESIAN_POINT('Ctrl Pts',(23.3760956175299,-9.9357009657145,-2.24827011064682));
#3910=CARTESIAN_POINT('Ctrl Pts',(23.3763239716768,-9.93516370836436,-2.24934797500522));
#3911=CARTESIAN_POINT('Ctrl Pts',(23.3765507274213,-9.93462577585497,-2.25042584669013));
#3912=CARTESIAN_POINT('Ctrl Pts',(23.3918256609835,-9.89810477835426,-2.32351772972653));
#3913=CARTESIAN_POINT('Ctrl Pts',(23.4000000000085,-9.85873456490339,-2.39637830019589));
#3914=CARTESIAN_POINT('Ctrl Pts',(23.4,-9.81835016684381,-2.46527825425168));
#3915=CARTESIAN_POINT('Ctrl Pts',(23.4414971025559,-9.71954876133254,-2.34945712364742));
#3916=CARTESIAN_POINT('Ctrl Pts',(23.4530544323981,-9.65600579065683,-2.37786758330207));
#3917=CARTESIAN_POINT('Ctrl Pts',(23.4810788849921,-9.50319314544806,-2.41587420461323));
#3918=CARTESIAN_POINT('Ctrl Pts',(23.5512881511465,-9.11625322396588,-2.46202886213773));
#3919=CARTESIAN_POINT('Ctrl Pts',(23.6079471480103,-8.79376215613503,-2.46333330724438));
#3920=CARTESIAN_POINT('Ctrl Pts',(23.6479055466998,-8.55848694832227,-2.45628756344955));
#3921=CARTESIAN_POINT('Ctrl Pts',(23.4260636291208,-9.73655659546764,-2.36939476086747));
#3922=CARTESIAN_POINT('Ctrl Pts',(23.4334232806439,-9.67113477321597,-2.40277634203756));
#3923=CARTESIAN_POINT('Ctrl Pts',(23.4515316730219,-9.51444166840067,-2.44649370597335));
#3924=CARTESIAN_POINT('Ctrl Pts',(23.4982904910509,-9.12006474851066,-2.49419340612831));
#3925=CARTESIAN_POINT('Ctrl Pts',(23.5389246884577,-8.79443459587623,-2.48672350326946));
#3926=CARTESIAN_POINT('Ctrl Pts',(23.5693312025205,-8.55848694832228,-2.47014234031987));
#3927=CARTESIAN_POINT('Ctrl Pts',(23.4060905644714,-9.76900366563127,-2.40743122739442));
#3928=CARTESIAN_POINT('Ctrl Pts',(23.4078364373539,-9.70085671420492,-2.45130853473454));
#3929=CARTESIAN_POINT('Ctrl Pts',(23.4121420128807,-9.53844956120282,-2.50986021075822));
#3930=CARTESIAN_POINT('Ctrl Pts',(23.4237561787719,-9.13185147734622,-2.5774724457243));
#3931=CARTESIAN_POINT('Ctrl Pts',(23.4343274010435,-8.79861649351129,-2.5714076513389));
#3932=CARTESIAN_POINT('Ctrl Pts',(23.442948393098,-8.55848694832229,-2.5520947469561));
#3933=CARTESIAN_POINT('Ctrl Pts',(23.4,-9.80354660860701,-2.44792460592176));
#3934=CARTESIAN_POINT('Ctrl Pts',(23.3999989912499,-9.73313204849409,-2.50371608983037));
#3935=CARTESIAN_POINT('Ctrl Pts',(23.4000210140727,-9.56593272224348,-2.58140513469289));
#3936=CARTESIAN_POINT('Ctrl Pts',(23.399989123154,-9.14802602760405,-2.68365546639861));
#3937=CARTESIAN_POINT('Ctrl Pts',(23.4000647909097,-8.80568353931226,-2.69765100492351));
#3938=CARTESIAN_POINT('Ctrl Pts',(23.4,-8.55848694832232,-2.69189002928483));
#3939=CARTESIAN_POINT('Ctrl Pts',(23.4,-9.81835016678076,-2.46527825425168));
#3940=CARTESIAN_POINT('Ctrl Pts',(23.4,-9.74696333088283,-2.52617491171323));
#3941=CARTESIAN_POINT('Ctrl Pts',(23.4,-9.57770879113811,-2.61207108855938));
#3942=CARTESIAN_POINT('Ctrl Pts',(23.4,-9.15495196785831,-2.72913997944591));
#3943=CARTESIAN_POINT('Ctrl Pts',(23.4,-8.80870616924857,-2.75172988935314));
#3944=CARTESIAN_POINT('Ctrl Pts',(23.4,-8.55848694832232,-2.75172988935318));
#3945=CARTESIAN_POINT('',(23.4,-8.55848694832232,-2.75172988935318));
#3946=CARTESIAN_POINT('',(23.6479055466997,-8.55848694832225,-2.45628756344956));
#3947=CARTESIAN_POINT('Origin',(23.7,-8.55848694832232,-2.75172988935318));
#3948=CARTESIAN_POINT('Ctrl Pts',(23.6479055466998,-8.55848694832227,-2.45628756344955));
#3949=CARTESIAN_POINT('Ctrl Pts',(23.6079471480103,-8.79376215613503,-2.46333330724438));
#3950=CARTESIAN_POINT('Ctrl Pts',(23.5512881511465,-9.11625322396588,-2.46202886213773));
#3951=CARTESIAN_POINT('Ctrl Pts',(23.4810788849921,-9.50319314544806,-2.41587420461323));
#3952=CARTESIAN_POINT('Ctrl Pts',(23.4530544323981,-9.65600579065683,-2.37786758330207));
#3953=CARTESIAN_POINT('Ctrl Pts',(23.4414971025559,-9.71954876133254,-2.34945712364742));
#3954=CARTESIAN_POINT('Ctrl Pts',(23.4,-9.81835016678076,-2.46527825425168));
#3955=CARTESIAN_POINT('Ctrl Pts',(23.4,-9.74696333088283,-2.52617491171323));
#3956=CARTESIAN_POINT('Ctrl Pts',(23.4,-9.57770879113811,-2.61207108855938));
#3957=CARTESIAN_POINT('Ctrl Pts',(23.4,-9.15495196785831,-2.72913997944591));
#3958=CARTESIAN_POINT('Ctrl Pts',(23.4,-8.80870616924857,-2.75172988935314));
#3959=CARTESIAN_POINT('Ctrl Pts',(23.4,-8.55848694832232,-2.75172988935318));
#3960=CARTESIAN_POINT('Origin',(23.7,0.,-2.75172988935318));
#3961=CARTESIAN_POINT('',(23.4,8.55848694832149,-2.75172988935318));
#3962=CARTESIAN_POINT('',(23.6479055466999,8.55848694832149,-2.45628756344952));
#3963=CARTESIAN_POINT('Origin',(23.7,8.55848694832149,-2.75172988935318));
#3964=CARTESIAN_POINT('',(23.6479055466999,0.,-2.45628756344952));
#3965=CARTESIAN_POINT('',(23.4,0.,-2.75172988935318));
#3966=CARTESIAN_POINT('Ctrl Pts',(23.4,9.81835016678076,-2.46527825425168));
#3967=CARTESIAN_POINT('Ctrl Pts',(23.4,9.72316665599386,-2.54647470426195));
#3968=CARTESIAN_POINT('Ctrl Pts',(23.4,9.48946587530321,-2.64686506086096));
#3969=CARTESIAN_POINT('Ctrl Pts',(23.4,9.0607082987286,-2.73556968374976));
#3970=CARTESIAN_POINT('Ctrl Pts',(23.4,8.74615345970532,-2.75172988935318));
#3971=CARTESIAN_POINT('Ctrl Pts',(23.4,8.55848694832149,-2.75172988935318));
#3972=CARTESIAN_POINT('Ctrl Pts',(23.4,9.79861208921575,-2.44214005647845));
#3973=CARTESIAN_POINT('Ctrl Pts',(23.3999898476523,9.70515585506412,-2.51425805749083));
#3974=CARTESIAN_POINT('Ctrl Pts',(23.4001258580042,9.47513642262516,-2.60118754981381));
#3975=CARTESIAN_POINT('Ctrl Pts',(23.399946995724,9.05286156098142,-2.67182529209196));
#3976=CARTESIAN_POINT('Ctrl Pts',(23.400171729787,8.74311843216742,-2.6778183059537));
#3977=CARTESIAN_POINT('Ctrl Pts',(23.4,8.55848694832149,-2.67194340926202));
#3978=CARTESIAN_POINT('Ctrl Pts',(23.4081604920316,9.76407532751795,-2.40165392402819));
#3979=CARTESIAN_POINT('Ctrl Pts',(23.4112931719839,9.6736475403705,-2.45789611124198));
#3980=CARTESIAN_POINT('Ctrl Pts',(23.419418179525,9.45009252715715,-2.52112069631809));
#3981=CARTESIAN_POINT('Ctrl Pts',(23.4360657467857,9.03920107877563,-2.56051129176561));
#3982=CARTESIAN_POINT('Ctrl Pts',(23.4497503762826,8.73786853102157,-2.5488193019639));
#3983=CARTESIAN_POINT('Ctrl Pts',(23.4587612208887,8.55848694832149,-2.53324975262744));
#3984=CARTESIAN_POINT('Ctrl Pts',(23.4299219974796,9.73230463693386,-2.36441035156245));
#3985=CARTESIAN_POINT('Ctrl Pts',(23.4411403984328,9.64570190395196,-2.40726467418355));
#3986=CARTESIAN_POINT('Ctrl Pts',(23.4697129483447,9.43013057348508,-2.45493897032842));
#3987=CARTESIAN_POINT('Ctrl Pts',(23.5236830374961,9.03075212449039,-2.48485632767169));
#3988=CARTESIAN_POINT('Ctrl Pts',(23.564308232091,8.73533390009378,-2.47723254480332));
#3989=CARTESIAN_POINT('Ctrl Pts',(23.5889747885654,8.55848694832149,-2.46667864610224));
#3990=CARTESIAN_POINT('Ctrl Pts',(23.4414971025559,9.71954876133253,-2.34945712364742));
#3991=CARTESIAN_POINT('Ctrl Pts',(23.4569070477631,9.63482385430078,-2.38733815954128));
#3992=CARTESIAN_POINT('Ctrl Pts',(23.4957754063738,9.42309891782055,-2.43067979752187));
#3993=CARTESIAN_POINT('Ctrl Pts',(23.5667804251014,9.02858357268677,-2.46251200839889));
#3994=CARTESIAN_POINT('Ctrl Pts',(23.6179364130148,8.73494532470796,-2.46157193030667));
#3995=CARTESIAN_POINT('Ctrl Pts',(23.6479055466999,8.55848694832149,-2.45628756344952));
#3996=CARTESIAN_POINT('',(23.4,9.81835016684381,-2.46527825425168));
#3997=CARTESIAN_POINT('Ctrl Pts',(23.4,8.55848694832149,-2.75172988935318));
#3998=CARTESIAN_POINT('Ctrl Pts',(23.4,8.74615345970532,-2.75172988935318));
#3999=CARTESIAN_POINT('Ctrl Pts',(23.4,9.0607082987286,-2.73556968374976));
#4000=CARTESIAN_POINT('Ctrl Pts',(23.4,9.48946587530321,-2.64686506086096));
#4001=CARTESIAN_POINT('Ctrl Pts',(23.4,9.72316665599386,-2.54647470426195));
#4002=CARTESIAN_POINT('Ctrl Pts',(23.4,9.81835016678076,-2.46527825425168));
#4003=CARTESIAN_POINT('',(23.4414971025559,9.71954876133253,-2.34945712364742));
#4004=CARTESIAN_POINT('Origin',(23.7,9.81835016678076,-2.46527825425168));
#4005=CARTESIAN_POINT('Ctrl Pts',(23.4414971025559,9.71954876133253,-2.34945712364742));
#4006=CARTESIAN_POINT('Ctrl Pts',(23.4569070477631,9.63482385430078,-2.38733815954128));
#4007=CARTESIAN_POINT('Ctrl Pts',(23.4957754063738,9.42309891782055,-2.43067979752187));
#4008=CARTESIAN_POINT('Ctrl Pts',(23.5667804251014,9.02858357268677,-2.46251200839889));
#4009=CARTESIAN_POINT('Ctrl Pts',(23.6179364130148,8.73494532470796,-2.46157193030667));
#4010=CARTESIAN_POINT('Ctrl Pts',(23.6479055466999,8.55848694832149,-2.45628756344952));
#4011=CARTESIAN_POINT('Ctrl Pts',(23.3760956175299,9.93570096571451,-2.24827011064682));
#4012=CARTESIAN_POINT('Ctrl Pts',(23.3763239716773,9.9351637083632,-2.2493479750063));
#4013=CARTESIAN_POINT('Ctrl Pts',(23.3765507274215,9.93462577585449,-2.25042584669038));
#4014=CARTESIAN_POINT('Ctrl Pts',(23.391825660983,9.89810477835537,-2.32351772972837));
#4015=CARTESIAN_POINT('Ctrl Pts',(23.4000000000085,9.85873456490322,-2.3963783001962));
#4016=CARTESIAN_POINT('Ctrl Pts',(23.4,9.81835016684381,-2.46527825425169));
#4017=CARTESIAN_POINT('Ctrl Pts',(23.3760956175299,9.93570096571451,-2.24827011064681));
#4018=CARTESIAN_POINT('Ctrl Pts',(23.3763956981815,9.93500149699315,-2.24915605984361));
#4019=CARTESIAN_POINT('Ctrl Pts',(23.3766857521125,9.93429848906876,-2.25004218381175));
#4020=CARTESIAN_POINT('Ctrl Pts',(23.3966087869209,9.88669704851646,-2.31012144128477));
#4021=CARTESIAN_POINT('Ctrl Pts',(23.4047298856532,9.83436027868165,-2.37000439335496));
#4022=CARTESIAN_POINT('Ctrl Pts',(23.3999999999927,9.78380853108521,-2.42478640814754));
#4023=CARTESIAN_POINT('Ctrl Pts',(23.3760956175299,9.93570096571451,-2.24827011064681));
#4024=CARTESIAN_POINT('Ctrl Pts',(23.3764648660761,9.93483865271149,-2.2489644404963));
#4025=CARTESIAN_POINT('Ctrl Pts',(23.3768244315068,9.93397228699097,-2.24965821349831));
#4026=CARTESIAN_POINT('Ctrl Pts',(23.4014418112285,9.87532013325549,-2.29673312899854));
#4027=CARTESIAN_POINT('Ctrl Pts',(23.4142189641393,9.81189540134365,-2.34360770324423));
#4028=CARTESIAN_POINT('Ctrl Pts',(23.4144885240377,9.74931247108936,-2.38434798878056));
#4029=CARTESIAN_POINT('Ctrl Pts',(23.3760956175299,9.93570096571451,-2.24827011064681));
#4030=CARTESIAN_POINT('Ctrl Pts',(23.376531827701,9.93467467771479,-2.24877239220085));
#4031=CARTESIAN_POINT('Ctrl Pts',(23.376966407493,9.93364768846312,-2.24927468305665));
#4032=CARTESIAN_POINT('Ctrl Pts',(23.4063329999883,9.86396246135865,-2.28333588490195));
#4033=CARTESIAN_POINT('Ctrl Pts',(23.428420859503,9.79144281824714,-2.3173128410777));
#4034=CARTESIAN_POINT('Ctrl Pts',(23.4414971025559,9.71954876133254,-2.34945712364743));
#4035=CARTESIAN_POINT('Ctrl Pts',(23.4,9.81835016684381,-2.46527825425169));
#4036=CARTESIAN_POINT('Ctrl Pts',(23.4000000000085,9.85873456490322,-2.3963783001962));
#4037=CARTESIAN_POINT('Ctrl Pts',(23.391825660983,9.89810477835537,-2.32351772972837));
#4038=CARTESIAN_POINT('Ctrl Pts',(23.3765507274215,9.93462577585449,-2.25042584669038));
#4039=CARTESIAN_POINT('Ctrl Pts',(23.3763239716773,9.9351637083632,-2.2493479750063));
#4040=CARTESIAN_POINT('Ctrl Pts',(23.3760956175299,9.93570096571451,-2.24827011064682));
#4041=CARTESIAN_POINT('Ctrl Pts',(23.3760956175299,9.93570096571451,-2.24827011064681));
#4042=CARTESIAN_POINT('Ctrl Pts',(23.376531827701,9.93467467771479,-2.24877239220085));
#4043=CARTESIAN_POINT('Ctrl Pts',(23.376966407493,9.93364768846312,-2.24927468305665));
#4044=CARTESIAN_POINT('Ctrl Pts',(23.4063329999883,9.86396246135865,-2.28333588490195));
#4045=CARTESIAN_POINT('Ctrl Pts',(23.428420859503,9.79144281824714,-2.3173128410777));
#4046=CARTESIAN_POINT('Ctrl Pts',(23.4414971025559,9.71954876133254,-2.34945712364743));
#4047=CARTESIAN_POINT('Origin',(23.4,0.,-2.5));
#4048=CARTESIAN_POINT('',(23.4,-9.81835016684381,-7.53472174574831));
#4049=CARTESIAN_POINT('',(23.4,-9.81835016690687,2.));
#4050=CARTESIAN_POINT('',(23.4,-8.55848694832149,-7.24827011064682));
#4051=CARTESIAN_POINT('Ctrl Pts',(23.4,-8.55848694832149,-7.24827011064682));
#4052=CARTESIAN_POINT('Ctrl Pts',(23.4,-8.80870896349993,-7.24827011064682));
#4053=CARTESIAN_POINT('Ctrl Pts',(23.4,-9.15490718424788,-7.27085287658161));
#4054=CARTESIAN_POINT('Ctrl Pts',(23.4,-9.57778216633153,-7.38794384456476));
#4055=CARTESIAN_POINT('Ctrl Pts',(23.4,-9.74696253369058,-7.47382440824061));
#4056=CARTESIAN_POINT('Ctrl Pts',(23.4,-9.81835016678076,-7.53472174574831));
#4057=CARTESIAN_POINT('',(23.4,8.55848694832232,-7.24827011064682));
#4058=CARTESIAN_POINT('',(23.4,0.,-7.24827011064682));
#4059=CARTESIAN_POINT('',(23.4,9.81835016687534,-7.53472174574832));
#4060=CARTESIAN_POINT('Ctrl Pts',(23.4,9.81835016678076,-7.53472174574832));
#4061=CARTESIAN_POINT('Ctrl Pts',(23.4,9.74696333088283,-7.47382508828677));
#4062=CARTESIAN_POINT('Ctrl Pts',(23.4,9.57770942311706,-7.38792855748252));
#4063=CARTESIAN_POINT('Ctrl Pts',(23.4,9.15495286448217,-7.27085941007519));
#4064=CARTESIAN_POINT('Ctrl Pts',(23.4,8.80870616924857,-7.24827011064686));
#4065=CARTESIAN_POINT('Ctrl Pts',(23.4,8.55848694832232,-7.24827011064682));
#4066=CARTESIAN_POINT('',(23.4,9.81835016690687,2.));
#4067=CARTESIAN_POINT('Origin',(23.1,-9.81835016690687,2.));
#4068=CARTESIAN_POINT('Ctrl Pts',(23.4,-9.81835016684381,-7.53472174574832));
#4069=CARTESIAN_POINT('Ctrl Pts',(23.4000000000085,-9.8587345649034,-7.60362169980412));
#4070=CARTESIAN_POINT('Ctrl Pts',(23.3918256608438,-9.89810477831612,-7.67648227029205));
#4071=CARTESIAN_POINT('Ctrl Pts',(23.3765507274227,-9.93462577585538,-7.74957415330967));
#4072=CARTESIAN_POINT('Ctrl Pts',(23.3763239716768,-9.93516370836426,-7.75065202499448));
#4073=CARTESIAN_POINT('Ctrl Pts',(23.3760956175299,-9.93570096571451,-7.75172988935319));
#4074=CARTESIAN_POINT('Ctrl Pts',(23.3760956175299,9.9357009657145,-7.75172988935318));
#4075=CARTESIAN_POINT('Ctrl Pts',(23.3765318277004,9.93467467771616,-7.75122760779889));
#4076=CARTESIAN_POINT('Ctrl Pts',(23.3769664074942,9.93364768846459,-7.75072531694338));
#4077=CARTESIAN_POINT('Ctrl Pts',(23.4063329998242,9.86396246130326,-7.71666411510453));
#4078=CARTESIAN_POINT('Ctrl Pts',(23.428420859503,9.79144281824745,-7.68268715892244));
#4079=CARTESIAN_POINT('Ctrl Pts',(23.4414971025559,9.71954876133254,-7.65054287635258));
#4080=CARTESIAN_POINT('Ctrl Pts',(23.3760956175299,9.9357009657145,-7.75172988935318));
#4081=CARTESIAN_POINT('Ctrl Pts',(23.3764648660755,9.93483865271274,-7.75103555950379));
#4082=CARTESIAN_POINT('Ctrl Pts',(23.376824431508,9.93397228699229,-7.75034178650178));
#4083=CARTESIAN_POINT('Ctrl Pts',(23.4014418110645,9.87532013320008,-7.70326687100811));
#4084=CARTESIAN_POINT('Ctrl Pts',(23.4142189641393,9.81189540134389,-7.65639229675593));
#4085=CARTESIAN_POINT('Ctrl Pts',(23.4144885240377,9.74931247108936,-7.61565201121944));
#4086=CARTESIAN_POINT('Ctrl Pts',(23.3760956175299,9.9357009657145,-7.75172988935318));
#4087=CARTESIAN_POINT('Ctrl Pts',(23.376395698181,9.9350014969943,-7.75084394015686));
#4088=CARTESIAN_POINT('Ctrl Pts',(23.3766857521136,9.93429848906979,-7.74995781618825));
#4089=CARTESIAN_POINT('Ctrl Pts',(23.3966087867825,9.88669704847536,-7.6898785587377));
#4090=CARTESIAN_POINT('Ctrl Pts',(23.4047298856532,9.8343602786819,-7.62999560664531));
#4091=CARTESIAN_POINT('Ctrl Pts',(23.3999999999927,9.78380853108521,-7.57521359185246));
#4092=CARTESIAN_POINT('Ctrl Pts',(23.3760956175299,9.9357009657145,-7.75172988935318));
#4093=CARTESIAN_POINT('Ctrl Pts',(23.3763239716768,9.93516370836422,-7.75065202499451));
#4094=CARTESIAN_POINT('Ctrl Pts',(23.3765507274227,9.93462577585537,-7.74957415330967));
#4095=CARTESIAN_POINT('Ctrl Pts',(23.3918256608446,9.89810477831421,-7.67648227029427));
#4096=CARTESIAN_POINT('Ctrl Pts',(23.4000000000085,9.8587345649034,-7.6036216998041));
#4097=CARTESIAN_POINT('Ctrl Pts',(23.4,9.81835016684381,-7.53472174574832));
#4098=CARTESIAN_POINT('',(23.4414971025559,9.71954876133254,-7.65054287635258));
#4099=CARTESIAN_POINT('Origin',(23.7,9.81835016678076,-7.53472174574832));
#4100=CARTESIAN_POINT('Ctrl Pts',(23.4414971025559,9.71954876133254,-7.65054287635258));
#4101=CARTESIAN_POINT('Ctrl Pts',(23.428420859503,9.79144281824745,-7.68268715892244));
#4102=CARTESIAN_POINT('Ctrl Pts',(23.4063329998242,9.86396246130326,-7.71666411510453));
#4103=CARTESIAN_POINT('Ctrl Pts',(23.3769664074942,9.93364768846459,-7.75072531694338));
#4104=CARTESIAN_POINT('Ctrl Pts',(23.3765318277004,9.93467467771616,-7.75122760779889));
#4105=CARTESIAN_POINT('Ctrl Pts',(23.3760956175299,9.9357009657145,-7.75172988935318));
#4106=CARTESIAN_POINT('Ctrl Pts',(23.3760956175299,9.9357009657145,-7.75172988935318));
#4107=CARTESIAN_POINT('Ctrl Pts',(23.3763239716768,9.93516370836422,-7.75065202499451));
#4108=CARTESIAN_POINT('Ctrl Pts',(23.3765507274227,9.93462577585537,-7.74957415330967));
#4109=CARTESIAN_POINT('Ctrl Pts',(23.3918256608446,9.89810477831421,-7.67648227029427));
#4110=CARTESIAN_POINT('Ctrl Pts',(23.4000000000085,9.8587345649034,-7.6036216998041));
#4111=CARTESIAN_POINT('Ctrl Pts',(23.4,9.81835016684381,-7.53472174574832));
#4112=CARTESIAN_POINT('Ctrl Pts',(23.4414971025559,9.71954876133254,-7.65054287635258));
#4113=CARTESIAN_POINT('Ctrl Pts',(23.4530544323981,9.65600579065683,-7.62213241669793));
#4114=CARTESIAN_POINT('Ctrl Pts',(23.4810787688868,9.50319373024842,-7.58412559793522));
#4115=CARTESIAN_POINT('Ctrl Pts',(23.5512879845866,9.11625405668751,-7.53797080325381));
#4116=CARTESIAN_POINT('Ctrl Pts',(23.6079471480103,8.79376215613503,-7.53666669275562));
#4117=CARTESIAN_POINT('Ctrl Pts',(23.6479055466998,8.55848694832227,-7.54371243655046));
#4118=CARTESIAN_POINT('Ctrl Pts',(23.4260636291208,9.73655659546765,-7.63060523913253));
#4119=CARTESIAN_POINT('Ctrl Pts',(23.4334232806439,9.67113477321597,-7.59722365796244));
#4120=CARTESIAN_POINT('Ctrl Pts',(23.4515315926622,9.51444225329264,-7.55350600769));
#4121=CARTESIAN_POINT('Ctrl Pts',(23.4982903619862,9.12006557212742,-7.50580610664983));
#4122=CARTESIAN_POINT('Ctrl Pts',(23.5389246884577,8.79443459587622,-7.51327649673054));
#4123=CARTESIAN_POINT('Ctrl Pts',(23.5693312025205,8.55848694832227,-7.52985765968013));
#4124=CARTESIAN_POINT('Ctrl Pts',(23.4060907099439,9.76900368843289,-7.59256874587611));
#4125=CARTESIAN_POINT('Ctrl Pts',(23.4078365828264,9.70085673700654,-7.548691438536));
#4126=CARTESIAN_POINT('Ctrl Pts',(23.4121431426571,9.53845020086413,-7.49013877088834));
#4127=CARTESIAN_POINT('Ctrl Pts',(23.4237569035699,9.13185238127155,-7.42252663402951));
#4128=CARTESIAN_POINT('Ctrl Pts',(23.4343328012122,8.79861649351129,-7.42858850472658));
#4129=CARTESIAN_POINT('Ctrl Pts',(23.4429537932667,8.55848694832228,-7.44790140910937));
#4130=CARTESIAN_POINT('Ctrl Pts',(23.4,9.80354660860701,-7.55207539407824));
#4131=CARTESIAN_POINT('Ctrl Pts',(23.3999989912499,9.7331320484941,-7.49628391016963));
#4132=CARTESIAN_POINT('Ctrl Pts',(23.4000210278879,9.56593335177575,-7.41859454044041));
#4133=CARTESIAN_POINT('Ctrl Pts',(23.3999891469572,9.14802692185259,-7.31634397235909));
#4134=CARTESIAN_POINT('Ctrl Pts',(23.4000647909097,8.80568353931226,-7.30234899507649));
#4135=CARTESIAN_POINT('Ctrl Pts',(23.4,8.55848694832231,-7.30810997071518));
#4136=CARTESIAN_POINT('Ctrl Pts',(23.4,9.81835016678076,-7.53472174574832));
#4137=CARTESIAN_POINT('Ctrl Pts',(23.4,9.74696333088283,-7.47382508828677));
#4138=CARTESIAN_POINT('Ctrl Pts',(23.4,9.57770942311706,-7.38792855748252));
#4139=CARTESIAN_POINT('Ctrl Pts',(23.4,9.15495286448217,-7.27085941007519));
#4140=CARTESIAN_POINT('Ctrl Pts',(23.4,8.80870616924857,-7.24827011064686));
#4141=CARTESIAN_POINT('Ctrl Pts',(23.4,8.55848694832232,-7.24827011064682));
#4142=CARTESIAN_POINT('',(23.6479055466997,8.55848694832224,-7.54371243655044));
#4143=CARTESIAN_POINT('Origin',(23.7,8.55848694832232,-7.24827011064682));
#4144=CARTESIAN_POINT('Ctrl Pts',(23.6479055466998,8.55848694832227,-7.54371243655046));
#4145=CARTESIAN_POINT('Ctrl Pts',(23.6079471480103,8.79376215613503,-7.53666669275562));
#4146=CARTESIAN_POINT('Ctrl Pts',(23.5512879845866,9.11625405668751,-7.53797080325381));
#4147=CARTESIAN_POINT('Ctrl Pts',(23.4810787688868,9.50319373024842,-7.58412559793522));
#4148=CARTESIAN_POINT('Ctrl Pts',(23.4530544323981,9.65600579065683,-7.62213241669793));
#4149=CARTESIAN_POINT('Ctrl Pts',(23.4414971025559,9.71954876133254,-7.65054287635258));
#4150=CARTESIAN_POINT('Origin',(23.7,0.,-7.24827011064682));
#4151=CARTESIAN_POINT('',(23.6479055466999,-8.55848694832149,-7.54371243655048));
#4152=CARTESIAN_POINT('Origin',(23.7,-8.55848694832149,-7.24827011064682));
#4153=CARTESIAN_POINT('',(23.6479055466999,0.,-7.54371243655048));
#4154=CARTESIAN_POINT('Ctrl Pts',(23.4,-9.81835016678076,-7.53472174574831));
#4155=CARTESIAN_POINT('Ctrl Pts',(23.4,-9.74696253369058,-7.47382440824061));
#4156=CARTESIAN_POINT('Ctrl Pts',(23.4,-9.57778216633153,-7.38794384456476));
#4157=CARTESIAN_POINT('Ctrl Pts',(23.4,-9.15490718424788,-7.27085287658161));
#4158=CARTESIAN_POINT('Ctrl Pts',(23.4,-8.80870896349993,-7.24827011064682));
#4159=CARTESIAN_POINT('Ctrl Pts',(23.4,-8.55848694832149,-7.24827011064682));
#4160=CARTESIAN_POINT('Ctrl Pts',(23.4,-9.79861208921576,-7.55785994352153));
#4161=CARTESIAN_POINT('Ctrl Pts',(23.3999923857392,-9.72851991360203,-7.50377144276225));
#4162=CARTESIAN_POINT('Ctrl Pts',(23.4000793511426,-9.56207536522204,-7.42877641087312));
#4163=CARTESIAN_POINT('Ctrl Pts',(23.3999080031907,-9.14566096390998,-7.3315249334473));
#4164=CARTESIAN_POINT('Ctrl Pts',(23.4002289730494,-8.80466226011605,-7.32022339514907));
#4165=CARTESIAN_POINT('Ctrl Pts',(23.4,-8.55848694832149,-7.32805659073798));
#4166=CARTESIAN_POINT('Ctrl Pts',(23.4081606352107,-9.76407535577997,-7.59834604284131));
#4167=CARTESIAN_POINT('Ctrl Pts',(23.4105101451749,-9.69625451541938,-7.55616440243097));
#4168=CARTESIAN_POINT('Ctrl Pts',(23.416319226957,-9.53461256126763,-7.50031421315506));
#4169=CARTESIAN_POINT('Ctrl Pts',(23.4321500707526,-9.12954309402378,-7.43748385740738));
#4170=CARTESIAN_POINT('Ctrl Pts',(23.4467514846798,-8.79766239192157,-7.44598619762152));
#4171=CARTESIAN_POINT('Ctrl Pts',(23.4587659441547,-8.55848694832149,-7.46674559673679));
#4172=CARTESIAN_POINT('Ctrl Pts',(23.4299219974796,-9.73230463693387,-7.63558964843754));
#4173=CARTESIAN_POINT('Ctrl Pts',(23.4383357981945,-9.66735258719744,-7.60344890647171));
#4174=CARTESIAN_POINT('Ctrl Pts',(23.4588748328775,-9.51170150763409,-7.56120960376103));
#4175=CARTESIAN_POINT('Ctrl Pts',(23.5116033163706,-9.11908041293227,-7.51382501559114));
#4176=CARTESIAN_POINT('Ctrl Pts',(23.5560860465995,-8.79428288401786,-7.51924948896299));
#4177=CARTESIAN_POINT('Ctrl Pts',(23.5889747885654,-8.55848694832149,-7.53332135389776));
#4178=CARTESIAN_POINT('Ctrl Pts',(23.4414971025559,-9.71954876133254,-7.65054287635257));
#4179=CARTESIAN_POINT('Ctrl Pts',(23.4530545614613,-9.65600508105872,-7.62213209943217));
#4180=CARTESIAN_POINT('Ctrl Pts',(23.4810667775601,-9.50326073083239,-7.58413112708191));
#4181=CARTESIAN_POINT('Ctrl Pts',(23.5512955149228,-9.11621180415912,-7.53796886430848));
#4182=CARTESIAN_POINT('Ctrl Pts',(23.6079467017864,-8.79376478350342,-7.53666661407428));
#4183=CARTESIAN_POINT('Ctrl Pts',(23.6479055466999,-8.5584869483215,-7.54371243655048));
#4184=CARTESIAN_POINT('',(23.4414971025559,-9.71954876133254,-7.65054287635257));
#4185=CARTESIAN_POINT('Origin',(23.7,-9.81835016678076,-7.53472174574831));
#4186=CARTESIAN_POINT('Ctrl Pts',(23.4414971025559,-9.71954876133254,-7.65054287635257));
#4187=CARTESIAN_POINT('Ctrl Pts',(23.4530545614613,-9.65600508105872,-7.62213209943217));
#4188=CARTESIAN_POINT('Ctrl Pts',(23.4810667775601,-9.50326073083239,-7.58413112708191));
#4189=CARTESIAN_POINT('Ctrl Pts',(23.5512955149228,-9.11621180415912,-7.53796886430848));
#4190=CARTESIAN_POINT('Ctrl Pts',(23.6079467017864,-8.79376478350342,-7.53666661407428));
#4191=CARTESIAN_POINT('Ctrl Pts',(23.6479055466999,-8.5584869483215,-7.54371243655048));
#4192=CARTESIAN_POINT('Ctrl Pts',(23.3760956175299,-9.93570096571451,-7.75172988935319));
#4193=CARTESIAN_POINT('Ctrl Pts',(23.3763239716768,-9.93516370836426,-7.75065202499448));
#4194=CARTESIAN_POINT('Ctrl Pts',(23.3765507274227,-9.93462577585538,-7.74957415330967));
#4195=CARTESIAN_POINT('Ctrl Pts',(23.3918256608438,-9.89810477831612,-7.67648227029205));
#4196=CARTESIAN_POINT('Ctrl Pts',(23.4000000000085,-9.8587345649034,-7.60362169980412));
#4197=CARTESIAN_POINT('Ctrl Pts',(23.4,-9.81835016684381,-7.53472174574832));
#4198=CARTESIAN_POINT('Ctrl Pts',(23.3760956175299,-9.93570096571451,-7.75172988935319));
#4199=CARTESIAN_POINT('Ctrl Pts',(23.376395698181,-9.93500149699436,-7.75084394015683));
#4200=CARTESIAN_POINT('Ctrl Pts',(23.3766857521136,-9.93429848906979,-7.74995781618823));
#4201=CARTESIAN_POINT('Ctrl Pts',(23.3966087867817,-9.88669704847728,-7.68987855873549));
#4202=CARTESIAN_POINT('Ctrl Pts',(23.4047298856532,-9.8343602786819,-7.62999560664531));
#4203=CARTESIAN_POINT('Ctrl Pts',(23.3999999999927,-9.7838085310852,-7.57521359185246));
#4204=CARTESIAN_POINT('Ctrl Pts',(23.3760956175299,-9.93570096571451,-7.75172988935319));
#4205=CARTESIAN_POINT('Ctrl Pts',(23.3764648660755,-9.93483865271276,-7.75103555950369));
#4206=CARTESIAN_POINT('Ctrl Pts',(23.376824431508,-9.93397228699232,-7.7503417865018));
#4207=CARTESIAN_POINT('Ctrl Pts',(23.4014418110632,-9.87532013320332,-7.70326687100714));
#4208=CARTESIAN_POINT('Ctrl Pts',(23.4142189641393,-9.8118954013439,-7.65639229675594));
#4209=CARTESIAN_POINT('Ctrl Pts',(23.4144885240377,-9.74931247108935,-7.61565201121944));
#4210=CARTESIAN_POINT('Ctrl Pts',(23.3760956175299,-9.93570096571451,-7.75172988935319));
#4211=CARTESIAN_POINT('Ctrl Pts',(23.3765318277004,-9.9346746777162,-7.75122760779879));
#4212=CARTESIAN_POINT('Ctrl Pts',(23.3769664074942,-9.93364768846462,-7.75072531694338));
#4213=CARTESIAN_POINT('Ctrl Pts',(23.4063329998229,-9.86396246130651,-7.71666411510356));
#4214=CARTESIAN_POINT('Ctrl Pts',(23.428420859503,-9.79144281824745,-7.68268715892245));
#4215=CARTESIAN_POINT('Ctrl Pts',(23.4414971025559,-9.71954876133253,-7.65054287635258));
#4216=CARTESIAN_POINT('Ctrl Pts',(23.3760956175299,-9.93570096571451,-7.75172988935319));
#4217=CARTESIAN_POINT('Ctrl Pts',(23.3765318277004,-9.9346746777162,-7.75122760779879));
#4218=CARTESIAN_POINT('Ctrl Pts',(23.3769664074942,-9.93364768846462,-7.75072531694338));
#4219=CARTESIAN_POINT('Ctrl Pts',(23.4063329998229,-9.86396246130651,-7.71666411510356));
#4220=CARTESIAN_POINT('Ctrl Pts',(23.428420859503,-9.79144281824745,-7.68268715892245));
#4221=CARTESIAN_POINT('Ctrl Pts',(23.4414971025559,-9.71954876133253,-7.65054287635258));
#4222=CARTESIAN_POINT('Origin',(23.1,9.81835016690687,2.));
#4223=CARTESIAN_POINT('Ctrl Pts',(23.1520944533001,-9.81835016690691,-2.54371243655048));
#4224=CARTESIAN_POINT('Ctrl Pts',(24.279526682701,-7.16579815394824,-2.3449157155868));
#4225=CARTESIAN_POINT('Ctrl Pts',(25.8365013377733,-0.518631215601171,-2.07037907561831));
#4226=CARTESIAN_POINT('Ctrl Pts',(24.6553374258347,6.28161414962868,-2.27865014193224));
#4227=CARTESIAN_POINT('Ctrl Pts',(23.1520944533001,9.81835016690691,-2.54371243655048));
#4228=CARTESIAN_POINT('Ctrl Pts',(23.2158531654986,-9.84629253154187,-2.53247005533465));
#4229=CARTESIAN_POINT('Ctrl Pts',(24.346121265165,-7.18606224736445,-2.33316392119978));
#4230=CARTESIAN_POINT('Ctrl Pts',(25.9069381084458,-0.520061742302955,-2.05795242865056));
#4231=CARTESIAN_POINT('Ctrl Pts',(24.7228772983872,6.29931881930531,-2.26672854315482));
#4232=CARTESIAN_POINT('Ctrl Pts',(23.2158531654986,9.84629253154187,-2.53247005533465));
#4233=CARTESIAN_POINT('Ctrl Pts',(23.3339605918819,-9.90200736676496,-2.45888544480541));
#4234=CARTESIAN_POINT('Ctrl Pts',(24.469996777624,-7.226509491536,-2.25919092969844));
#4235=CARTESIAN_POINT('Ctrl Pts',(26.0386343837998,-0.522936235123003,-1.98343903276268));
#4236=CARTESIAN_POINT('Ctrl Pts',(24.8486755062047,6.33467686645968,-2.19262609132945));
#4237=CARTESIAN_POINT('Ctrl Pts',(23.3339605918819,9.90200736676496,-2.45888544480541));
#4238=CARTESIAN_POINT('Ctrl Pts',(23.3779936261529,-9.93123544977285,-2.31861779709532));
#4239=CARTESIAN_POINT('Ctrl Pts',(24.5178759160598,-7.24794230905983,-2.11951486626876));
#4240=CARTESIAN_POINT('Ctrl Pts',(26.0919010569744,-0.524502192704919,-1.84456881155462));
#4241=CARTESIAN_POINT('Ctrl Pts',(24.8978366793621,6.35351126215549,-2.05314722265991));
#4242=CARTESIAN_POINT('Ctrl Pts',(23.3779936261529,9.93123544977285,-2.31861779709532));
#4243=CARTESIAN_POINT('Ctrl Pts',(23.3760956175299,-9.93570096571456,-2.24827011064682));
#4244=CARTESIAN_POINT('Ctrl Pts',(24.5170031325412,-7.25144514383606,-2.04947338968314));
#4245=CARTESIAN_POINT('Ctrl Pts',(26.092587046439,-0.524829995070507,-1.77493674971464));
#4246=CARTESIAN_POINT('Ctrl Pts',(24.897305637545,6.3566932032099,-1.98320781602857));
#4247=CARTESIAN_POINT('Ctrl Pts',(23.3760956175299,9.93570096571456,-2.24827011064682));
#4248=CARTESIAN_POINT('Origin',(0.0520944533000789,0.,-6.616865690916));
#4249=CARTESIAN_POINT('Origin',(28.4,0.,-1.61836509645768));
#4250=CARTESIAN_POINT('Ctrl Pts',(23.1520944533001,9.81835016690691,-7.45628756344952));
#4251=CARTESIAN_POINT('Ctrl Pts',(24.279526682701,7.16579815394824,-7.6550842844132));
#4252=CARTESIAN_POINT('Ctrl Pts',(25.8364088422604,0.518627108003421,-7.92960461492719));
#4253=CARTESIAN_POINT('Ctrl Pts',(24.6553374258347,-6.28161414962868,-7.72134985806777));
#4254=CARTESIAN_POINT('Ctrl Pts',(23.1520944533001,-9.8183501669069,-7.45628756344952));
#4255=CARTESIAN_POINT('Ctrl Pts',(23.2158531654986,9.84629253154187,-7.46752994466535));
#4256=CARTESIAN_POINT('Ctrl Pts',(24.346121265165,7.18606224736445,-7.66683607880022));
#4257=CARTESIAN_POINT('Ctrl Pts',(25.9068454504964,0.520057415712193,-7.94203246789129));
#4258=CARTESIAN_POINT('Ctrl Pts',(24.7228772983872,-6.29931881930531,-7.73327145684518));
#4259=CARTESIAN_POINT('Ctrl Pts',(23.2158531654986,-9.84629253154187,-7.46752994466535));
#4260=CARTESIAN_POINT('Ctrl Pts',(23.33395085214,9.90200388412916,-7.54112332307714));
#4261=CARTESIAN_POINT('Ctrl Pts',(24.4699870378821,7.2265060089002,-7.74081783818412));
#4262=CARTESIAN_POINT('Ctrl Pts',(26.0385313492235,0.522931724735717,-8.0165527188046));
#4263=CARTESIAN_POINT('Ctrl Pts',(24.8486657664628,-6.33467338382387,-7.80738267655311));
#4264=CARTESIAN_POINT('Ctrl Pts',(23.33395085214,-9.90200388412915,-7.54112332307714));
#4265=CARTESIAN_POINT('Ctrl Pts',(23.3779936261529,9.93123544977285,-7.68138220290468));
#4266=CARTESIAN_POINT('Ctrl Pts',(24.5178759160598,7.24794230905983,-7.88048513373124));
#4267=CARTESIAN_POINT('Ctrl Pts',(26.0918088188965,0.524496877078557,-8.15541514063451));
#4268=CARTESIAN_POINT('Ctrl Pts',(24.8978366793621,-6.35351126215548,-7.94685277734009));
#4269=CARTESIAN_POINT('Ctrl Pts',(23.3779936261529,-9.93123544977285,-7.68138220290468));
#4270=CARTESIAN_POINT('Ctrl Pts',(23.3760956175299,9.93570096571456,-7.75172988935318));
#4271=CARTESIAN_POINT('Ctrl Pts',(24.5170031325412,7.25144514383606,-7.95052661031687));
#4272=CARTESIAN_POINT('Ctrl Pts',(26.0924934454021,0.524825838377963,-8.22504694083086));
#4273=CARTESIAN_POINT('Ctrl Pts',(24.897305637545,-6.35669320320989,-8.01679218397143));
#4274=CARTESIAN_POINT('Ctrl Pts',(23.3760956175299,-9.93570096571456,-7.75172988935318));
#4275=CARTESIAN_POINT('Origin',(0.0520944533000797,0.,-3.38313430908392));
#4276=CARTESIAN_POINT('Origin',(23.4,0.,-7.5));
#4277=CARTESIAN_POINT('Origin',(-23.1,-9.81835016690687,2.));
#4278=CARTESIAN_POINT('',(-23.4,-9.81835016690687,2.));
#4279=CARTESIAN_POINT('Origin',(-23.4,0.,-7.5));
#4280=CARTESIAN_POINT('',(-23.4,9.81835016690687,2.));
#4281=CARTESIAN_POINT('Origin',(-23.1,9.81835016690687,2.));
#4282=CARTESIAN_POINT('Ctrl Pts',(-19.9763620579833,-1.78207124671426,22.0178803535795));
#4283=CARTESIAN_POINT('Ctrl Pts',(-19.9763620579833,-1.78207124671426,22.1103277436241));
#4284=CARTESIAN_POINT('Ctrl Pts',(-20.0338731288796,-1.74886721445091,22.2925180948896));
#4285=CARTESIAN_POINT('Ctrl Pts',(-20.1658006689529,-1.67269881367602,22.407985548147));
#4286=CARTESIAN_POINT('Ctrl Pts',(-20.2383902308678,-1.63078921056415,22.4469837608509));
#4287=CARTESIAN_POINT('Ctrl Pts',(-20.0163021635086,-1.75901181603778,22.0178803535795));
#4288=CARTESIAN_POINT('Ctrl Pts',(-20.0161177793426,-1.7591157573608,22.0999790493515));
#4289=CARTESIAN_POINT('Ctrl Pts',(-20.0700810455689,-1.72786222377876,22.261676808903));
#4290=CARTESIAN_POINT('Ctrl Pts',(-20.1933235966158,-1.65670803644656,22.3603993343692));
#4291=CARTESIAN_POINT('Ctrl Pts',(-20.2604763187655,-1.61803780177105,22.3921703276616));
#4292=CARTESIAN_POINT('Ctrl Pts',(-20.0746189552191,-1.69885535636999,22.0178803535795));
#4293=CARTESIAN_POINT('Ctrl Pts',(-20.074227165857,-1.6993309171796,22.0819175343704));
#4294=CARTESIAN_POINT('Ctrl Pts',(-20.120473169019,-1.66890596306232,22.2076843741547));
#4295=CARTESIAN_POINT('Ctrl Pts',(-20.2240378600058,-1.59890526371283,22.2772721482653));
#4296=CARTESIAN_POINT('Ctrl Pts',(-20.2788802278874,-1.5610654336935,22.2966884894699));
#4297=CARTESIAN_POINT('Ctrl Pts',(-20.0978688104425,-1.61970203656846,22.0178803535795));
#4298=CARTESIAN_POINT('Ctrl Pts',(-20.0976409888049,-1.62063684816657,22.0685191580425));
#4299=CARTESIAN_POINT('Ctrl Pts',(-20.1328675577084,-1.58797805423772,22.1678590436056));
#4300=CARTESIAN_POINT('Ctrl Pts',(-20.2120796927255,-1.51080225793873,22.2253633765746));
#4301=CARTESIAN_POINT('Ctrl Pts',(-20.2544312585673,-1.46849852613868,22.2427192883507));
#4302=CARTESIAN_POINT('Ctrl Pts',(-20.100588217502,-1.58521995647934,22.0178803535795));
#4303=CARTESIAN_POINT('Ctrl Pts',(-20.1005011291182,-1.58632423714068,22.0641299581835));
#4304=CARTESIAN_POINT('Ctrl Pts',(-20.1306270025561,-1.55262418011152,22.1548239254619));
#4305=CARTESIAN_POINT('Ctrl Pts',(-20.1997560918669,-1.47234128394846,22.2115678453355));
#4306=CARTESIAN_POINT('Ctrl Pts',(-20.2376956384029,-1.42816195746747,22.2305223640606));
#4307=CARTESIAN_POINT('',(-20.2383902308678,-1.63078921056414,22.4469837608509));
#4308=CARTESIAN_POINT('Ctrl Pts',(-20.089779006345,-1.71658994104694,22.326687989058));
#4309=CARTESIAN_POINT('Ctrl Pts',(-20.1320055497693,-1.69221043483397,22.3769828567652));
#4310=CARTESIAN_POINT('Ctrl Pts',(-20.1832889949509,-1.6626019239534,22.4173810237377));
#4311=CARTESIAN_POINT('Ctrl Pts',(-20.2383902308678,-1.63078921056415,22.4469837608509));
#4312=CARTESIAN_POINT('',(-20.2376956384029,-1.42816195746746,22.2305223640606));
#4313=CARTESIAN_POINT('Origin',(-20.1133902308678,-1.41428285961803,22.4469837608509));
#4314=CARTESIAN_POINT('Ctrl Pts',(-20.2376956384029,-1.42816195746747,22.2305223640606));
#4315=CARTESIAN_POINT('Ctrl Pts',(-20.1997560918669,-1.47234128394846,22.2115678453355));
#4316=CARTESIAN_POINT('Ctrl Pts',(-20.1306270025561,-1.55262418011152,22.1548239254619));
#4317=CARTESIAN_POINT('Ctrl Pts',(-20.1005011291182,-1.58632423714068,22.0641299581835));
#4318=CARTESIAN_POINT('Ctrl Pts',(-20.100588217502,-1.58521995647934,22.0178803535795));
#4319=CARTESIAN_POINT('Ctrl Pts',(-20.2383902308678,-1.63078921056413,22.4469837608509));
#4320=CARTESIAN_POINT('Ctrl Pts',(-20.2454100203701,-1.6267363332053,22.4507550915619));
#4321=CARTESIAN_POINT('Ctrl Pts',(-20.2524294816725,-1.62268364533283,22.4545272368021));
#4322=CARTESIAN_POINT('Ctrl Pts',(-20.2594486156916,-1.6186311464174,22.45830019387));
#4323=CARTESIAN_POINT('Ctrl Pts',(-20.2604763187655,-1.61803780177104,22.3921703276616));
#4324=CARTESIAN_POINT('Ctrl Pts',(-20.2675011176842,-1.61398215744493,22.3959389791354));
#4325=CARTESIAN_POINT('Ctrl Pts',(-20.2745253535949,-1.60992646262951,22.399708557895));
#4326=CARTESIAN_POINT('Ctrl Pts',(-20.2815494850563,-1.60587120354034,22.403478838907));
#4327=CARTESIAN_POINT('Ctrl Pts',(-20.2788802205206,-1.56106542746812,22.296688496492));
#4328=CARTESIAN_POINT('Ctrl Pts',(-20.285910135771,-1.55699900105431,22.3004527369359));
#4329=CARTESIAN_POINT('Ctrl Pts',(-20.2929397800996,-1.55293284120227,22.3042177531447));
#4330=CARTESIAN_POINT('Ctrl Pts',(-20.2999690117416,-1.54886681994406,22.3079836284965));
#4331=CARTESIAN_POINT('Ctrl Pts',(-20.2544312585673,-1.46849852613866,22.2427192883507));
#4332=CARTESIAN_POINT('Ctrl Pts',(-20.2614572076483,-1.46441982883969,22.246487197327));
#4333=CARTESIAN_POINT('Ctrl Pts',(-20.268482792475,-1.46034141214978,22.250255994451));
#4334=CARTESIAN_POINT('Ctrl Pts',(-20.2755080562568,-1.45626314352426,22.2540255341406));
#4335=CARTESIAN_POINT('Ctrl Pts',(-20.2376956384029,-1.42816195746745,22.2305223640606));
#4336=CARTESIAN_POINT('Ctrl Pts',(-20.244718687905,-1.42407941836896,22.2342936650083));
#4337=CARTESIAN_POINT('Ctrl Pts',(-20.251741395236,-1.41999709825718,22.2380657805242));
#4338=CARTESIAN_POINT('Ctrl Pts',(-20.2587637613869,-1.41591499653274,22.2418387079067));
#4339=CARTESIAN_POINT('',(-20.2594486156916,-1.61863114641741,22.45830019387));
#4340=CARTESIAN_POINT('',(-20.2587637613869,-1.41591499653274,22.2418387079067));
#4341=CARTESIAN_POINT('Origin',(-20.1344486156916,-1.40212479547127,22.45830019387));
#4342=CARTESIAN_POINT('Ctrl Pts',(-20.2587637613869,-1.41591499653274,22.2418387079067));
#4343=CARTESIAN_POINT('Ctrl Pts',(-20.251741395236,-1.41999709825718,22.2380657805242));
#4344=CARTESIAN_POINT('Ctrl Pts',(-20.244718687905,-1.42407941836896,22.2342936650083));
#4345=CARTESIAN_POINT('Ctrl Pts',(-20.2376956384029,-1.42816195746745,22.2305223640606));
#4346=CARTESIAN_POINT('Ctrl Pts',(-20.2383902308678,-1.63078921056413,22.4469837608509));
#4347=CARTESIAN_POINT('Ctrl Pts',(-20.2454100203701,-1.6267363332053,22.4507550915619));
#4348=CARTESIAN_POINT('Ctrl Pts',(-20.2524294816725,-1.62268364533283,22.4545272368021));
#4349=CARTESIAN_POINT('Ctrl Pts',(-20.2594486156916,-1.6186311464174,22.45830019387));
#4350=CARTESIAN_POINT('Ctrl Pts',(-21.6307644772644,1.12455269858769,22.9641798351229));
#4351=CARTESIAN_POINT('Ctrl Pts',(-21.654158799103,0.674563056991602,22.9741126429822));
#4352=CARTESIAN_POINT('Ctrl Pts',(-21.4415107346567,-0.390223987500121,
22.8636899432887));
#4353=CARTESIAN_POINT('Ctrl Pts',(-20.7280738399876,-1.14310502906818,22.4939863186084));
#4354=CARTESIAN_POINT('Ctrl Pts',(-20.2587637613869,-1.41591499653275,22.2418387079067));
#4355=CARTESIAN_POINT('Ctrl Pts',(-21.6738698951249,1.12735664473066,22.9891048512009));
#4356=CARTESIAN_POINT('Ctrl Pts',(-21.6976182570616,0.668284605888372,22.9991455494169));
#4357=CARTESIAN_POINT('Ctrl Pts',(-21.4820238280015,-0.417816328608052,
22.8876073397641));
#4358=CARTESIAN_POINT('Ctrl Pts',(-20.7580360694965,-1.18855290280024,22.5137137730902));
#4359=CARTESIAN_POINT('Ctrl Pts',(-20.28108948788,-1.46971252585477,22.258087809552));
#4360=CARTESIAN_POINT('Ctrl Pts',(-21.7356665242268,1.13206735051245,23.0559579302621));
#4361=CARTESIAN_POINT('Ctrl Pts',(-21.7601180116872,0.657446478420473,23.0660390503244));
#4362=CARTESIAN_POINT('Ctrl Pts',(-21.5385185469608,-0.465305122890341,
22.9540077484576));
#4363=CARTESIAN_POINT('Ctrl Pts',(-20.7928811004206,-1.26634958611581,22.5783071539446));
#4364=CARTESIAN_POINT('Ctrl Pts',(-20.3000100950922,-1.56120856444299,22.3211633535125));
#4365=CARTESIAN_POINT('Ctrl Pts',(-21.7554112403022,1.13503632220959,23.1432520913154));
#4366=CARTESIAN_POINT('Ctrl Pts',(-21.7805982949303,0.650028220873728,23.1532291524989));
#4367=CARTESIAN_POINT('Ctrl Pts',(-21.5518242526799,-0.49745136315698,23.0423225829489));
#4368=CARTESIAN_POINT('Ctrl Pts',(-20.7830765266972,-1.31194153182918,22.6708220607685));
#4369=CARTESIAN_POINT('Ctrl Pts',(-20.2760242677152,-1.60906118925959,22.4171841776478));
#4370=CARTESIAN_POINT('Ctrl Pts',(-21.7553680113303,1.13586429276835,23.1806467448777));
#4371=CARTESIAN_POINT('Ctrl Pts',(-21.7808499794537,0.647804585546173,23.190579552737));
#4372=CARTESIAN_POINT('Ctrl Pts',(-21.5490006399967,-0.507090669621352,
23.0801560286235));
#4373=CARTESIAN_POINT('Ctrl Pts',(-20.7711876041728,-1.32317850366292,22.7104497884739));
#4374=CARTESIAN_POINT('Ctrl Pts',(-20.2594486156916,-1.61863114641739,22.45830019387));
#4375=CARTESIAN_POINT('',(-21.7553680113303,1.13586429276769,23.1806467448777));
#4376=CARTESIAN_POINT('Ctrl Pts',(-20.2594486156916,-1.61863114641739,22.45830019387));
#4377=CARTESIAN_POINT('Ctrl Pts',(-20.7711876041728,-1.32317850366292,22.7104497884739));
#4378=CARTESIAN_POINT('Ctrl Pts',(-21.5490006399967,-0.507090669621352,
23.0801560286235));
#4379=CARTESIAN_POINT('Ctrl Pts',(-21.7808499794537,0.647804585546173,23.190579552737));
#4380=CARTESIAN_POINT('Ctrl Pts',(-21.7553680113303,1.13586429276835,23.1806467448777));
#4381=CARTESIAN_POINT('',(-21.6307644772644,1.12455269858769,22.9641798351229));
#4382=CARTESIAN_POINT('Origin',(-21.5057080616937,1.12282935711564,23.1806467448777));
#4383=CARTESIAN_POINT('Ctrl Pts',(-21.6307644772644,1.12455269858769,22.9641798351229));
#4384=CARTESIAN_POINT('Ctrl Pts',(-21.654158799103,0.674563056991602,22.9741126429822));
#4385=CARTESIAN_POINT('Ctrl Pts',(-21.4415107346567,-0.390223987500121,
22.8636899432887));
#4386=CARTESIAN_POINT('Ctrl Pts',(-20.7280738399876,-1.14310502906818,22.4939863186084));
#4387=CARTESIAN_POINT('Ctrl Pts',(-20.2587637613869,-1.41591499653275,22.2418387079067));
#4388=CARTESIAN_POINT('Ctrl Pts',(-4.9960036108132E-15,-21.6599766999594,
5.73898022539622));
#4389=CARTESIAN_POINT('Ctrl Pts',(4.6510506751123,-21.6599766999594,5.84150633367911));
#4390=CARTESIAN_POINT('Ctrl Pts',(13.9400862425675,-18.5673759628469,6.04656404173196));
#4391=CARTESIAN_POINT('Ctrl Pts',(22.2985781902965,-6.46680697820405,6.35415997031436));
#4392=CARTESIAN_POINT('Ctrl Pts',(21.712046045593,8.21748336859146,6.66174934441303));
#4393=CARTESIAN_POINT('Ctrl Pts',(12.4260691923744,19.6127600234501,6.96934402531683));
#4394=CARTESIAN_POINT('Ctrl Pts',(-1.84514988662489,23.1420096285175,7.27693875371645));
#4395=CARTESIAN_POINT('Ctrl Pts',(-15.3708900955391,17.3990882640885,7.58452793559624));
#4396=CARTESIAN_POINT('Ctrl Pts',(-22.7450394806791,4.67402732387277,7.89212386976523));
#4397=CARTESIAN_POINT('Ctrl Pts',(-21.1777386183352,-8.28975700910838,8.16553966177795));
#4398=CARTESIAN_POINT('Ctrl Pts',(-14.3846170478715,-17.0823793881174,8.40477784703434));
#4399=CARTESIAN_POINT('Ctrl Pts',(-5.9681997536886,-21.527282343692,8.60983979594622));
#4400=CARTESIAN_POINT('Ctrl Pts',(3.53372530337966,-22.0525146295099,8.8149020722767));
#4401=CARTESIAN_POINT('Ctrl Pts',(13.8867991962724,-18.0068281995113,9.05414053397199));
#4402=CARTESIAN_POINT('Ctrl Pts',(19.8930646070663,-10.2875547508822,9.25920257429881));
#4403=CARTESIAN_POINT('Ctrl Pts',(21.8358286053041,-1.92093073520484,9.44717676499419));
#4404=CARTESIAN_POINT('Ctrl Pts',(21.6023848020351,4.34558130208944,9.58388392270464));
#4405=CARTESIAN_POINT('Ctrl Pts',(18.2968513012279,13.1844243782704,9.78894792467385));
#4406=CARTESIAN_POINT('Ctrl Pts',(9.17157699516463,21.3302586399649,10.045274208645));
#4407=CARTESIAN_POINT('Ctrl Pts',(-5.49353820273812,22.5618919316185,10.3528654146103));
#4408=CARTESIAN_POINT('Ctrl Pts',(-16.5408818526924,15.6071092536412,10.6262838586256));
#4409=CARTESIAN_POINT('Ctrl Pts',(-21.5904160769169,5.70809692800238,10.8655216203525));
#4410=CARTESIAN_POINT('Ctrl Pts',(-22.0145591689781,-3.79881957476613,11.0705841842445));
#4411=CARTESIAN_POINT('Ctrl Pts',(-18.4285691953361,-12.6176745897071,11.2756464600505));
#4412=CARTESIAN_POINT('Ctrl Pts',(-10.7356741129432,-19.8806762501245,11.5034917837471));
#4413=CARTESIAN_POINT('Ctrl Pts',(0.722590608519817,-22.8700889339559,11.7541243547929));
#4414=CARTESIAN_POINT('Ctrl Pts',(13.0054310803285,-18.8267164840954,12.0275387764348));
#4415=CARTESIAN_POINT('Ctrl Pts',(20.4450871927213,-9.61580400088326,12.2781723372119));
#4416=CARTESIAN_POINT('Ctrl Pts',(22.3202929427469,0.798758752015258,12.5060174517296));
#4417=CARTESIAN_POINT('Ctrl Pts',(19.9651909052526,10.0188341033546,12.7110802985215));
#4418=CARTESIAN_POINT('Ctrl Pts',(13.9777971635478,17.4232307536519,12.9161418433095));
#4419=CARTESIAN_POINT('Ctrl Pts',(5.45457909892574,21.6607691868547,13.1212039592817));
#4420=CARTESIAN_POINT('Ctrl Pts',(-4.06096148322446,21.9651826876331,13.3262658603392));
#4421=CARTESIAN_POINT('Ctrl Pts',(-12.8380690883475,18.2790421574698,13.5313279915067));
#4422=CARTESIAN_POINT('Ctrl Pts',(-19.2837629202273,11.2737002433739,13.7363899981967));
#4423=CARTESIAN_POINT('Ctrl Pts',(-22.2265591782897,2.21925116529004,13.9414519813453));
#4424=CARTESIAN_POINT('Ctrl Pts',(-21.1324432120617,-7.23578094217023,14.1465138312753));
#4425=CARTESIAN_POINT('Ctrl Pts',(-16.199615730383,-15.3812341654812,14.3515759707647));
#4426=CARTESIAN_POINT('Ctrl Pts',(-8.32514233824786,-20.7248133224153,14.5566375770309));
#4427=CARTESIAN_POINT('Ctrl Pts',(2.10686105901123,-22.4956366838315,14.7844862325068));
#4428=CARTESIAN_POINT('Ctrl Pts',(13.2973541572633,-18.621976831555,15.0351142914534));
#4429=CARTESIAN_POINT('Ctrl Pts',(21.2655647423328,-8.44130102606347,15.3085331346909));
#4430=CARTESIAN_POINT('Ctrl Pts',(22.4472186161303,4.42606874574634,15.5819466638448));
#4431=CARTESIAN_POINT('Ctrl Pts',(16.4682536156684,15.8846203203043,15.8553652126055));
#4432=CARTESIAN_POINT('Ctrl Pts',(5.23419346430537,22.2728117965464,16.1287793555536));
#4433=CARTESIAN_POINT('Ctrl Pts',(-7.6707811039684,21.5565209812809,16.4021972464478));
#4434=CARTESIAN_POINT('Ctrl Pts',(-18.1252318639395,13.962169404284,16.6756114180726));
#4435=CARTESIAN_POINT('Ctrl Pts',(-22.8017731253447,1.911404063858,16.9490279430412));
#4436=CARTESIAN_POINT('Ctrl Pts',(-20.4113692570772,-9.68881927090779,17.1996586453484));
#4437=CARTESIAN_POINT('Ctrl Pts',(-13.5567450620421,-17.7489465781101,17.4275061014948));
#4438=CARTESIAN_POINT('Ctrl Pts',(-4.93874274416753,-21.7854504133043,17.6325678561584));
#4439=CARTESIAN_POINT('Ctrl Pts',(4.58305769376603,-21.8618662493019,17.8376299786255));
#4440=CARTESIAN_POINT('Ctrl Pts',(13.2694007116273,-17.9684388038462,18.042691898559));
#4441=CARTESIAN_POINT('Ctrl Pts',(19.5461858583208,-10.8117997498625,18.2477536902538));
#4442=CARTESIAN_POINT('Ctrl Pts',(22.2741220375914,-1.68905746321014,18.4528161666979));
#4443=CARTESIAN_POINT('Ctrl Pts',(20.9521164352464,7.73534932729052,18.6578773938987));
#4444=CARTESIAN_POINT('Ctrl Pts',(15.2642881721834,16.6573226405584,18.8857257621729));
#4445=CARTESIAN_POINT('Ctrl Pts',(4.88266353920015,22.3559165910488,19.1363547145666));
#4446=CARTESIAN_POINT('Ctrl Pts',(-8.01190811582909,21.4302261951417,19.4097726566767));
#4447=CARTESIAN_POINT('Ctrl Pts',(-18.3454544136327,13.673559322437,19.6831862124892));
#4448=CARTESIAN_POINT('Ctrl Pts',(-22.8280624156879,1.54933282367558,19.9566052418347));
#4449=CARTESIAN_POINT('Ctrl Pts',(-20.0248215988773,-11.0637828041644,20.2300189126443));
#4450=CARTESIAN_POINT('Ctrl Pts',(-10.4546177011982,-20.5353998104496,20.5148294771676));
#4451=CARTESIAN_POINT('Ctrl Pts',(3.49003944624676,-22.9573404373421,20.8110283044862));
#4452=CARTESIAN_POINT('Ctrl Pts',(14.3915693842362,-17.3679415197089,21.0673552966856));
#4453=CARTESIAN_POINT('Ctrl Pts',(19.7999728726592,-9.6522449020514,21.2724184586173));
#4454=CARTESIAN_POINT('Ctrl Pts',(22.5470719653769,-0.636425223580848,21.4774809587831));
#4455=CARTESIAN_POINT('Ctrl Pts',(20.2340907767146,11.3892450186847,21.733807455635));
#4456=CARTESIAN_POINT('Ctrl Pts',(9.33288181705576,21.2567002859869,22.0413992207007));
#4457=CARTESIAN_POINT('Ctrl Pts',(-5.29950628172946,22.6038534913802,22.3489976021084));
#4458=CARTESIAN_POINT('Ctrl Pts',(-17.8185831786171,14.8860152550547,22.6565814973331));
#4459=CARTESIAN_POINT('Ctrl Pts',(-21.3892890749397,5.76933062789014,22.86165372684));
#4460=CARTESIAN_POINT('Ctrl Pts',(-21.6307644772644,1.1245526985877,22.9641798351229));
#4461=CARTESIAN_POINT('Ctrl Pts',(-0.000562197495176284,-21.7031695592868,
5.76390524147419));
#4462=CARTESIAN_POINT('Ctrl Pts',(4.65978881231947,-21.7032897113894,5.86643134975709));
#4463=CARTESIAN_POINT('Ctrl Pts',(13.9673859727463,-18.6047649206757,6.07148905780993));
#4464=CARTESIAN_POINT('Ctrl Pts',(22.3428853901157,-6.4802811743964,6.37908498639235));
#4465=CARTESIAN_POINT('Ctrl Pts',(21.755552488655,8.23330656935523,6.68667436049099));
#4466=CARTESIAN_POINT('Ctrl Pts',(12.4513599361118,19.6515486673558,6.99426904139481));
#4467=CARTESIAN_POINT('Ctrl Pts',(-1.84822982473902,23.1882061840351,7.30186376979442));
#4468=CARTESIAN_POINT('Ctrl Pts',(-15.4010900467249,17.4341840984043,7.60945295167422));
#4469=CARTESIAN_POINT('Ctrl Pts',(-22.7902754784065,4.68393783430527,7.9170488858432));
#4470=CARTESIAN_POINT('Ctrl Pts',(-21.2201859691464,-8.30573733591552,8.19046467785592));
#4471=CARTESIAN_POINT('Ctrl Pts',(-14.4137454053192,-17.1160715531942,8.42970286311231));
#4472=CARTESIAN_POINT('Ctrl Pts',(-5.98066125809256,-21.5700555396338,8.6347648120242));
#4473=CARTESIAN_POINT('Ctrl Pts',(3.54020134866566,-22.0965831841884,8.83982708835467));
#4474=CARTESIAN_POINT('Ctrl Pts',(13.9140243763769,-18.0430957532144,9.07906555004997));
#4475=CARTESIAN_POINT('Ctrl Pts',(19.9324661348639,-10.3085895563403,9.2841275903768));
#4476=CARTESIAN_POINT('Ctrl Pts',(21.8793235585159,-1.92532545802248,9.47210178107216));
#4477=CARTESIAN_POINT('Ctrl Pts',(21.6455760745242,4.35368498396955,9.60880893878261));
#4478=CARTESIAN_POINT('Ctrl Pts',(18.3336795102045,13.2102437012984,9.81387294075183));
#4479=CARTESIAN_POINT('Ctrl Pts',(9.19042076500698,21.3725555191821,10.070199224723));
#4480=CARTESIAN_POINT('Ctrl Pts',(-5.50390799316936,22.6070265200299,10.3777904306883));
#4481=CARTESIAN_POINT('Ctrl Pts',(-16.5734615605014,15.6386627467872,10.6512088747036));
#4482=CARTESIAN_POINT('Ctrl Pts',(-21.6333222494818,5.72003910644264,10.8904466364305));
#4483=CARTESIAN_POINT('Ctrl Pts',(-22.0585595434934,-3.80582175989338,11.0955092003225));
#4484=CARTESIAN_POINT('Ctrl Pts',(-18.4656448163678,-12.6423590556756,11.3005714761285));
#4485=CARTESIAN_POINT('Ctrl Pts',(-10.7575997801253,-19.9200427578576,11.5284167998251));
#4486=CARTESIAN_POINT('Ctrl Pts',(0.723437811341975,-22.9157141831532,11.7790493708708));
#4487=CARTESIAN_POINT('Ctrl Pts',(13.0308788737977,-18.8645969903596,12.0524637925128));
#4488=CARTESIAN_POINT('Ctrl Pts',(20.4856073245777,-9.63551097166634,12.3030973532899));
#4489=CARTESIAN_POINT('Ctrl Pts',(22.3648243908244,0.799772603212192,12.5309424678076));
#4490=CARTESIAN_POINT('Ctrl Pts',(20.0052644707404,10.0382949098726,12.7360053145995));
#4491=CARTESIAN_POINT('Ctrl Pts',(14.0061234948788,17.4576127409084,12.9410668593874));
#4492=CARTESIAN_POINT('Ctrl Pts',(5.46601849912856,21.7038226297168,13.1461289753597));
#4493=CARTESIAN_POINT('Ctrl Pts',(-4.06848946793015,22.0090901601647,13.3511908764172));
#4494=CARTESIAN_POINT('Ctrl Pts',(-12.8631959976028,18.3158267675174,13.5562530075846));
#4495=CARTESIAN_POINT('Ctrl Pts',(-19.3219248978536,11.2966821733067,13.7613150142747));
#4496=CARTESIAN_POINT('Ctrl Pts',(-22.2708255028064,2.22425387858843,13.9663769974233));
#4497=CARTESIAN_POINT('Ctrl Pts',(-21.1747713205824,-7.24966229737386,14.1714388473532));
#4498=CARTESIAN_POINT('Ctrl Pts',(-16.2323217064443,-15.4114853824466,14.3765009868427));
#4499=CARTESIAN_POINT('Ctrl Pts',(-8.34228017577856,-20.7659262084272,14.5815625931088));
#4500=CARTESIAN_POINT('Ctrl Pts',(2.11047784465369,-22.5405512476058,14.8094112485848));
#4501=CARTESIAN_POINT('Ctrl Pts',(13.32338792076,-18.6594574898349,15.0600393075314));
#4502=CARTESIAN_POINT('Ctrl Pts',(21.3077529052065,-8.45868560582003,15.3334581507688));
#4503=CARTESIAN_POINT('Ctrl Pts',(22.4920961451519,4.43431251026187,15.6068716799228));
#4504=CARTESIAN_POINT('Ctrl Pts',(16.5015076697298,15.9158690746483,15.8802902286834));
#4505=CARTESIAN_POINT('Ctrl Pts',(5.24520885152962,22.3170911163415,16.1537043716316));
#4506=CARTESIAN_POINT('Ctrl Pts',(-7.68551863763555,21.5997076072719,16.4271222625257));
#4507=CARTESIAN_POINT('Ctrl Pts',(-18.1610137719667,13.990482938744,16.7005364341506));
#4508=CARTESIAN_POINT('Ctrl Pts',(-22.8471938731228,1.9158066205401,16.9739529591192));
#4509=CARTESIAN_POINT('Ctrl Pts',(-20.4523246394149,-9.70760994050941,17.2245836614264));
#4510=CARTESIAN_POINT('Ctrl Pts',(-13.5842399055189,-17.7839891063721,17.4524311175727));
#4511=CARTESIAN_POINT('Ctrl Pts',(-4.94915691803515,-21.8287658329787,17.6574928722364));
#4512=CARTESIAN_POINT('Ctrl Pts',(4.59162969776742,-21.9055812948767,17.8625549947035));
#4513=CARTESIAN_POINT('Ctrl Pts',(13.295395546342,-18.0046151334715,18.067616914637));
#4514=CARTESIAN_POINT('Ctrl Pts',(19.5848836329918,-10.8338675398952,18.2726787063317));
#4515=CARTESIAN_POINT('Ctrl Pts',(22.3184960355533,-1.69300382783495,18.4777411827759));
#4516=CARTESIAN_POINT('Ctrl Pts',(20.9940997041055,7.75023101265708,18.6828024099767));
#4517=CARTESIAN_POINT('Ctrl Pts',(15.295158502243,16.6901440269728,18.9106507782508));
#4518=CARTESIAN_POINT('Ctrl Pts',(4.89298243539567,22.4003715689171,19.1612797306445));
#4519=CARTESIAN_POINT('Ctrl Pts',(-8.02732934858133,21.4731688555629,19.4346976727547));
#4520=CARTESIAN_POINT('Ctrl Pts',(-18.3816836383658,13.7013029779327,19.7081112285672));
#4521=CARTESIAN_POINT('Ctrl Pts',(-22.8735448901392,1.553015207921,19.9815302579127));
#4522=CARTESIAN_POINT('Ctrl Pts',(-20.0650410998238,-11.0853264194933,20.2549439287223));
#4523=CARTESIAN_POINT('Ctrl Pts',(-10.475998993382,-20.5760798062756,20.5397544932456));
#4524=CARTESIAN_POINT('Ctrl Pts',(3.49640390751937,-23.0032106764179,20.8359533205642));
#4525=CARTESIAN_POINT('Ctrl Pts',(14.4198164340097,-17.4029511166325,21.0922803127636));
#4526=CARTESIAN_POINT('Ctrl Pts',(19.8392068082896,-9.67200655880494,21.2973434746953));
#4527=CARTESIAN_POINT('Ctrl Pts',(22.5920179887048,-0.638278876182324,21.5024059748611));
#4528=CARTESIAN_POINT('Ctrl Pts',(20.2747364757982,11.41143331023,21.758732471713));
#4529=CARTESIAN_POINT('Ctrl Pts',(9.35204458169683,21.2988434875407,22.0663242367787));
#4530=CARTESIAN_POINT('Ctrl Pts',(-5.30948722277088,22.6490746890995,22.3739226181864));
#4531=CARTESIAN_POINT('Ctrl Pts',(-17.8537308528957,14.9161458101809,22.6815065134111));
#4532=CARTESIAN_POINT('Ctrl Pts',(-21.4317916436606,5.78141612751398,22.886578742918));
#4533=CARTESIAN_POINT('Ctrl Pts',(-21.6738698951249,1.12735664473065,22.9891048512009));
#4534=CARTESIAN_POINT('Ctrl Pts',(-0.0020581809968294,-21.7651258658125,
5.83075909925741));
#4535=CARTESIAN_POINT('Ctrl Pts',(4.67156308128979,-21.7655679735589,5.93328520754031));
#4536=CARTESIAN_POINT('Ctrl Pts',(14.0059999114918,-18.6588361967047,6.13834291559315));
#4537=CARTESIAN_POINT('Ctrl Pts',(22.4062102040086,-6.50031926546162,6.44593884417556));
#4538=CARTESIAN_POINT('Ctrl Pts',(21.8182299529631,8.25531231587208,6.75352821827421));
#4539=CARTESIAN_POINT('Ctrl Pts',(12.4882548775483,19.7067899158029,7.06112289917802));
#4540=CARTESIAN_POINT('Ctrl Pts',(-1.85190786993259,23.2545285697233,7.36871762757764));
#4541=CARTESIAN_POINT('Ctrl Pts',(-15.4438553655879,17.4850131144197,7.67630680945744));
#4542=CARTESIAN_POINT('Ctrl Pts',(-22.8550117655233,4.69887900187744,7.98390274362642));
#4543=CARTESIAN_POINT('Ctrl Pts',(-21.2813341451131,-8.32798786231939,8.25731853563914));
#4544=CARTESIAN_POINT('Ctrl Pts',(-14.4560708687068,-17.1639392591541,8.49655672089554));
#4545=CARTESIAN_POINT('Ctrl Pts',(-5.99921773878596,-21.6312202752638,8.70161866980741));
#4546=CARTESIAN_POINT('Ctrl Pts',(3.54878388005026,-22.1599047840965,8.90668094613789));
#4547=CARTESIAN_POINT('Ctrl Pts',(13.9525019895127,-18.0955628558019,9.14591940783318));
#4548=CARTESIAN_POINT('Ctrl Pts',(19.9886589607057,-10.3393851720289,9.35098144816001));
#4549=CARTESIAN_POINT('Ctrl Pts',(21.9416485097584,-1.9323316902181,9.53895563885538));
#4550=CARTESIAN_POINT('Ctrl Pts',(21.7076671659922,4.36462478744968,9.67566279656583));
#4551=CARTESIAN_POINT('Ctrl Pts',(18.3869269697798,13.2466891780281,9.88072679853504));
#4552=CARTESIAN_POINT('Ctrl Pts',(9.21812735728702,21.4329358086368,10.1370530825062));
#4553=CARTESIAN_POINT('Ctrl Pts',(-5.51806273009677,22.6719412952047,10.4446442884715));
#4554=CARTESIAN_POINT('Ctrl Pts',(-16.6196971300056,15.684445816788,10.7180627324868));
#4555=CARTESIAN_POINT('Ctrl Pts',(-21.6946851023592,5.73785895920717,10.9573004942137));
#4556=CARTESIAN_POINT('Ctrl Pts',(-22.1217900614779,-3.81516977414734,11.1623630581057));
#4557=CARTESIAN_POINT('Ctrl Pts',(-18.5192306125416,-12.6771759664963,11.3674253339117));
#4558=CARTESIAN_POINT('Ctrl Pts',(-10.7896795387063,-19.9761674622136,11.5952706576083));
#4559=CARTESIAN_POINT('Ctrl Pts',(0.723925325371783,-22.9811811349122,11.8459032286541));
#4560=CARTESIAN_POINT('Ctrl Pts',(13.0667768687922,-18.9193472931919,12.119317650296));
#4561=CARTESIAN_POINT('Ctrl Pts',(20.5434250740841,-9.66442666418491,12.3699512110731));
#4562=CARTESIAN_POINT('Ctrl Pts',(22.428723188883,0.800515318142437,12.5977963255908));
#4563=CARTESIAN_POINT('Ctrl Pts',(20.0630645910914,10.0655737268509,12.8028591723827));
#4564=CARTESIAN_POINT('Ctrl Pts',(14.0473083303803,17.5064840974949,13.0079207171706));
#4565=CARTESIAN_POINT('Ctrl Pts',(5.48311680313003,21.7654037088648,13.2129828331429));
#4566=CARTESIAN_POINT('Ctrl Pts',(-4.07858838762983,22.0721991825982,13.4180447342004));
#4567=CARTESIAN_POINT('Ctrl Pts',(-12.8986548850501,18.3689981741618,13.6231068653679));
#4568=CARTESIAN_POINT('Ctrl Pts',(-19.376305345233,11.3302611793114,13.8281688720579));
#4569=CARTESIAN_POINT('Ctrl Pts',(-22.334247572068,2.23213651598128,14.0332308552065));
#4570=CARTESIAN_POINT('Ctrl Pts',(-21.235719193649,-7.26889901668158,14.2382927051364));
#4571=CARTESIAN_POINT('Ctrl Pts',(-16.2797181142002,-15.4543637869117,14.4433548446259));
#4572=CARTESIAN_POINT('Ctrl Pts',(-8.36752685514066,-20.8246313249349,14.648416450892));
#4573=CARTESIAN_POINT('Ctrl Pts',(2.1149515261705,-22.6050426001577,14.876265106368));
#4574=CARTESIAN_POINT('Ctrl Pts',(13.3601370224202,-18.7136411940457,15.1268931653146));
#4575=CARTESIAN_POINT('Ctrl Pts',(21.3679968183549,-8.48430048280434,15.4003120085521));
#4576=CARTESIAN_POINT('Ctrl Pts',(22.5566100764774,4.44542220249266,15.673725537706));
#4577=CARTESIAN_POINT('Ctrl Pts',(16.5497081627069,15.9601679015827,15.9471440864666));
#4578=CARTESIAN_POINT('Ctrl Pts',(5.26171958999287,22.3804385505534,16.2205582294148));
#4579=CARTESIAN_POINT('Ctrl Pts',(-7.70597069111794,21.6618965035983,16.4939761203089));
#4580=CARTESIAN_POINT('Ctrl Pts',(-18.2118947004611,14.0316713652965,16.7673902919338));
#4581=CARTESIAN_POINT('Ctrl Pts',(-22.9122833647786,1.92284999906495,17.0408068169024));
#4582=CARTESIAN_POINT('Ctrl Pts',(-20.5113773694676,-9.73391457593887,17.2914375192097));
#4583=CARTESIAN_POINT('Ctrl Pts',(-13.6242432639043,-17.8338211014046,17.5192849753559));
#4584=CARTESIAN_POINT('Ctrl Pts',(-4.96478809077167,-21.8907392347661,17.7243467300196));
#4585=CARTESIAN_POINT('Ctrl Pts',(4.60322888480708,-21.9684307859554,17.9294088524867));
#4586=CARTESIAN_POINT('Ctrl Pts',(13.3321100233671,-18.0569280005077,18.1344707724203));
#4587=CARTESIAN_POINT('Ctrl Pts',(19.6400459567176,-10.8661432637967,18.339532564115));
#4588=CARTESIAN_POINT('Ctrl Pts',(22.3820920039923,-1.6993735867781,18.5445950405591));
#4589=CARTESIAN_POINT('Ctrl Pts',(21.0545639158852,7.77090988873668,18.7496562677599));
#4590=CARTESIAN_POINT('Ctrl Pts',(15.3399723733459,16.7367355720172,18.9775046360341));
#4591=CARTESIAN_POINT('Ctrl Pts',(4.90849029916832,22.4639799279803,19.2281335884277));
#4592=CARTESIAN_POINT('Ctrl Pts',(-8.04876566301963,21.5350213378478,19.501551530538));
#4593=CARTESIAN_POINT('Ctrl Pts',(-18.4332135392736,13.741681162083,19.7749650863504));
#4594=CARTESIAN_POINT('Ctrl Pts',(-22.9387347138434,1.55902319904601,20.0483841156959));
#4595=CARTESIAN_POINT('Ctrl Pts',(-20.1230840882069,-11.1155893161198,20.3217977865055));
#4596=CARTESIAN_POINT('Ctrl Pts',(-10.5073212284699,-20.6340959214349,20.6066083510288));
#4597=CARTESIAN_POINT('Ctrl Pts',(3.50480028057039,-23.0691194368427,20.9028071783474));
#4598=CARTESIAN_POINT('Ctrl Pts',(14.4597837252253,-17.4536216998907,21.1591341705468));
#4599=CARTESIAN_POINT('Ctrl Pts',(19.8951751793713,-9.70098356090368,21.3641973324785));
#4600=CARTESIAN_POINT('Ctrl Pts',(22.6564668713704,-0.641657465740073,21.5692598326443));
#4601=CARTESIAN_POINT('Ctrl Pts',(20.3333999562429,11.4426112669203,21.8255863294963));
#4602=CARTESIAN_POINT('Ctrl Pts',(9.38020849393325,21.3590059262039,22.1331780945619));
#4603=CARTESIAN_POINT('Ctrl Pts',(-5.32308516021933,22.7140855900594,22.4407764759696));
#4604=CARTESIAN_POINT('Ctrl Pts',(-17.9036691785922,14.95997841544,22.7483603711943));
#4605=CARTESIAN_POINT('Ctrl Pts',(-21.4925762296904,5.79936240943089,22.9534326007012));
#4606=CARTESIAN_POINT('Ctrl Pts',(-21.7356649736975,1.1320672868471,23.0559587089841));
#4607=CARTESIAN_POINT('Ctrl Pts',(-0.00399801628999349,-21.784999648916,
5.91805248158874));
#4608=CARTESIAN_POINT('Ctrl Pts',(4.67390496083875,-21.7858582328236,6.02057858987164));
#4609=CARTESIAN_POINT('Ctrl Pts',(14.017118239812,-18.6771214400938,6.22563629792448));
#4610=CARTESIAN_POINT('Ctrl Pts',(22.4260956330934,-6.50824976313821,6.53323222650689));
#4611=CARTESIAN_POINT('Ctrl Pts',(21.8388854870572,8.26090767980719,6.84082160060554));
#4612=CARTESIAN_POINT('Ctrl Pts',(12.5014140933502,19.7236728289835,7.14841628150936));
#4613=CARTESIAN_POINT('Ctrl Pts',(-1.85152891981085,23.2759276715351,7.45601100990897));
#4614=CARTESIAN_POINT('Ctrl Pts',(-15.456400429638,17.5023544172983,7.76360019178877));
#4615=CARTESIAN_POINT('Ctrl Pts',(-22.8754629251882,4.70520433666328,8.07119612595775));
#4616=CARTESIAN_POINT('Ctrl Pts',(-21.3015084091002,-8.33369686541331,8.34461191797046));
#4617=CARTESIAN_POINT('Ctrl Pts',(-14.4707992187594,-17.178325228532,8.58385010322687));
#4618=CARTESIAN_POINT('Ctrl Pts',(-6.00662248314533,-21.6504377092813,8.78891205213874));
#4619=CARTESIAN_POINT('Ctrl Pts',(3.55005214881116,-22.1804558960872,8.99397432846922));
#4620=CARTESIAN_POINT('Ctrl Pts',(13.9636312020806,-18.1133279411267,9.23321279016453));
#4621=CARTESIAN_POINT('Ctrl Pts',(20.005989689413,-10.3506080196388,9.43827483049132));
#4622=CARTESIAN_POINT('Ctrl Pts',(21.9615123462902,-1.93604834454985,9.62624902118672));
#4623=CARTESIAN_POINT('Ctrl Pts',(21.727877537611,4.36667661535804,9.76295617889715));
#4624=CARTESIAN_POINT('Ctrl Pts',(18.4048955817819,13.2571492375915,9.96802018086639));
#4625=CARTESIAN_POINT('Ctrl Pts',(9.22845334177841,21.4516854267702,10.2243464648376));
#4626=CARTESIAN_POINT('Ctrl Pts',(-5.52108293664235,22.6931349510596,10.5319376708028));
#4627=CARTESIAN_POINT('Ctrl Pts',(-16.6334762523394,15.7002481091918,10.8053561148181));
#4628=CARTESIAN_POINT('Ctrl Pts',(-21.71398396357,5.7450294355011,11.0445938765451));
#4629=CARTESIAN_POINT('Ctrl Pts',(-22.1423304044101,-3.81668273293654,11.249656440437));
#4630=CARTESIAN_POINT('Ctrl Pts',(-18.5372690096861,-12.6871035185424,11.454718716243));
#4631=CARTESIAN_POINT('Ctrl Pts',(-10.8013111044568,-19.9934474472677,11.6825640399396));
#4632=CARTESIAN_POINT('Ctrl Pts',(0.722540037890137,-23.0022302352683,11.9331966109854));
#4633=CARTESIAN_POINT('Ctrl Pts',(13.0770247709155,-18.9377862154806,12.2066110326274));
#4634=CARTESIAN_POINT('Ctrl Pts',(20.561322691066,-9.67508115007048,12.4572445934044));
#4635=CARTESIAN_POINT('Ctrl Pts',(22.4492749858124,0.799249422763116,12.6850897079221));
#4636=CARTESIAN_POINT('Ctrl Pts',(20.082280782994,10.0729783751171,12.890152554714));
#4637=CARTESIAN_POINT('Ctrl Pts',(14.0616941421096,17.5212189955047,13.095214099502));
#4638=CARTESIAN_POINT('Ctrl Pts',(5.49006149798531,21.784790037699,13.3002762154742));
#4639=CARTESIAN_POINT('Ctrl Pts',(-4.0803472916621,22.0927170235851,13.5053381165317));
#4640=CARTESIAN_POINT('Ctrl Pts',(-12.9087975142278,18.3869199085469,13.7104002476992));
#4641=CARTESIAN_POINT('Ctrl Pts',(-19.3929893336767,11.3423323075334,13.9154622543892));
#4642=CARTESIAN_POINT('Ctrl Pts',(-22.3544431411234,2.23616352924143,14.1205242375378));
#4643=CARTESIAN_POINT('Ctrl Pts',(-21.2557566521989,-7.27364593402499,14.3255860874678));
#4644=CARTESIAN_POINT('Ctrl Pts',(-16.2959607717258,-15.4670254720711,14.5306482269572));
#4645=CARTESIAN_POINT('Ctrl Pts',(-8.3770207085045,-20.8429020196271,14.7357098332234));
#4646=CARTESIAN_POINT('Ctrl Pts',(2.11486958072419,-22.6258721466734,14.9635584886993));
#4647=CARTESIAN_POINT('Ctrl Pts',(13.3706702795335,-18.7319188650005,15.2141865476459));
#4648=CARTESIAN_POINT('Ctrl Pts',(21.3867532365786,-8.49394994045676,15.4876053908834));
#4649=CARTESIAN_POINT('Ctrl Pts',(22.5776025334997,4.44747306326456,15.7610189200373));
#4650=CARTESIAN_POINT('Ctrl Pts',(16.5662420116611,15.9732677939292,16.034437468798));
#4651=CARTESIAN_POINT('Ctrl Pts',(5.26851664941778,22.4004060036265,16.3078516117461));
#4652=CARTESIAN_POINT('Ctrl Pts',(-7.71107859515024,21.6823628918185,16.5812695026403));
#4653=CARTESIAN_POINT('Ctrl Pts',(-18.2272749022794,14.0461057858861,16.8546836742651));
#4654=CARTESIAN_POINT('Ctrl Pts',(-22.9330339497894,1.92664539377444,17.1281001992337));
#4655=CARTESIAN_POINT('Ctrl Pts',(-20.5309737437889,-9.74097620103558,17.378730901541));
#4656=CARTESIAN_POINT('Ctrl Pts',(-13.6382717455208,-17.8488926180251,17.6065783576873));
#4657=CARTESIAN_POINT('Ctrl Pts',(-4.9712707557535,-21.9102861348243,17.8116401123509));
#4658=CARTESIAN_POINT('Ctrl Pts',(4.60547619888208,-21.9889006176567,18.016702234818));
#4659=CARTESIAN_POINT('Ctrl Pts',(13.3426760828052,-18.0746033212173,18.2217641547516));
#4660=CARTESIAN_POINT('Ctrl Pts',(19.6570123725833,-10.8778141670105,18.4268259464463));
#4661=CARTESIAN_POINT('Ctrl Pts',(22.4023781797158,-1.70291820851174,18.6318884228905));
#4662=CARTESIAN_POINT('Ctrl Pts',(21.0744816494271,7.77613100026182,18.8369496500913));
#4663=CARTESIAN_POINT('Ctrl Pts',(15.3554691273334,16.7506525846064,19.0647980183654));
#4664=CARTESIAN_POINT('Ctrl Pts',(4.91497357603489,22.4840555439214,19.3154269707591));
#4665=CARTESIAN_POINT('Ctrl Pts',(-8.05419797718282,21.5554018580628,19.5888449128693));
#4666=CARTESIAN_POINT('Ctrl Pts',(-18.44882202561,13.7558704642935,19.8622584686817));
#4667=CARTESIAN_POINT('Ctrl Pts',(-22.9595417821752,1.56248938175335,20.1356774980272));
#4668=CARTESIAN_POINT('Ctrl Pts',(-20.1424485285029,-11.1239477305088,20.4090911688368));
#4669=CARTESIAN_POINT('Ctrl Pts',(-10.5187530532234,-20.652002145223,20.6939017333601));
#4670=CARTESIAN_POINT('Ctrl Pts',(3.50594689881683,-23.0904959875076,20.9901005606787));
#4671=CARTESIAN_POINT('Ctrl Pts',(14.4714325515836,-17.4708474293129,21.2464275528781));
#4672=CARTESIAN_POINT('Ctrl Pts',(19.9124782941468,-9.71161302989853,21.4514907148098));
#4673=CARTESIAN_POINT('Ctrl Pts',(22.677097992992,-0.644260315242392,21.6565532149757));
#4674=CARTESIAN_POINT('Ctrl Pts',(20.3529858119928,11.4512501665925,21.9128797118276));
#4675=CARTESIAN_POINT('Ctrl Pts',(9.39067544322902,21.3776720513758,22.2204714768932));
#4676=CARTESIAN_POINT('Ctrl Pts',(-5.32592303440735,22.7353047974446,22.528069858301));
#4677=CARTESIAN_POINT('Ctrl Pts',(-17.9186861437677,14.9752234209303,22.8356537535256));
#4678=CARTESIAN_POINT('Ctrl Pts',(-21.5116842817704,5.80658576220073,23.0407259830325));
#4679=CARTESIAN_POINT('Ctrl Pts',(-21.7554112403022,1.13503632220951,23.1432520913154));
#4680=CARTESIAN_POINT('Ctrl Pts',(-0.00482711456910317,-21.7849994652046,
5.95544713515102));
#4681=CARTESIAN_POINT('Ctrl Pts',(4.67306972131028,-21.7860359923803,6.05797324343392));
#4682=CARTESIAN_POINT('Ctrl Pts',(14.0164114067948,-18.6776547093436,6.26303095148676));
#4683=CARTESIAN_POINT('Ctrl Pts',(22.4258458197309,-6.50910323249208,6.57062688006917));
#4684=CARTESIAN_POINT('Ctrl Pts',(21.8392006962001,8.26007648736926,6.87821625416783));
#4685=CARTESIAN_POINT('Ctrl Pts',(12.5021641297809,19.7231968658217,7.18581093507163));
#4686=CARTESIAN_POINT('Ctrl Pts',(-1.85064281078313,23.2759979899636,7.49340566347126));
#4687=CARTESIAN_POINT('Ctrl Pts',(-15.4557343138424,17.5029424466762,7.80099484535105));
#4688=CARTESIAN_POINT('Ctrl Pts',(-22.8752836496906,4.70607503758594,8.10859077952003));
#4689=CARTESIAN_POINT('Ctrl Pts',(-21.3018253192476,-8.33288637100961,8.38200657153275));
#4690=CARTESIAN_POINT('Ctrl Pts',(-14.4714529308825,-17.1777742328197,8.62124475678915));
#4691=CARTESIAN_POINT('Ctrl Pts',(-6.00744612531456,-21.6502091233337,8.82630670570102));
#4692=CARTESIAN_POINT('Ctrl Pts',(3.54920759586028,-22.1805906701684,9.0313689820315));
#4693=CARTESIAN_POINT('Ctrl Pts',(13.9629417072282,-18.1138595531286,9.27060744372679));
#4694=CARTESIAN_POINT('Ctrl Pts',(20.0055959719298,-10.351368515029,9.47566948405363));
#4695=CARTESIAN_POINT('Ctrl Pts',(21.9614383027938,-1.93688477446978,9.66364367474899));
#4696=CARTESIAN_POINT('Ctrl Pts',(21.7280435938408,4.36584999446438,9.80035083245944));
#4697=CARTESIAN_POINT('Ctrl Pts',(18.4054001563135,13.2564481028599,10.0054148344287));
#4698=CARTESIAN_POINT('Ctrl Pts',(9.22926955583301,21.4513342857035,10.2617411183998));
#4699=CARTESIAN_POINT('Ctrl Pts',(-5.52021914094236,22.6933448918959,10.5693323243651));
#4700=CARTESIAN_POINT('Ctrl Pts',(-16.6328786960852,15.7008807620914,10.8427507683804));
#4701=CARTESIAN_POINT('Ctrl Pts',(-21.7137652346698,5.74585603945269,11.0819885301073));
#4702=CARTESIAN_POINT('Ctrl Pts',(-22.1424752068693,-3.81584046697277,11.2870510939993));
#4703=CARTESIAN_POINT('Ctrl Pts',(-18.5377520293674,-12.6863976439346,11.4921133698053));
#4704=CARTESIAN_POINT('Ctrl Pts',(-10.8020716897396,-19.9930362412976,11.7199586935019));
#4705=CARTESIAN_POINT('Ctrl Pts',(0.721664648914682,-23.0022575797138,11.9705912645477));
#4706=CARTESIAN_POINT('Ctrl Pts',(13.0763035591269,-18.9382838645524,12.2440056861896));
#4707=CARTESIAN_POINT('Ctrl Pts',(20.5609545726216,-9.67586339995469,12.4946392469667));
#4708=CARTESIAN_POINT('Ctrl Pts',(22.4493051057563,0.798394966614236,12.7224843614844));
#4709=CARTESIAN_POINT('Ctrl Pts',(20.0826640434252,10.0722140352104,12.9275472082763));
#4710=CARTESIAN_POINT('Ctrl Pts',(14.0623608179694,17.5206836775047,13.1326087530643));
#4711=CARTESIAN_POINT('Ctrl Pts',(5.49089056812125,21.7845809258972,13.3376708690365));
#4712=CARTESIAN_POINT('Ctrl Pts',(-4.07950647920423,22.0928721419376,13.542732770094));
#4713=CARTESIAN_POINT('Ctrl Pts',(-12.9080975970637,18.3874110287484,13.7477949012615));
#4714=CARTESIAN_POINT('Ctrl Pts',(-19.3925575858251,11.3430703139296,13.9528569079515));
#4715=CARTESIAN_POINT('Ctrl Pts',(-22.3543577142285,2.23701420679366,14.1579188911001));
#4716=CARTESIAN_POINT('Ctrl Pts',(-21.2560335772522,-7.2728367815512,14.3629807410301));
#4717=CARTESIAN_POINT('Ctrl Pts',(-16.2965487863663,-15.4664054033224,14.5680428805195));
#4718=CARTESIAN_POINT('Ctrl Pts',(-8.37781429539362,-20.8425829345541,14.7731044867857));
#4719=CARTESIAN_POINT('Ctrl Pts',(2.11400864657108,-22.6259524640827,15.0009531422616));
#4720=CARTESIAN_POINT('Ctrl Pts',(13.3699572626729,-18.7324274992975,15.2515812012082));
#4721=CARTESIAN_POINT('Ctrl Pts',(21.3864297191371,-8.49476396972102,15.5250000444457));
#4722=CARTESIAN_POINT('Ctrl Pts',(22.5777717798548,4.44661373819511,15.7984135735996));
#4723=CARTESIAN_POINT('Ctrl Pts',(16.5668494506292,15.9726372668028,16.0718321223603));
#4724=CARTESIAN_POINT('Ctrl Pts',(5.26936925260875,22.4002053993783,16.3452462653084));
#4725=CARTESIAN_POINT('Ctrl Pts',(-7.71025328256603,21.6826560939458,16.6186641562025));
#4726=CARTESIAN_POINT('Ctrl Pts',(-18.2267402657005,14.0467993013489,16.8920783278274));
#4727=CARTESIAN_POINT('Ctrl Pts',(-22.9329604392362,1.92751838372333,17.165494852796));
#4728=CARTESIAN_POINT('Ctrl Pts',(-20.5313442184365,-9.74019490139478,17.4161255551032));
#4729=CARTESIAN_POINT('Ctrl Pts',(-13.6389509655229,-17.8483733895799,17.6439730112496));
#4730=CARTESIAN_POINT('Ctrl Pts',(-4.97210455936266,-21.910096778955,17.8490347659132));
#4731=CARTESIAN_POINT('Ctrl Pts',(4.60463928729906,-21.9890757082335,18.0540968883803));
#4732=CARTESIAN_POINT('Ctrl Pts',(13.341988114613,-18.0751109787936,18.2591588083139));
#4733=CARTESIAN_POINT('Ctrl Pts',(19.6565981843838,-10.8785621845855,18.4642206000086));
#4734=CARTESIAN_POINT('Ctrl Pts',(22.4023132676708,-1.70377079268989,18.6692830764527));
#4735=CARTESIAN_POINT('Ctrl Pts',(21.0747772759625,7.77532889460645,18.8743443036536));
#4736=CARTESIAN_POINT('Ctrl Pts',(15.3561068453581,16.7500679882616,19.1021926719276));
#4737=CARTESIAN_POINT('Ctrl Pts',(4.91582879501119,22.4838682215555,19.3528216243214));
#4738=CARTESIAN_POINT('Ctrl Pts',(-8.05337744716259,21.5557083493836,19.6262395664316));
#4739=CARTESIAN_POINT('Ctrl Pts',(-18.4482982732504,13.7565724222394,19.899653122244));
#4740=CARTESIAN_POINT('Ctrl Pts',(-22.9594821637692,1.56336310407623,20.1730721515895));
#4741=CARTESIAN_POINT('Ctrl Pts',(-20.1428718051364,-11.1231809572643,20.4464858223991));
#4742=CARTESIAN_POINT('Ctrl Pts',(-10.5195389133339,-20.6516015435893,20.7312963869224));
#4743=CARTESIAN_POINT('Ctrl Pts',(3.5050679328606,-23.0906294544265,21.027495214241));
#4744=CARTESIAN_POINT('Ctrl Pts',(14.4707678423349,-17.4713976711489,21.2838222064404));
#4745=CARTESIAN_POINT('Ctrl Pts',(19.9121084904382,-9.71237087097741,21.4888853683721));
#4746=CARTESIAN_POINT('Ctrl Pts',(22.6770732680944,-0.64512352199124,21.6939478685379));
#4747=CARTESIAN_POINT('Ctrl Pts',(20.3534214300893,11.4504751229587,21.9502743653899));
#4748=CARTESIAN_POINT('Ctrl Pts',(9.39148904631096,21.3773154000354,22.2578661304555));
#4749=CARTESIAN_POINT('Ctrl Pts',(-5.3250579038266,22.735505414749,22.5654645118632));
#4750=CARTESIAN_POINT('Ctrl Pts',(-17.918115697534,14.9759093098869,22.8730484070879));
#4751=CARTESIAN_POINT('Ctrl Pts',(-21.5114636683618,5.80739836125167,23.0781206365948));
#4752=CARTESIAN_POINT('Ctrl Pts',(-21.7553680113303,1.13586429276826,23.1806467448777));
#4753=CARTESIAN_POINT('Ctrl Pts',(-21.7553680113303,1.13586429276826,23.1806467448777));
#4754=CARTESIAN_POINT('Ctrl Pts',(-21.5114636683618,5.80739836125167,23.0781206365948));
#4755=CARTESIAN_POINT('Ctrl Pts',(-17.918115697534,14.9759093098869,22.8730484070879));
#4756=CARTESIAN_POINT('Ctrl Pts',(-5.3250579038266,22.735505414749,22.5654645118632));
#4757=CARTESIAN_POINT('Ctrl Pts',(9.39148904631096,21.3773154000354,22.2578661304555));
#4758=CARTESIAN_POINT('Ctrl Pts',(20.3534214300893,11.4504751229587,21.9502743653899));
#4759=CARTESIAN_POINT('Ctrl Pts',(22.6770732680944,-0.64512352199124,21.6939478685379));
#4760=CARTESIAN_POINT('Ctrl Pts',(19.9121084904382,-9.71237087097741,21.4888853683721));
#4761=CARTESIAN_POINT('Ctrl Pts',(14.4707678423349,-17.4713976711489,21.2838222064404));
#4762=CARTESIAN_POINT('Ctrl Pts',(3.5050679328606,-23.0906294544265,21.027495214241));
#4763=CARTESIAN_POINT('Ctrl Pts',(-10.5195389133339,-20.6516015435893,20.7312963869224));
#4764=CARTESIAN_POINT('Ctrl Pts',(-19.776801091147,-11.4856412157262,20.4573199905484));
#4765=CARTESIAN_POINT('Ctrl Pts',(-21.7822716069388,-3.6625554809697,20.285878034352));
#4766=CARTESIAN_POINT('Ctrl Pts',(-21.7873824973604,-2.86833406121234E-6,
20.2055735148315));
#4767=CARTESIAN_POINT('',(-4.93105760125367E-15,-21.6599766999594,5.73898022539622));
#4768=CARTESIAN_POINT('Origin',(-0.00477171963486955,-21.5349994713418,
5.95544713515102));
#4769=CARTESIAN_POINT('Ctrl Pts',(-4.9960036108132E-15,-21.6599766999594,
5.73898022539622));
#4770=CARTESIAN_POINT('Ctrl Pts',(4.6510506751123,-21.6599766999594,5.84150633367911));
#4771=CARTESIAN_POINT('Ctrl Pts',(13.9400862425675,-18.5673759628469,6.04656404173196));
#4772=CARTESIAN_POINT('Ctrl Pts',(22.2985781902965,-6.46680697820405,6.35415997031436));
#4773=CARTESIAN_POINT('Ctrl Pts',(21.712046045593,8.21748336859146,6.66174934441303));
#4774=CARTESIAN_POINT('Ctrl Pts',(12.4260691923744,19.6127600234501,6.96934402531683));
#4775=CARTESIAN_POINT('Ctrl Pts',(-1.84514988662489,23.1420096285175,7.27693875371645));
#4776=CARTESIAN_POINT('Ctrl Pts',(-15.3708900955391,17.3990882640885,7.58452793559624));
#4777=CARTESIAN_POINT('Ctrl Pts',(-22.7450394806791,4.67402732387277,7.89212386976523));
#4778=CARTESIAN_POINT('Ctrl Pts',(-21.1777386183352,-8.28975700910838,8.16553966177795));
#4779=CARTESIAN_POINT('Ctrl Pts',(-14.3846170478715,-17.0823793881174,8.40477784703434));
#4780=CARTESIAN_POINT('Ctrl Pts',(-5.9681997536886,-21.527282343692,8.60983979594622));
#4781=CARTESIAN_POINT('Ctrl Pts',(3.53372530337966,-22.0525146295099,8.8149020722767));
#4782=CARTESIAN_POINT('Ctrl Pts',(13.8867991962724,-18.0068281995113,9.05414053397199));
#4783=CARTESIAN_POINT('Ctrl Pts',(19.8930646070663,-10.2875547508822,9.25920257429881));
#4784=CARTESIAN_POINT('Ctrl Pts',(21.8358286053041,-1.92093073520484,9.44717676499419));
#4785=CARTESIAN_POINT('Ctrl Pts',(21.6023848020351,4.34558130208944,9.58388392270464));
#4786=CARTESIAN_POINT('Ctrl Pts',(18.2968513012279,13.1844243782704,9.78894792467385));
#4787=CARTESIAN_POINT('Ctrl Pts',(9.17157699516463,21.3302586399649,10.045274208645));
#4788=CARTESIAN_POINT('Ctrl Pts',(-5.49353820273812,22.5618919316185,10.3528654146103));
#4789=CARTESIAN_POINT('Ctrl Pts',(-16.5408818526924,15.6071092536412,10.6262838586256));
#4790=CARTESIAN_POINT('Ctrl Pts',(-21.5904160769169,5.70809692800238,10.8655216203525));
#4791=CARTESIAN_POINT('Ctrl Pts',(-22.0145591689781,-3.79881957476613,11.0705841842445));
#4792=CARTESIAN_POINT('Ctrl Pts',(-18.4285691953361,-12.6176745897071,11.2756464600505));
#4793=CARTESIAN_POINT('Ctrl Pts',(-10.7356741129432,-19.8806762501245,11.5034917837471));
#4794=CARTESIAN_POINT('Ctrl Pts',(0.722590608519817,-22.8700889339559,11.7541243547929));
#4795=CARTESIAN_POINT('Ctrl Pts',(13.0054310803285,-18.8267164840954,12.0275387764348));
#4796=CARTESIAN_POINT('Ctrl Pts',(20.4450871927213,-9.61580400088326,12.2781723372119));
#4797=CARTESIAN_POINT('Ctrl Pts',(22.3202929427469,0.798758752015258,12.5060174517296));
#4798=CARTESIAN_POINT('Ctrl Pts',(19.9651909052526,10.0188341033546,12.7110802985215));
#4799=CARTESIAN_POINT('Ctrl Pts',(13.9777971635478,17.4232307536519,12.9161418433095));
#4800=CARTESIAN_POINT('Ctrl Pts',(5.45457909892574,21.6607691868547,13.1212039592817));
#4801=CARTESIAN_POINT('Ctrl Pts',(-4.06096148322446,21.9651826876331,13.3262658603392));
#4802=CARTESIAN_POINT('Ctrl Pts',(-12.8380690883475,18.2790421574698,13.5313279915067));
#4803=CARTESIAN_POINT('Ctrl Pts',(-19.2837629202273,11.2737002433739,13.7363899981967));
#4804=CARTESIAN_POINT('Ctrl Pts',(-22.2265591782897,2.21925116529004,13.9414519813453));
#4805=CARTESIAN_POINT('Ctrl Pts',(-21.1324432120617,-7.23578094217023,14.1465138312753));
#4806=CARTESIAN_POINT('Ctrl Pts',(-16.199615730383,-15.3812341654812,14.3515759707647));
#4807=CARTESIAN_POINT('Ctrl Pts',(-8.32514233824786,-20.7248133224153,14.5566375770309));
#4808=CARTESIAN_POINT('Ctrl Pts',(2.10686105901123,-22.4956366838315,14.7844862325068));
#4809=CARTESIAN_POINT('Ctrl Pts',(13.2973541572633,-18.621976831555,15.0351142914534));
#4810=CARTESIAN_POINT('Ctrl Pts',(21.2655647423328,-8.44130102606347,15.3085331346909));
#4811=CARTESIAN_POINT('Ctrl Pts',(22.4472186161303,4.42606874574634,15.5819466638448));
#4812=CARTESIAN_POINT('Ctrl Pts',(16.4682536156684,15.8846203203043,15.8553652126055));
#4813=CARTESIAN_POINT('Ctrl Pts',(5.23419346430537,22.2728117965464,16.1287793555536));
#4814=CARTESIAN_POINT('Ctrl Pts',(-7.6707811039684,21.5565209812809,16.4021972464478));
#4815=CARTESIAN_POINT('Ctrl Pts',(-18.1252318639395,13.962169404284,16.6756114180726));
#4816=CARTESIAN_POINT('Ctrl Pts',(-22.8017731253447,1.911404063858,16.9490279430412));
#4817=CARTESIAN_POINT('Ctrl Pts',(-20.4113692570772,-9.68881927090779,17.1996586453484));
#4818=CARTESIAN_POINT('Ctrl Pts',(-13.5567450620421,-17.7489465781101,17.4275061014948));
#4819=CARTESIAN_POINT('Ctrl Pts',(-4.93874274416753,-21.7854504133043,17.6325678561584));
#4820=CARTESIAN_POINT('Ctrl Pts',(4.58305769376603,-21.8618662493019,17.8376299786255));
#4821=CARTESIAN_POINT('Ctrl Pts',(13.2694007116273,-17.9684388038462,18.042691898559));
#4822=CARTESIAN_POINT('Ctrl Pts',(19.5461858583208,-10.8117997498625,18.2477536902538));
#4823=CARTESIAN_POINT('Ctrl Pts',(22.2741220375914,-1.68905746321014,18.4528161666979));
#4824=CARTESIAN_POINT('Ctrl Pts',(20.9521164352464,7.73534932729052,18.6578773938987));
#4825=CARTESIAN_POINT('Ctrl Pts',(15.2642881721834,16.6573226405584,18.8857257621729));
#4826=CARTESIAN_POINT('Ctrl Pts',(4.88266353920015,22.3559165910488,19.1363547145666));
#4827=CARTESIAN_POINT('Ctrl Pts',(-8.01190811582909,21.4302261951417,19.4097726566767));
#4828=CARTESIAN_POINT('Ctrl Pts',(-18.3454544136327,13.673559322437,19.6831862124892));
#4829=CARTESIAN_POINT('Ctrl Pts',(-22.8280624156879,1.54933282367558,19.9566052418347));
#4830=CARTESIAN_POINT('Ctrl Pts',(-20.0248215988773,-11.0637828041644,20.2300189126443));
#4831=CARTESIAN_POINT('Ctrl Pts',(-10.4546177011982,-20.5353998104496,20.5148294771676));
#4832=CARTESIAN_POINT('Ctrl Pts',(3.49003944624676,-22.9573404373421,20.8110283044862));
#4833=CARTESIAN_POINT('Ctrl Pts',(14.3915693842362,-17.3679415197089,21.0673552966856));
#4834=CARTESIAN_POINT('Ctrl Pts',(19.7999728726592,-9.6522449020514,21.2724184586173));
#4835=CARTESIAN_POINT('Ctrl Pts',(22.5470719653769,-0.636425223580848,21.4774809587831));
#4836=CARTESIAN_POINT('Ctrl Pts',(20.2340907767146,11.3892450186847,21.733807455635));
#4837=CARTESIAN_POINT('Ctrl Pts',(9.33288181705576,21.2567002859869,22.0413992207007));
#4838=CARTESIAN_POINT('Ctrl Pts',(-5.29950628172946,22.6038534913802,22.3489976021084));
#4839=CARTESIAN_POINT('Ctrl Pts',(-17.8185831786171,14.8860152550547,22.6565814973331));
#4840=CARTESIAN_POINT('Ctrl Pts',(-21.3892890749397,5.76933062789014,22.86165372684));
#4841=CARTESIAN_POINT('Ctrl Pts',(-21.6307644772644,1.1245526985877,22.9641798351229));
#4842=CARTESIAN_POINT('Ctrl Pts',(-21.6548103028168,-0.473055379211065,
4.99940891924381));
#4843=CARTESIAN_POINT('Ctrl Pts',(-21.585028675069,-3.66741269530665,5.06984099642422));
#4844=CARTESIAN_POINT('Ctrl Pts',(-20.0101852810721,-10.0243087718408,5.2107146272264));
#4845=CARTESIAN_POINT('Ctrl Pts',(-14.306521910045,-16.9918000005625,5.40441312216123));
#4846=CARTESIAN_POINT('Ctrl Pts',(-7.1882500818746,-20.8565929353071,5.58049900733409));
#4847=CARTESIAN_POINT('Ctrl Pts',(-2.39633956856834,-21.6599766999594,5.68615616751091));
#4848=CARTESIAN_POINT('Ctrl Pts',(-5.55111512312578E-16,-21.6599766999594,
5.73898022539622));
#4849=CARTESIAN_POINT('Ctrl Pts',(-21.6980051380968,-0.473436650827932,
5.02433393532178));
#4850=CARTESIAN_POINT('Ctrl Pts',(-21.6281664944691,-3.67418327090743,5.09476601250219));
#4851=CARTESIAN_POINT('Ctrl Pts',(-20.0503484440493,-10.0437719667997,5.23563964330438));
#4852=CARTESIAN_POINT('Ctrl Pts',(-14.3355048646429,-17.025315329264,5.4293381382392));
#4853=CARTESIAN_POINT('Ctrl Pts',(-7.20311924660396,-20.8979993269086,5.60542402341207));
#4854=CARTESIAN_POINT('Ctrl Pts',(-2.40169353497874,-21.7031076538686,5.71108118358888));
#4855=CARTESIAN_POINT('Ctrl Pts',(-0.000562197495171843,-21.7031695592868,
5.76390524147419));
#4856=CARTESIAN_POINT('Ctrl Pts',(-21.7599836198644,-0.473294294375499,
5.09118564379337));
#4857=CARTESIAN_POINT('Ctrl Pts',(-21.6901669974005,-3.68315979911606,5.16161772097378));
#4858=CARTESIAN_POINT('Ctrl Pts',(-20.1082819445833,-10.0710753214347,5.30249135177597));
#4859=CARTESIAN_POINT('Ctrl Pts',(-14.3775863056522,-17.0729303203093,5.49618984671079));
#4860=CARTESIAN_POINT('Ctrl Pts',(-7.22513122580447,-20.9571623660374,5.67227573188366));
#4861=CARTESIAN_POINT('Ctrl Pts',(-2.41002664326772,-21.7649023635498,5.77793289206047));
#4862=CARTESIAN_POINT('Ctrl Pts',(-0.00205813429220542,-21.7651301487021,
5.83075694994578));
#4863=CARTESIAN_POINT('Ctrl Pts',(-21.7798907479067,-0.471788826333445,
5.17848117543633));
#4864=CARTESIAN_POINT('Ctrl Pts',(-21.710295922347,-3.68460127585559,5.24891325261674));
#4865=CARTESIAN_POINT('Ctrl Pts',(-20.1275357508967,-10.078474582815,5.38978688341892));
#4866=CARTESIAN_POINT('Ctrl Pts',(-14.392239635319,-17.0872377346371,5.58348537835375));
#4867=CARTESIAN_POINT('Ctrl Pts',(-7.23358937317984,-20.9756524555939,5.75957126352661));
#4868=CARTESIAN_POINT('Ctrl Pts',(-2.41417257362194,-21.7845572846558,5.86522842370343));
#4869=CARTESIAN_POINT('Ctrl Pts',(-0.00399801628998946,-21.784999648916,
5.91805248158874));
#4870=CARTESIAN_POINT('Ctrl Pts',(-21.7799086718025,-0.470959921800865,
5.21587582899861));
#4871=CARTESIAN_POINT('Ctrl Pts',(-21.7104361504202,-3.6837708232483,5.28630790617902));
#4872=CARTESIAN_POINT('Ctrl Pts',(-20.1279193497256,-10.077710276443,5.42718153698121));
#4873=CARTESIAN_POINT('Ctrl Pts',(-14.3928868365398,-17.086689419452,5.62088003191603));
#4874=CARTESIAN_POINT('Ctrl Pts',(-7.23438919273208,-20.9753765541129,5.79696591708889));
#4875=CARTESIAN_POINT('Ctrl Pts',(-2.41499850777323,-21.7844654200482,5.90262307726571));
#4876=CARTESIAN_POINT('Ctrl Pts',(-0.00482711456909929,-21.7849994652046,
5.95544713515102));
#4877=CARTESIAN_POINT('',(-21.6548103028076,-0.47305537918892,4.99940891923768));
#4878=CARTESIAN_POINT('Origin',(-21.5299670987958,-0.465555286480681,5.21587582899861));
#4879=CARTESIAN_POINT('Ctrl Pts',(-21.6548103028168,-0.473055379211065,
4.99940891924381));
#4880=CARTESIAN_POINT('Ctrl Pts',(-21.585028675069,-3.66741269530665,5.06984099642422));
#4881=CARTESIAN_POINT('Ctrl Pts',(-20.0101852810721,-10.0243087718408,5.2107146272264));
#4882=CARTESIAN_POINT('Ctrl Pts',(-14.306521910045,-16.9918000005625,5.40441312216123));
#4883=CARTESIAN_POINT('Ctrl Pts',(-7.1882500818746,-20.8565929353071,5.58049900733409));
#4884=CARTESIAN_POINT('Ctrl Pts',(-2.39633956856834,-21.6599766999594,5.68615616751091));
#4885=CARTESIAN_POINT('Ctrl Pts',(-5.55111512312578E-16,-21.6599766999594,
5.73898022539622));
#4886=CARTESIAN_POINT('Ctrl Pts',(-21.7799086718033,-0.470959921765283,
5.21587582899783));
#4887=CARTESIAN_POINT('Ctrl Pts',(-21.7820107640175,-0.373747028843851,
5.21374470264908));
#4888=CARTESIAN_POINT('Ctrl Pts',(-21.784276784624,-0.209494369540579,5.16408058833787));
#4889=CARTESIAN_POINT('Ctrl Pts',(-21.7849191653259,-0.0680791517170374,
4.97875301600287));
#4890=CARTESIAN_POINT('Ctrl Pts',(-21.7849535253041,-0.0449988926518708,
4.84998871127664));
#4891=CARTESIAN_POINT('Ctrl Pts',(-21.7849535253041,-0.0449988926518718,
4.78589312139595));
#4892=CARTESIAN_POINT('Ctrl Pts',(-21.7798847732756,-0.472065127806878,
5.16601629091397));
#4893=CARTESIAN_POINT('Ctrl Pts',(-21.7817532369468,-0.383648728119073,
5.16782738951607));
#4894=CARTESIAN_POINT('Ctrl Pts',(-21.7838966717923,-0.234036123850905,
5.12747339046144));
#4895=CARTESIAN_POINT('Ctrl Pts',(-21.7847068590281,-0.109162632334252,
4.96093919648473));
#4896=CARTESIAN_POINT('Ctrl Pts',(-21.784824913902,-0.0923686056238922,
4.84399939366531));
#4897=CARTESIAN_POINT('Ctrl Pts',(-21.7848507245984,-0.0947669750064335,
4.78589312139595));
#4898=CARTESIAN_POINT('Ctrl Pts',(-21.7529141903337,-0.473412895424428,
5.0789445581899));
#4899=CARTESIAN_POINT('Ctrl Pts',(-21.7586688434087,-0.40055125820909,5.08753339918856));
#4900=CARTESIAN_POINT('Ctrl Pts',(-21.7652696610868,-0.276820051147567,
5.06346183837458));
#4901=CARTESIAN_POINT('Ctrl Pts',(-21.7645942606768,-0.180939641022912,
4.92978550720116));
#4902=CARTESIAN_POINT('Ctrl Pts',(-21.7605247493461,-0.175111395483646,
4.83355628675289));
#4903=CARTESIAN_POINT('Ctrl Pts',(-21.7578512125845,-0.181625104927658,
4.78589312139596));
#4904=CARTESIAN_POINT('Ctrl Pts',(-21.687206429275,-0.473341332880892,5.01810268129905));
#4905=CARTESIAN_POINT('Ctrl Pts',(-21.7016367049385,-0.411786540747522,
5.02769040724643));
#4906=CARTESIAN_POINT('Ctrl Pts',(-21.7186662360167,-0.310228364144834,
5.01261931533093));
#4907=CARTESIAN_POINT('Ctrl Pts',(-21.7141386390806,-0.236634584492654,
4.90621246705238));
#4908=CARTESIAN_POINT('Ctrl Pts',(-21.7006525437814,-0.235323720788855,
4.82623466309866));
#4909=CARTESIAN_POINT('Ctrl Pts',(-21.6922794453112,-0.242325775234022,
4.78589312139596));
#4910=CARTESIAN_POINT('Ctrl Pts',(-21.6548103028142,-0.473055379167573,
4.9994089192408));
#4911=CARTESIAN_POINT('Ctrl Pts',(-21.6730505057979,-0.415075601782659,
5.00791974280309));
#4912=CARTESIAN_POINT('Ctrl Pts',(-21.6949949974452,-0.32186871515195,4.99469697125608));
#4913=CARTESIAN_POINT('Ctrl Pts',(-21.6886110533477,-0.255841614751738,
4.89829635120349));
#4914=CARTESIAN_POINT('Ctrl Pts',(-21.6708122375326,-0.254719873423739,
4.82398657624068));
#4915=CARTESIAN_POINT('Ctrl Pts',(-21.6599540586378,-0.260988845931558,
4.78589312139596));
#4916=CARTESIAN_POINT('',(-21.6599540586378,-0.260988845931561,4.78589312139596));
#4917=CARTESIAN_POINT('Origin',(-21.5349540586378,-0.0444824949854497,4.78589312139595));
#4918=CARTESIAN_POINT('Ctrl Pts',(-21.6599540586378,-0.260988845931558,
4.78589312139596));
#4919=CARTESIAN_POINT('Ctrl Pts',(-21.6708122375326,-0.254719873423739,
4.82398657624068));
#4920=CARTESIAN_POINT('Ctrl Pts',(-21.6886110533477,-0.255841614751738,
4.89829635120349));
#4921=CARTESIAN_POINT('Ctrl Pts',(-21.6949949974452,-0.32186871515195,4.99469697125608));
#4922=CARTESIAN_POINT('Ctrl Pts',(-21.6730505057979,-0.415075601782659,
5.00791974280309));
#4923=CARTESIAN_POINT('Ctrl Pts',(-21.6548103028142,-0.473055379167573,
4.9994089192408));
#4924=CARTESIAN_POINT('Origin',(-21.5349540586378,-0.0444824949854515,13.15));
#4925=CARTESIAN_POINT('',(-21.6599540586127,-0.260988845946036,2.73503422715043));
#4926=CARTESIAN_POINT('Origin',(-21.5349540586378,-0.0444824949854515,2.73503422715043));
#4927=CARTESIAN_POINT('',(-21.6599540586378,-0.26098884593156,13.15));
#4928=CARTESIAN_POINT('Ctrl Pts',(-21.7849535253041,-0.0449988926518718,
2.73503422715231));
#4929=CARTESIAN_POINT('Ctrl Pts',(-21.7849535253041,-0.0449988926471189,
2.65310277931293));
#4930=CARTESIAN_POINT('Ctrl Pts',(-21.784946029663,-0.0644111233127308,
2.57040219005559));
#4931=CARTESIAN_POINT('Ctrl Pts',(-21.7847381813765,-0.106805284863901,
2.5000000000058));
#4932=CARTESIAN_POINT('Ctrl Pts',(-21.7848507245984,-0.0947669750076265,
2.73503422714946));
#4933=CARTESIAN_POINT('Ctrl Pts',(-21.7848167936561,-0.0916140599477241,
2.66062181195353));
#4934=CARTESIAN_POINT('Ctrl Pts',(-21.7848208854981,-0.106648010499509,
2.58534047156597));
#4935=CARTESIAN_POINT('Ctrl Pts',(-21.7845585555399,-0.143443002066161,
2.5218095165281));
#4936=CARTESIAN_POINT('Ctrl Pts',(-21.757852653185,-0.18162605483746,2.73503422714448));
#4937=CARTESIAN_POINT('Ctrl Pts',(-21.7613673054186,-0.17306308170591,2.67373216389));
#4938=CARTESIAN_POINT('Ctrl Pts',(-21.7638294139164,-0.180393487562969,
2.61145460368485));
#4939=CARTESIAN_POINT('Ctrl Pts',(-21.7647158897734,-0.207392033426759,
2.55993376935358));
#4940=CARTESIAN_POINT('Ctrl Pts',(-21.692279445307,-0.242325775237518,2.73503422714099));
#4941=CARTESIAN_POINT('Ctrl Pts',(-21.7032867857198,-0.233120819967666,
2.68292378317098));
#4942=CARTESIAN_POINT('Ctrl Pts',(-21.711652376908,-0.236791965022069,2.6312531716009));
#4943=CARTESIAN_POINT('Ctrl Pts',(-21.7152608086799,-0.256945314086919,
2.58957521931448));
#4944=CARTESIAN_POINT('Ctrl Pts',(-21.6599540586324,-0.260988845934692,
2.73503422713991));
#4945=CARTESIAN_POINT('Ctrl Pts',(-21.6742283051114,-0.252747605885185,
2.68574604766913));
#4946=CARTESIAN_POINT('Ctrl Pts',(-21.6853336415097,-0.255928527981813,
2.63791359527845));
#4947=CARTESIAN_POINT('Ctrl Pts',(-21.690218881451,-0.274002548919818,2.59980180327442));
#4948=CARTESIAN_POINT('',(-21.690218881451,-0.274002548919815,2.59980180327442));
#4949=CARTESIAN_POINT('Origin',(-21.5347411859511,-0.105579610261374,2.5000000000058));
#4950=CARTESIAN_POINT('Ctrl Pts',(-21.690218881451,-0.274002548919818,2.59980180327442));
#4951=CARTESIAN_POINT('Ctrl Pts',(-21.6853336415097,-0.255928527981813,
2.63791359527845));
#4952=CARTESIAN_POINT('Ctrl Pts',(-21.6742283051114,-0.252747605885185,
2.68574604766913));
#4953=CARTESIAN_POINT('Ctrl Pts',(-21.6599540586324,-0.260988845934692,
2.73503422713991));
#4954=CARTESIAN_POINT('Ctrl Pts',(-21.6859007098866,-0.464572713064796,
2.50340691489537));
#4955=CARTESIAN_POINT('Ctrl Pts',(-21.7007278417113,-0.419788129290296,
2.4944096459426));
#4956=CARTESIAN_POINT('Ctrl Pts',(-21.7111346322659,-0.33596870264039,2.5037556439123));
#4957=CARTESIAN_POINT('Ctrl Pts',(-21.6946171754872,-0.290275006251705,
2.56548887914161));
#4958=CARTESIAN_POINT('Ctrl Pts',(-21.6902188814511,-0.27400254892009,2.59980180327384));
#4959=CARTESIAN_POINT('Ctrl Pts',(-21.7406626286101,-0.467036245901218,
2.47179529344263));
#4960=CARTESIAN_POINT('Ctrl Pts',(-21.7489921481228,-0.414245584943401,
2.46182405524506));
#4961=CARTESIAN_POINT('Ctrl Pts',(-21.7535194846665,-0.310189868173156,
2.47431425739233));
#4962=CARTESIAN_POINT('Ctrl Pts',(-21.7474375765332,-0.253131359331074,
2.54126571430522));
#4963=CARTESIAN_POINT('Ctrl Pts',(-21.7486500449858,-0.234202334309634,
2.57593977403359));
#4964=CARTESIAN_POINT('Ctrl Pts',(-21.7825670399802,-0.469696161111415,
2.41860833801088));
#4965=CARTESIAN_POINT('Ctrl Pts',(-21.7855560540638,-0.405982368437667,
2.41227163141689));
#4966=CARTESIAN_POINT('Ctrl Pts',(-21.7839171795556,-0.278486625850778,
2.43045772302285));
#4967=CARTESIAN_POINT('Ctrl Pts',(-21.7808115185954,-0.199316984957125,
2.50118363492038));
#4968=CARTESIAN_POINT('Ctrl Pts',(-21.7844238361631,-0.170921289966963,
2.53816665391811));
#4969=CARTESIAN_POINT('Ctrl Pts',(-21.8004940401001,-0.471846614118556,
2.35795992858612));
#4970=CARTESIAN_POINT('Ctrl Pts',(-21.8024962468058,-0.397316761067737,
2.35664700341342));
#4971=CARTESIAN_POINT('Ctrl Pts',(-21.7959190163982,-0.246520171552514,
2.38152115385322));
#4972=CARTESIAN_POINT('Ctrl Pts',(-21.7845510507772,-0.144973724929568,
2.45774352453262));
#4973=CARTESIAN_POINT('Ctrl Pts',(-21.7847381813766,-0.106805284862459,
2.50000000000349));
#4974=CARTESIAN_POINT('',(-21.8004940401001,-0.471846614118557,2.35795992858612));
#4975=CARTESIAN_POINT('Ctrl Pts',(-21.7847381813766,-0.106805284862459,
2.50000000000349));
#4976=CARTESIAN_POINT('Ctrl Pts',(-21.7845510507772,-0.144973724929568,
2.45774352453262));
#4977=CARTESIAN_POINT('Ctrl Pts',(-21.7959190163982,-0.246520171552514,
2.38152115385322));
#4978=CARTESIAN_POINT('Ctrl Pts',(-21.8024962468058,-0.397316761067737,
2.35664700341342));
#4979=CARTESIAN_POINT('Ctrl Pts',(-21.8004940401001,-0.471846614118556,
2.35795992858612));
#4980=CARTESIAN_POINT('',(-21.6859007098863,-0.464572713064001,2.50340691489556));
#4981=CARTESIAN_POINT('Origin',(-21.5608500302901,-0.466659795213688,2.28693989287919));
#4982=CARTESIAN_POINT('Ctrl Pts',(-21.6859007098866,-0.464572713064796,
2.50340691489537));
#4983=CARTESIAN_POINT('Ctrl Pts',(-21.7007278417113,-0.419788129290296,
2.4944096459426));
#4984=CARTESIAN_POINT('Ctrl Pts',(-21.7111346322659,-0.33596870264039,2.5037556439123));
#4985=CARTESIAN_POINT('Ctrl Pts',(-21.6946171754872,-0.290275006251705,
2.56548887914161));
#4986=CARTESIAN_POINT('Ctrl Pts',(-21.6902188814511,-0.27400254892009,2.59980180327384));
#4987=CARTESIAN_POINT('Ctrl Pts',(-19.685580431394,-9.03507131803063,2.71646690954597));
#4988=CARTESIAN_POINT('Ctrl Pts',(-20.917521761659,-6.35092204132272,2.65136408563738));
#4989=CARTESIAN_POINT('Ctrl Pts',(-21.5994279618153,-3.41630526342756,2.58182063382712));
#4990=CARTESIAN_POINT('Ctrl Pts',(-21.6859007098873,-0.464572713067706,
2.50340691489502));
#4991=CARTESIAN_POINT('Ctrl Pts',(-19.7246015727078,-9.05359939651946,2.69154189347463));
#4992=CARTESIAN_POINT('Ctrl Pts',(-20.9557574137973,-6.36266332574169,2.62846933481219));
#4993=CARTESIAN_POINT('Ctrl Pts',(-21.6350439001045,-3.42202066921652,2.56117921418955));
#4994=CARTESIAN_POINT('Ctrl Pts',(-21.7171932348719,-0.465980446116846,
2.4853431312077));
#4995=CARTESIAN_POINT('Ctrl Pts',(-19.780291899198,-9.08080548216229,2.62469112111062));
#4996=CARTESIAN_POINT('Ctrl Pts',(-21.0116468104659,-6.38071541785232,2.56922750245231));
#4997=CARTESIAN_POINT('Ctrl Pts',(-21.6882249506757,-3.43120344118535,2.50941619120901));
#4998=CARTESIAN_POINT('Ctrl Pts',(-21.7649413296894,-0.468559075214756,
2.44166383270735));
#4999=CARTESIAN_POINT('Ctrl Pts',(-19.7975393216796,-9.09085598244192,2.53739465341312));
#5000=CARTESIAN_POINT('Ctrl Pts',(-21.0341189108141,-6.3901034438511,2.49090288971122));
#5001=CARTESIAN_POINT('Ctrl Pts',(-21.7149487291909,-3.43740073759932,2.44079888262464));
#5002=CARTESIAN_POINT('Ctrl Pts',(-21.7928110400487,-0.470924991402768,
2.38395210405379));
#5003=CARTESIAN_POINT('Ctrl Pts',(-19.797193311227,-9.09160942836349,2.49999999986078));
#5004=CARTESIAN_POINT('Ctrl Pts',(-21.0368436713769,-6.39224161990998,2.45659811725505));
#5005=CARTESIAN_POINT('Ctrl Pts',(-21.7207735067378,-3.43935222681403,2.41023579735907));
#5006=CARTESIAN_POINT('Ctrl Pts',(-21.8004940401001,-0.471846614119862,
2.35795992858615));
#5007=CARTESIAN_POINT('',(-19.6855804313942,-9.03507131803016,2.71646690954596));
#5008=CARTESIAN_POINT('Origin',(-19.5700049555785,-8.98727606333704,2.49999999979116));
#5009=CARTESIAN_POINT('Ctrl Pts',(-19.685580431394,-9.03507131803063,2.71646690954597));
#5010=CARTESIAN_POINT('Ctrl Pts',(-20.917521761659,-6.35092204132272,2.65136408563738));
#5011=CARTESIAN_POINT('Ctrl Pts',(-21.5994279618153,-3.41630526342756,2.58182063382712));
#5012=CARTESIAN_POINT('Ctrl Pts',(-21.6859007098873,-0.464572713067706,
2.50340691489502));
#5013=CARTESIAN_POINT('Ctrl Pts',(-21.8004940401001,-0.471846614119862,
2.35795992858615));
#5014=CARTESIAN_POINT('Ctrl Pts',(-21.7207735067378,-3.43935222681403,2.41023579735907));
#5015=CARTESIAN_POINT('Ctrl Pts',(-21.0368436713769,-6.39224161990998,2.45659811725505));
#5016=CARTESIAN_POINT('Ctrl Pts',(-19.797193311227,-9.09160942836349,2.49999999986078));
#5017=CARTESIAN_POINT('Ctrl Pts',(-3.88578058618805E-15,-21.6599766999594,
3.26101977460379));
#5018=CARTESIAN_POINT('Ctrl Pts',(-3.52890188208675,-21.6599766999594,3.18322991554709));
#5019=CARTESIAN_POINT('Ctrl Pts',(-9.40529375196967,-20.1924520055353,3.05357107904942));
#5020=CARTESIAN_POINT('Ctrl Pts',(-16.0383300353654,-15.1248532730603,2.8720558394119));
#5021=CARTESIAN_POINT('Ctrl Pts',(-18.7042349565686,-11.1732232590239,2.76832681558378));
#5022=CARTESIAN_POINT('Ctrl Pts',(-19.6855804313938,-9.03507131803109,2.71646690954598));
#5023=CARTESIAN_POINT('Ctrl Pts',(0.000562197495167386,-21.7031695592868,
3.23609475852581));
#5024=CARTESIAN_POINT('Ctrl Pts',(-3.53539614794313,-21.7032607225552,3.15830489946911));
#5025=CARTESIAN_POINT('Ctrl Pts',(-9.42350999557924,-20.2329747271555,3.02864606297144));
#5026=CARTESIAN_POINT('Ctrl Pts',(-16.0699332797569,-15.155425972005,2.84713082333392));
#5027=CARTESIAN_POINT('Ctrl Pts',(-18.7412385441225,-11.1960014778306,2.74340179950581));
#5028=CARTESIAN_POINT('Ctrl Pts',(-19.7246015727181,-9.05359939652452,2.69154189346801));
#5029=CARTESIAN_POINT('Ctrl Pts',(0.00205812305229995,-21.7651311794193,
3.16924356730604));
#5030=CARTESIAN_POINT('Ctrl Pts',(-3.54396879015601,-21.7654666207996,3.09145370824935));
#5031=CARTESIAN_POINT('Ctrl Pts',(-9.44904120372995,-20.2913712670869,2.96179487175167));
#5032=CARTESIAN_POINT('Ctrl Pts',(-16.1147506679757,-15.1998067313943,2.78027963211416));
#5033=CARTESIAN_POINT('Ctrl Pts',(-18.7939801524035,-11.2292398102964,2.67655060828604));
#5034=CARTESIAN_POINT('Ctrl Pts',(-19.7802911369032,-9.08080514230691,2.62469070224824));
#5035=CARTESIAN_POINT('Ctrl Pts',(0.00399801628998474,-21.784999648916,
3.08194751841126));
#5036=CARTESIAN_POINT('Ctrl Pts',(-3.54527757181361,-21.7856510841678,3.00415765935456));
#5037=CARTESIAN_POINT('Ctrl Pts',(-9.45585094488871,-20.3107431097377,2.87449882285689));
#5038=CARTESIAN_POINT('Ctrl Pts',(-16.1281158851489,-15.2151144175772,2.69298358321938));
#5039=CARTESIAN_POINT('Ctrl Pts',(-18.8101334596759,-11.2411711394944,2.58925455939126));
#5040=CARTESIAN_POINT('Ctrl Pts',(-19.7975393216889,-9.09085598244665,2.53739465335346));
#5041=CARTESIAN_POINT('Ctrl Pts',(0.00482711456909449,-21.7849994652046,
3.04455286484898));
#5042=CARTESIAN_POINT('Ctrl Pts',(-3.5444438139709,-21.7857859117426,2.96676300579228));
#5043=CARTESIAN_POINT('Ctrl Pts',(-9.45508164271819,-20.311100176441,2.83710416929461));
#5044=CARTESIAN_POINT('Ctrl Pts',(-16.1275335926043,-15.2157291712189,2.6555889296571));
#5045=CARTESIAN_POINT('Ctrl Pts',(-18.809706942016,-11.2418842171685,2.55185990582898));
#5046=CARTESIAN_POINT('Ctrl Pts',(-19.7971933112268,-9.09160942836395,2.49999999979118));
#5047=CARTESIAN_POINT('',(-4.64862311716371E-15,-21.6599766999594,3.26101977460378));
#5048=CARTESIAN_POINT('Origin',(0.00477171963486123,-21.5349994713418,3.04455286484898));
#5049=CARTESIAN_POINT('Ctrl Pts',(-3.88578058618805E-15,-21.6599766999594,
3.26101977460379));
#5050=CARTESIAN_POINT('Ctrl Pts',(-3.52890188208675,-21.6599766999594,3.18322991554709));
#5051=CARTESIAN_POINT('Ctrl Pts',(-9.40529375196967,-20.1924520055353,3.05357107904942));
#5052=CARTESIAN_POINT('Ctrl Pts',(-16.0383300353654,-15.1248532730603,2.8720558394119));
#5053=CARTESIAN_POINT('Ctrl Pts',(-18.7042349565686,-11.1732232590239,2.76832681558378));
#5054=CARTESIAN_POINT('Ctrl Pts',(-19.6855804313938,-9.03507131803109,2.71646690954598));
#5055=CARTESIAN_POINT('Ctrl Pts',(-21.6302639970581,1.13413846612949,23.4860077912662));
#5056=CARTESIAN_POINT('Ctrl Pts',(-21.4872912991057,3.86091063146889,23.4258172264828));
#5057=CARTESIAN_POINT('Ctrl Pts',(-20.1586977879271,9.25915682042989,23.3054299468054));
#5058=CARTESIAN_POINT('Ctrl Pts',(-15.3146002948154,16.0483833818437,23.1248551443311));
#5059=CARTESIAN_POINT('Ctrl Pts',(-8.30659952285185,20.5692355604117,22.944272577231));
#5060=CARTESIAN_POINT('Ctrl Pts',(-0.124158403624944,22.1828054708648,22.7636934194026));
#5061=CARTESIAN_POINT('Ctrl Pts',(8.07565349223874,20.6609650370945,22.5831125271506));
#5062=CARTESIAN_POINT('Ctrl Pts',(15.1341097127521,16.2188470609366,22.4025325139122));
#5063=CARTESIAN_POINT('Ctrl Pts',(20.0534354853709,9.48430056528363,22.2219520445114));
#5064=CARTESIAN_POINT('Ctrl Pts',(22.1383252427308,1.40921167092001,22.0413718020304));
#5065=CARTESIAN_POINT('Ctrl Pts',(21.0941835844611,-6.86505469015645,21.8607914458144));
#5066=CARTESIAN_POINT('Ctrl Pts',(17.0683640509603,-14.1690040076105,21.6802111378162));
#5067=CARTESIAN_POINT('Ctrl Pts',(10.6303621247885,-19.4702355122728,21.4996308274094));
#5068=CARTESIAN_POINT('Ctrl Pts',(2.6892116254205,-22.0195292633238,21.319050484425));
#5069=CARTESIAN_POINT('Ctrl Pts',(-5.63083445551739,-21.4564166535182,21.1384702401528));
#5070=CARTESIAN_POINT('Ctrl Pts',(-13.1573470088544,-17.8607684336561,20.9578898046992));
#5071=CARTESIAN_POINT('Ctrl Pts',(-18.819597492852,-11.7402724646638,20.7773097616531));
#5072=CARTESIAN_POINT('Ctrl Pts',(-22.1651941642639,-3.09659695743513,20.576664409446));
#5073=CARTESIAN_POINT('Ctrl Pts',(-21.4198166942178,7.21048849098074,20.3559561307143));
#5074=CARTESIAN_POINT('Ctrl Pts',(-15.2671604951099,16.6627561947897,20.1151810870158));
#5075=CARTESIAN_POINT('Ctrl Pts',(-5.31672417154617,21.9653904208236,19.8744081030066));
#5076=CARTESIAN_POINT('Ctrl Pts',(5.95748030860438,21.8000316708411,19.6336342744543));
#5077=CARTESIAN_POINT('Ctrl Pts',(15.7515300596774,16.2075434045457,19.3928608085529));
#5078=CARTESIAN_POINT('Ctrl Pts',(21.1282601322438,7.38244182728895,19.1721504412918));
#5079=CARTESIAN_POINT('Ctrl Pts',(22.1051198080789,-1.83453814666411,18.9715069902602));
#5080=CARTESIAN_POINT('Ctrl Pts',(19.8688181237857,-9.86687456175098,18.7909259995493));
#5081=CARTESIAN_POINT('Ctrl Pts',(14.8197007023384,-16.506437776686,18.6103460268621));
#5082=CARTESIAN_POINT('Ctrl Pts',(7.67782336109612,-20.8120056715763,18.4297655338694));
#5083=CARTESIAN_POINT('Ctrl Pts',(-0.549433854174814,-22.1763643724339,
18.2491853008655));
#5084=CARTESIAN_POINT('Ctrl Pts',(-8.70051692459954,-20.4061146957955,18.0686049651908));
#5085=CARTESIAN_POINT('Ctrl Pts',(-15.6180192143499,-15.7514858521372,17.8880246361003));
#5086=CARTESIAN_POINT('Ctrl Pts',(-20.8601260177539,-8.10642676309941,17.6873799962407));
#5087=CARTESIAN_POINT('Ctrl Pts',(-22.5039385731475,2.09286656254175,17.4666707252414));
#5088=CARTESIAN_POINT('Ctrl Pts',(-18.6872076461922,12.7121987015829,17.2258966297677));
#5089=CARTESIAN_POINT('Ctrl Pts',(-10.2238194255852,20.1491855177549,16.9851229183873));
#5090=CARTESIAN_POINT('Ctrl Pts',(2.01580296940305,22.8709518880237,16.7175968191661));
#5091=CARTESIAN_POINT('Ctrl Pts',(15.1759258692669,17.7643489374019,16.4233179012661));
#5092=CARTESIAN_POINT('Ctrl Pts',(22.9419467350764,4.43101227627413,16.1022856792864));
#5093=CARTESIAN_POINT('Ctrl Pts',(20.8847510901884,-9.53292012324038,15.8080060676556));
#5094=CARTESIAN_POINT('Ctrl Pts',(12.4793621731798,-18.8362679075621,15.5404811990598));
#5095=CARTESIAN_POINT('Ctrl Pts',(1.83218513763991,-22.5262811669516,15.299706692982));
#5096=CARTESIAN_POINT('Ctrl Pts',(-9.28380346462231,-20.6049951939348,15.0589333702654));
#5097=CARTESIAN_POINT('Ctrl Pts',(-18.0819854883665,-13.5558345584474,14.8181593019338));
#5098=CARTESIAN_POINT('Ctrl Pts',(-22.3820787166491,-3.13106129297411,14.5773858480307));
#5099=CARTESIAN_POINT('Ctrl Pts',(-21.1083715187122,8.07275854051108,14.3366119242697));
#5100=CARTESIAN_POINT('Ctrl Pts',(-14.5806497607845,17.2670533968114,14.0958382485909));
#5101=CARTESIAN_POINT('Ctrl Pts',(-4.4225756601565,22.1626702518023,13.8550644406207));
#5102=CARTESIAN_POINT('Ctrl Pts',(6.8361959168148,21.5407808920018,13.6142908930987));
#5103=CARTESIAN_POINT('Ctrl Pts',(16.3933618533287,15.5566105276934,13.373516723643));
#5104=CARTESIAN_POINT('Ctrl Pts',(21.8689242788497,5.69894731169469,13.1327437772615));
#5105=CARTESIAN_POINT('Ctrl Pts',(21.9014385676447,-5.57667356646105,12.8919698788451));
#5106=CARTESIAN_POINT('Ctrl Pts',(16.4790979983983,-15.4643799329357,12.6511949964992));
#5107=CARTESIAN_POINT('Ctrl Pts',(6.9580766929243,-21.5029127934622,12.4104221831018));
#5108=CARTESIAN_POINT('Ctrl Pts',(-4.30065058728578,-22.1860020505263,12.1696482111559));
#5109=CARTESIAN_POINT('Ctrl Pts',(-14.4796671193927,-17.3502787128103,11.9288747040377));
#5110=CARTESIAN_POINT('Ctrl Pts',(-21.0707314090122,-8.18727706721304,11.6881004886672));
#5111=CARTESIAN_POINT('Ctrl Pts',(-22.236979697685,1.75540905158155,11.4740802003601));
#5112=CARTESIAN_POINT('Ctrl Pts',(-18.9657716145394,12.3482573662122,11.2333053920865));
#5113=CARTESIAN_POINT('Ctrl Pts',(-9.72528661130678,21.251822489679,10.9657789143919));
#5114=CARTESIAN_POINT('Ctrl Pts',(3.08044898170964,22.4271403818981,10.6982543119398));
#5115=CARTESIAN_POINT('Ctrl Pts',(12.0785421972844,18.4567225875429,10.4842315210661));
#5116=CARTESIAN_POINT('Ctrl Pts',(19.3347345167458,11.7824944449869,10.2702109517683));
#5117=CARTESIAN_POINT('Ctrl Pts',(22.9466494138204,0.818860795436048,10.0294361481626));
#5118=CARTESIAN_POINT('Ctrl Pts',(19.5851445265364,-11.2658974147187,9.76191139463863));
#5119=CARTESIAN_POINT('Ctrl Pts',(11.7159394327176,-19.3264991898158,9.52113683927458));
#5120=CARTESIAN_POINT('Ctrl Pts',(0.913443734279439,-22.5821706138494,9.28036349316122));
#5121=CARTESIAN_POINT('Ctrl Pts',(-10.1085516291098,-20.2114071605494,9.03958953675243));
#5122=CARTESIAN_POINT('Ctrl Pts',(-18.6166291061487,-12.8138120402573,8.79881586751946));
#5123=CARTESIAN_POINT('Ctrl Pts',(-22.4916165983708,-2.21908956360694,8.55804230944556));
#5124=CARTESIAN_POINT('Ctrl Pts',(-20.7610341413919,8.91548719453937,8.31726795748774));
#5125=CARTESIAN_POINT('Ctrl Pts',(-13.1102764688123,18.847402828912,8.04974290432937));
#5126=CARTESIAN_POINT('Ctrl Pts',(0.267030171024361,23.3638665335399,7.75546153860693));
#5127=CARTESIAN_POINT('Ctrl Pts',(14.7640118322151,18.1047416661758,7.43443128640459));
#5128=CARTESIAN_POINT('Ctrl Pts',(22.8256987817737,4.97061602003585,7.1134012707086));
#5129=CARTESIAN_POINT('Ctrl Pts',(20.9559959723494,-10.3256277721217,6.79236738661477));
#5130=CARTESIAN_POINT('Ctrl Pts',(9.95939608733541,-21.1348434825134,6.47133637346092));
#5131=CARTESIAN_POINT('Ctrl Pts',(-3.1282393634146,-22.4939142960911,6.19712100810378));
#5132=CARTESIAN_POINT('Ctrl Pts',(-12.7078034987884,-18.1727522715487,5.96972471245354));
#5133=CARTESIAN_POINT('Ctrl Pts',(-18.5258649133967,-12.2077451266276,5.78914386406118));
#5134=CARTESIAN_POINT('Ctrl Pts',(-21.7213295816982,-4.49816009593614,5.60856383624701));
#5135=CARTESIAN_POINT('Ctrl Pts',(-21.8487861251843,3.83729037121214,5.42798338392197));
#5136=CARTESIAN_POINT('Ctrl Pts',(-18.8869520831592,11.6354740384168,5.2474031609967));
#5137=CARTESIAN_POINT('Ctrl Pts',(-13.2561475685781,17.7864366330943,5.06682281713958));
#5138=CARTESIAN_POINT('Ctrl Pts',(-5.75138304908764,21.4247540062233,4.88624255471375));
#5139=CARTESIAN_POINT('Ctrl Pts',(2.56615086488444,22.0341407548408,4.70566222132799));
#5140=CARTESIAN_POINT('Ctrl Pts',(10.521051124081,19.5294936171885,4.52508198342166));
#5141=CARTESIAN_POINT('Ctrl Pts',(16.9888389750875,14.264329721494,4.3445015778599));
#5142=CARTESIAN_POINT('Ctrl Pts',(21.0553770545802,6.98303868338997,4.16392147937105));
#5143=CARTESIAN_POINT('Ctrl Pts',(22.1458952087328,-1.28519912681743,3.98334077770795));
#5144=CARTESIAN_POINT('Ctrl Pts',(20.1061964506867,-9.37196684008382,3.80276123116842));
#5145=CARTESIAN_POINT('Ctrl Pts',(15.2247166952411,-16.1336739091277,3.62217939456589));
#5146=CARTESIAN_POINT('Ctrl Pts',(8.19113285574813,-20.6158234959439,3.44160211924582));
#5147=CARTESIAN_POINT('Ctrl Pts',(2.73051783257853,-21.6599766999594,3.32121033938721));
#5148=CARTESIAN_POINT('Ctrl Pts',(-5.55111512312578E-15,-21.6599766999594,
3.26101977460379));
#5149=CARTESIAN_POINT('Ctrl Pts',(-21.6734270425589,1.13583866200211,23.4610827751883));
#5150=CARTESIAN_POINT('Ctrl Pts',(-21.5302388951079,3.86806702939942,23.4008922104048));
#5151=CARTESIAN_POINT('Ctrl Pts',(-20.1991387032711,9.27708813446644,23.2805049307274));
#5152=CARTESIAN_POINT('Ctrl Pts',(-15.345556019463,16.0799933876536,23.0999301282531));
#5153=CARTESIAN_POINT('Ctrl Pts',(-8.32369828817149,20.6100358967977,22.919347561153));
#5154=CARTESIAN_POINT('Ctrl Pts',(-0.124981624923593,22.2270393622534,22.7387684033247));
#5155=CARTESIAN_POINT('Ctrl Pts',(8.09122126928143,20.7023751902381,22.5581875110726));
#5156=CARTESIAN_POINT('Ctrl Pts',(15.1638685348561,16.2515830635264,22.3776074978342));
#5157=CARTESIAN_POINT('Ctrl Pts',(20.0931789479119,9.50373405286439,22.1970270284334));
#5158=CARTESIAN_POINT('Ctrl Pts',(22.1824359121991,1.41259654266201,22.0164467859525));
#5159=CARTESIAN_POINT('Ctrl Pts',(21.136426821915,-6.87819721253977,21.8358664297364));
#5160=CARTESIAN_POINT('Ctrl Pts',(17.1027687614548,-14.1968161494025,21.6552861217383));
#5161=CARTESIAN_POINT('Ctrl Pts',(10.6520660622341,-19.5087862781976,21.4747058113314));
#5162=CARTESIAN_POINT('Ctrl Pts',(2.69514584047213,-22.0633697749398,21.294125468347));
#5163=CARTESIAN_POINT('Ctrl Pts',(-5.64150629040168,-21.4993502581422,21.1135452240749));
#5164=CARTESIAN_POINT('Ctrl Pts',(-13.1831212405043,-17.8967269696461,20.9329647886212));
#5165=CARTESIAN_POINT('Ctrl Pts',(-18.8568218975196,-11.7641730383439,20.7523847455751));
#5166=CARTESIAN_POINT('Ctrl Pts',(-22.2093147490806,-3.10334674207194,20.551739393368));
#5167=CARTESIAN_POINT('Ctrl Pts',(-21.4627181050738,7.22431130118774,20.3310311146363));
#5168=CARTESIAN_POINT('Ctrl Pts',(-15.2980387903975,16.695587324813,20.0902560709378));
#5169=CARTESIAN_POINT('Ctrl Pts',(-5.32789544983841,22.0090556291054,19.8494830869287));
#5170=CARTESIAN_POINT('Ctrl Pts',(5.96879417186739,21.8436584303658,19.6087092583763));
#5171=CARTESIAN_POINT('Ctrl Pts',(15.782519788208,16.2402733591906,19.367935792475));
#5172=CARTESIAN_POINT('Ctrl Pts',(21.1702022096224,7.39771108425564,19.1472254252138));
#5173=CARTESIAN_POINT('Ctrl Pts',(22.1492480553071,-1.83762218133775,18.9465819741823));
#5174=CARTESIAN_POINT('Ctrl Pts',(19.9086959104967,-9.88603524982878,18.7660009834713));
#5175=CARTESIAN_POINT('Ctrl Pts',(14.8496818116119,-16.5389693559912,18.5854210107841));
#5176=CARTESIAN_POINT('Ctrl Pts',(7.69367431584476,-20.8533088157728,18.4048405177915));
#5177=CARTESIAN_POINT('Ctrl Pts',(-0.549953862871374,-22.2206017096625,
18.2242602847876));
#5178=CARTESIAN_POINT('Ctrl Pts',(-8.71733760893044,-20.4470334288868,18.0436799491128));
#5179=CARTESIAN_POINT('Ctrl Pts',(-15.6487548047492,-15.783302223484,17.8630996200223));
#5180=CARTESIAN_POINT('Ctrl Pts',(-20.9015146511278,-8.12313320631181,17.6624549801627));
#5181=CARTESIAN_POINT('Ctrl Pts',(-22.5488681794606,2.09645608736361,17.4417457091634));
#5182=CARTESIAN_POINT('Ctrl Pts',(-18.7248043811577,12.7370631940535,17.2009716136897));
#5183=CARTESIAN_POINT('Ctrl Pts',(-10.2447289185115,20.1891008233793,16.9601979023093));
#5184=CARTESIAN_POINT('Ctrl Pts',(2.01922847952019,22.9166128419087,16.6926718030881));
#5185=CARTESIAN_POINT('Ctrl Pts',(15.2057278376074,17.8001676425394,16.3983928851881));
#5186=CARTESIAN_POINT('Ctrl Pts',(22.9875820166649,4.4404429210422,16.0773606632085));
#5187=CARTESIAN_POINT('Ctrl Pts',(20.9266458572593,-9.55138726438175,15.7830810515776));
#5188=CARTESIAN_POINT('Ctrl Pts',(12.5047369171635,-18.8735068155705,15.5155561829818));
#5189=CARTESIAN_POINT('Ctrl Pts',(1.83642342769124,-22.5711542964096,15.274781676904));
#5190=CARTESIAN_POINT('Ctrl Pts',(-9.30178197565249,-20.6463257973451,15.0340083541875));
#5191=CARTESIAN_POINT('Ctrl Pts',(-18.1176919243723,-13.5833362553166,14.7932342858558));
#5192=CARTESIAN_POINT('Ctrl Pts',(-22.4266307679627,-3.13788606105602,14.5524608319527));
#5193=CARTESIAN_POINT('Ctrl Pts',(-21.1506743921984,8.08830899559254,14.3116869081917));
#5194=CARTESIAN_POINT('Ctrl Pts',(-14.6101740117979,17.3011081473756,14.0709132325129));
#5195=CARTESIAN_POINT('Ctrl Pts',(-4.43197015805573,22.206751192319,13.8301394245427));
#5196=CARTESIAN_POINT('Ctrl Pts',(6.84926918438178,21.5839140889446,13.5893658770207));
#5197=CARTESIAN_POINT('Ctrl Pts',(16.4256491147399,15.5880579959964,13.348591707565));
#5198=CARTESIAN_POINT('Ctrl Pts',(21.9123860354568,5.71088071045205,13.1078187611835));
#5199=CARTESIAN_POINT('Ctrl Pts',(21.9452582021945,-5.58722770619258,12.8670448627671));
#5200=CARTESIAN_POINT('Ctrl Pts',(16.5123619194861,-15.4947888227578,12.6262699804212));
#5201=CARTESIAN_POINT('Ctrl Pts',(6.97250900400507,-21.5456139926807,12.3854971670238));
#5202=CARTESIAN_POINT('Ctrl Pts',(-4.30865008326068,-22.2303548047314,12.1447231950779));
#5203=CARTESIAN_POINT('Ctrl Pts',(-14.5080921039169,-17.3852548092208,11.9039496879597));
#5204=CARTESIAN_POINT('Ctrl Pts',(-21.1125365054701,-8.20414902472254,11.6631754725892));
#5205=CARTESIAN_POINT('Ctrl Pts',(-22.2813701889342,1.75832986862605,11.4491551842821));
#5206=CARTESIAN_POINT('Ctrl Pts',(-19.0039117971545,12.3723912446625,11.2083803760085));
#5207=CARTESIAN_POINT('Ctrl Pts',(-9.74523156420113,21.2939492928837,10.9408538983139));
#5208=CARTESIAN_POINT('Ctrl Pts',(3.08600899086058,22.4719430849991,10.6733292958619));
#5209=CARTESIAN_POINT('Ctrl Pts',(12.1021488739967,18.4938428774262,10.4593065049881));
#5210=CARTESIAN_POINT('Ctrl Pts',(19.3729859174267,11.8064905802221,10.2452859356903));
#5211=CARTESIAN_POINT('Ctrl Pts',(22.9923873089635,0.821089896107672,10.0045111320847));
#5212=CARTESIAN_POINT('Ctrl Pts',(19.6244926976612,-11.2878551548519,9.73698637856064));
#5213=CARTESIAN_POINT('Ctrl Pts',(11.7398044807483,-19.3647350701057,9.49621182319661));
#5214=CARTESIAN_POINT('Ctrl Pts',(0.915851363170084,-22.6271792593922,9.25543847708324));
#5215=CARTESIAN_POINT('Ctrl Pts',(-10.1281849871291,-20.2519741950284,9.01466452067446));
#5216=CARTESIAN_POINT('Ctrl Pts',(-18.6534210714451,-12.8398479339141,8.77389085144149));
#5217=CARTESIAN_POINT('Ctrl Pts',(-22.5364105347409,-2.2240985940393,8.53311729336758));
#5218=CARTESIAN_POINT('Ctrl Pts',(-20.802666676965,8.93272729005569,8.29234294140978));
#5219=CARTESIAN_POINT('Ctrl Pts',(-13.1369085928108,18.884647078265,8.02481788825137));
#5220=CARTESIAN_POINT('Ctrl Pts',(0.2669551298468,23.4104652855269,7.73053652252898));
#5221=CARTESIAN_POINT('Ctrl Pts',(14.7929838044021,18.1412279897432,7.40950627032659));
#5222=CARTESIAN_POINT('Ctrl Pts',(22.8710879377663,4.98112078022507,7.08847625463063));
#5223=CARTESIAN_POINT('Ctrl Pts',(20.9980536959579,-10.3456746529972,6.7674423705368));
#5224=CARTESIAN_POINT('Ctrl Pts',(9.97980434405159,-21.1767311286856,6.44641135738294));
#5225=CARTESIAN_POINT('Ctrl Pts',(-3.13389264822539,-22.5388522352987,6.17219599202581));
#5226=CARTESIAN_POINT('Ctrl Pts',(-12.732673369423,-18.2093212209181,5.94479969637556));
#5227=CARTESIAN_POINT('Ctrl Pts',(-18.5624913960737,-12.2325701758609,5.76421884798321));
#5228=CARTESIAN_POINT('Ctrl Pts',(-21.7645285659415,-4.50769385923343,5.58363882016904));
#5229=CARTESIAN_POINT('Ctrl Pts',(-21.8924555439942,3.84437541175438,5.40305836784399));
#5230=CARTESIAN_POINT('Ctrl Pts',(-18.92491760428,11.6581867676083,5.22247814491873));
#5231=CARTESIAN_POINT('Ctrl Pts',(-13.2830439932996,17.8215614628761,5.0418978010616));
#5232=CARTESIAN_POINT('Ctrl Pts',(-5.76340832193616,21.4673289971762,4.86131753863578));
#5233=CARTESIAN_POINT('Ctrl Pts',(2.57069635168168,22.0781468363581,4.68073720525001));
#5234=CARTESIAN_POINT('Ctrl Pts',(10.5415246724687,19.5687115157044,4.5001569673437));
#5235=CARTESIAN_POINT('Ctrl Pts',(17.0223474227553,14.2932159464032,4.31957656178192));
#5236=CARTESIAN_POINT('Ctrl Pts',(21.0971828728254,6.99751042860191,4.13899646329307));
#5237=CARTESIAN_POINT('Ctrl Pts',(22.1900920821325,-1.28718720112482,3.95841576162998));
#5238=CARTESIAN_POINT('Ctrl Pts',(20.1465322513995,-9.39013415402852,3.77783621509045));
#5239=CARTESIAN_POINT('Ctrl Pts',(15.2555004517279,-16.1654517386425,3.59725437848791));
#5240=CARTESIAN_POINT('Ctrl Pts',(8.20799261677543,-20.6567221274107,3.41667710316784));
#5241=CARTESIAN_POINT('Ctrl Pts',(2.7365400285832,-21.703099020933,3.29628532330923));
#5242=CARTESIAN_POINT('Ctrl Pts',(0.000562197495165718,-21.7031695592868,
3.23609475852581));
#5243=CARTESIAN_POINT('Ctrl Pts',(-21.7353766483344,1.13758882340748,23.3942288964847));
#5244=CARTESIAN_POINT('Ctrl Pts',(-21.5919693280166,3.8776070405539,23.3340383317013));
#5245=CARTESIAN_POINT('Ctrl Pts',(-20.2574382677142,9.30219319658829,23.2136510520239));
#5246=CARTESIAN_POINT('Ctrl Pts',(-15.3904705648893,16.1248340410758,23.0330762495495));
#5247=CARTESIAN_POINT('Ctrl Pts',(-8.34887860969486,20.6683009145626,22.8524936824495));
#5248=CARTESIAN_POINT('Ctrl Pts',(-0.126869037922434,22.2904803593414,22.6719145246211));
#5249=CARTESIAN_POINT('Ctrl Pts',(8.11289374592634,20.7620318396403,22.491333632369));
#5250=CARTESIAN_POINT('Ctrl Pts',(15.2060375135507,16.2990198967024,22.3107536191307));
#5251=CARTESIAN_POINT('Ctrl Pts',(20.1498842416368,9.53224794979866,22.1301731497298));
#5252=CARTESIAN_POINT('Ctrl Pts',(22.2456624626747,1.41815634064153,21.9495929072489));
#5253=CARTESIAN_POINT('Ctrl Pts',(21.1972382338229,-6.89637685761805,21.7690125510329));
#5254=CARTESIAN_POINT('Ctrl Pts',(17.1525692830686,-14.2361659712615,21.5884322430347));
#5255=CARTESIAN_POINT('Ctrl Pts',(10.6838176287652,-19.5637441934787,21.4078519326278));
#5256=CARTESIAN_POINT('Ctrl Pts',(2.70435883188487,-22.1261681679678,21.2272715896435));
#5257=CARTESIAN_POINT('Ctrl Pts',(-5.65613066460586,-21.5611124782562,21.0466913453713));
#5258=CARTESIAN_POINT('Ctrl Pts',(-13.2195225404412,-17.948724314845,20.8661109099177));
#5259=CARTESIAN_POINT('Ctrl Pts',(-18.9098421927266,-11.7990541741364,20.6855308668715));
#5260=CARTESIAN_POINT('Ctrl Pts',(-22.2725014383997,-3.11373585942767,20.4848855146645));
#5261=CARTESIAN_POINT('Ctrl Pts',(-21.5244850120698,7.24345666851809,20.2641772359327));
#5262=CARTESIAN_POINT('Ctrl Pts',(-15.342858462553,16.7421955235878,20.0234021922343));
#5263=CARTESIAN_POINT('Ctrl Pts',(-5.34462194709102,22.0715165614792,19.7826292082251));
#5264=CARTESIAN_POINT('Ctrl Pts',(5.98432971574775,21.9064267964742,19.5418553796727));
#5265=CARTESIAN_POINT('Ctrl Pts',(15.8264564160037,16.2877198872433,19.3010819137714));
#5266=CARTESIAN_POINT('Ctrl Pts',(21.2301261578747,7.42028803185157,19.0803715465103));
#5267=CARTESIAN_POINT('Ctrl Pts',(22.2126041870332,-1.84134366406626,18.8797280954787));
#5268=CARTESIAN_POINT('Ctrl Pts',(19.9662093767809,-9.91288550115512,18.6991471047677));
#5269=CARTESIAN_POINT('Ctrl Pts',(14.8932118710044,-16.5851605938741,18.5185671320806));
#5270=CARTESIAN_POINT('Ctrl Pts',(7.71707317694122,-20.9123085564291,18.3379866390879));
#5271=CARTESIAN_POINT('Ctrl Pts',(-0.549993861899667,-22.2840723776373,
18.157406406084));
#5272=CARTESIAN_POINT('Ctrl Pts',(-8.74081474332402,-20.5060035142242,17.9768260704093));
#5273=CARTESIAN_POINT('Ctrl Pts',(-15.6923406890355,-15.8294359160019,17.7962457413187));
#5274=CARTESIAN_POINT('Ctrl Pts',(-20.9606215690872,-8.14776196478777,17.5956011014591));
#5275=CARTESIAN_POINT('Ctrl Pts',(-22.6133837823984,2.10088802460769,17.3748918304599));
#5276=CARTESIAN_POINT('Ctrl Pts',(-18.7791326601617,12.7721349082342,17.1341177349862));
#5277=CARTESIAN_POINT('Ctrl Pts',(-10.2753663029523,20.2460287923335,16.8933440236057));
#5278=CARTESIAN_POINT('Ctrl Pts',(2.02341570888303,22.9821709863625,16.6258179243846));
#5279=CARTESIAN_POINT('Ctrl Pts',(15.2479098506522,17.8520285413331,16.3315390064845));
#5280=CARTESIAN_POINT('Ctrl Pts',(23.0528978603296,4.45470304889555,16.0105067845049));
#5281=CARTESIAN_POINT('Ctrl Pts',(20.9870425752952,-9.57721372237554,15.7162271728741));
#5282=CARTESIAN_POINT('Ctrl Pts',(12.5417334367738,-18.9265231635272,15.4487023042783));
#5283=CARTESIAN_POINT('Ctrl Pts',(1.84322004865995,-22.6354616031405,15.2079277982005));
#5284=CARTESIAN_POINT('Ctrl Pts',(-9.32691402192485,-20.7059048667915,14.9671544754839));
#5285=CARTESIAN_POINT('Ctrl Pts',(-18.1684768892159,-13.6233599530943,14.7263804071522));
#5286=CARTESIAN_POINT('Ctrl Pts',(-22.4904356332949,-3.14838791308259,14.4856069532492));
#5287=CARTESIAN_POINT('Ctrl Pts',(-21.2116098037909,8.1099422073695,14.2448330294881));
#5288=CARTESIAN_POINT('Ctrl Pts',(-14.6530726921124,17.3494913017801,14.0040593538093));
#5289=CARTESIAN_POINT('Ctrl Pts',(-4.44615114206872,22.269839338367,13.7632855458391));
#5290=CARTESIAN_POINT('Ctrl Pts',(6.86733558823787,21.6460007790352,13.5225119983171));
#5291=CARTESIAN_POINT('Ctrl Pts',(16.4714656219401,15.6336883701959,13.2817378288615));
#5292=CARTESIAN_POINT('Ctrl Pts',(21.9745461736692,5.72869066932074,13.0409648824799));
#5293=CARTESIAN_POINT('Ctrl Pts',(22.0082896176159,-5.60166397225241,12.8001909840636));
#5294=CARTESIAN_POINT('Ctrl Pts',(16.5605654985709,-15.5378868779463,12.5594161017176));
#5295=CARTESIAN_POINT('Ctrl Pts',(6.99389853773998,-21.6066375899156,12.3186432883202));
#5296=CARTESIAN_POINT('Ctrl Pts',(-4.31942030998441,-22.2941136626592,12.0778693163743));
#5297=CARTESIAN_POINT('Ctrl Pts',(-14.5483102126781,-17.43588166467,11.8370958092561));
#5298=CARTESIAN_POINT('Ctrl Pts',(-21.1722421165503,-8.22902514728676,11.5963215938857));
#5299=CARTESIAN_POINT('Ctrl Pts',(-22.3450962490687,1.76181854103494,11.3823013055785));
#5300=CARTESIAN_POINT('Ctrl Pts',(-19.059015167334,12.4063995840096,11.141526497305));
#5301=CARTESIAN_POINT('Ctrl Pts',(-9.77451780751938,21.3540660053992,10.8740000196103));
#5302=CARTESIAN_POINT('Ctrl Pts',(3.09327227482663,22.5363064214981,10.6064754171583));
#5303=CARTESIAN_POINT('Ctrl Pts',(12.1354242613352,18.5474686130952,10.3924526262845));
#5304=CARTESIAN_POINT('Ctrl Pts',(19.427475686623,11.8415307077903,10.1784320569868));
#5305=CARTESIAN_POINT('Ctrl Pts',(23.0579667699236,0.825016240443502,9.93765725338109));
#5306=CARTESIAN_POINT('Ctrl Pts',(19.6812916924584,-11.3187269620258,9.67013249985708));
#5307=CARTESIAN_POINT('Ctrl Pts',(11.7746512341572,-19.4192069691914,9.42935794449305));
#5308=CARTESIAN_POINT('Ctrl Pts',(0.920023899444302,-22.6917095988551,9.18858459837967));
#5309=CARTESIAN_POINT('Ctrl Pts',(-10.1557033633155,-20.3104845505215,8.94781064197091));
#5310=CARTESIAN_POINT('Ctrl Pts',(-18.7057864241503,-12.8777860598112,8.70703697273791));
#5311=CARTESIAN_POINT('Ctrl Pts',(-22.6005919976707,-2.23199938976439,8.46626341466403));
#5312=CARTESIAN_POINT('Ctrl Pts',(-20.8626662077985,8.95679488698812,8.22548906270621));
#5313=CARTESIAN_POINT('Ctrl Pts',(-13.1757119155119,18.9376523424522,7.95796400954782));
#5314=CARTESIAN_POINT('Ctrl Pts',(0.266106743540923,23.4773122516695,7.6636826438254));
#5315=CARTESIAN_POINT('Ctrl Pts',(14.83396373754,18.1940347291886,7.34265239162304));
#5316=CARTESIAN_POINT('Ctrl Pts',(22.9360344011028,4.99691492584015,7.02162237592707));
#5317=CARTESIAN_POINT('Ctrl Pts',(21.0587085440465,-10.3737625671937,6.70058849183323));
#5318=CARTESIAN_POINT('Ctrl Pts',(10.0097528208451,-21.2364968127056,6.37955747867938));
#5319=CARTESIAN_POINT('Ctrl Pts',(-3.14128840503287,-22.6034087669347,6.10534211332224));
#5320=CARTESIAN_POINT('Ctrl Pts',(-12.7677670009649,-18.2621799900852,5.877945817672));
#5321=CARTESIAN_POINT('Ctrl Pts',(-18.6146392724785,-12.2687683202193,5.69736496927964));
#5322=CARTESIAN_POINT('Ctrl Pts',(-21.8263489512592,-4.5220605693448,5.51678494146547));
#5323=CARTESIAN_POINT('Ctrl Pts',(-21.9552163169392,3.85384248766409,5.33620448914043));
#5324=CARTESIAN_POINT('Ctrl Pts',(-18.9797449528345,11.6901640897943,5.15562426621517));
#5325=CARTESIAN_POINT('Ctrl Pts',(-13.3221900337929,17.871521765275,4.97504392235803));
#5326=CARTESIAN_POINT('Ctrl Pts',(-5.78133911997513,21.5282145723105,4.79446365993221));
#5327=CARTESIAN_POINT('Ctrl Pts',(2.57651455214719,22.1413499596276,4.61388332654645));
#5328=CARTESIAN_POINT('Ctrl Pts',(10.5702701765239,19.6252998357965,4.43330308864013));
#5329=CARTESIAN_POINT('Ctrl Pts',(17.0699562458374,14.3351906357364,4.25272268307836));
#5330=CARTESIAN_POINT('Ctrl Pts',(21.1569276284879,7.01893877955304,4.07214258458951));
#5331=CARTESIAN_POINT('Ctrl Pts',(22.2535248339159,-1.28933381010301,3.89156188292641));
#5332=CARTESIAN_POINT('Ctrl Pts',(20.2046938331352,-9.41555276925046,3.71098233638689));
#5333=CARTESIAN_POINT('Ctrl Pts',(15.3001571258754,-16.2105486174563,3.53040049978435));
#5334=CARTESIAN_POINT('Ctrl Pts',(8.23285899097562,-20.7151252140179,3.34982322446428));
#5335=CARTESIAN_POINT('Ctrl Pts',(2.74582665245045,-21.7648662735052,3.22943144460567));
#5336=CARTESIAN_POINT('Ctrl Pts',(0.00205818145141886,-21.765125824125,
3.16924087982225));
#5337=CARTESIAN_POINT('Ctrl Pts',(-21.7553247823585,1.13669226332465,23.3069355350737));
#5338=CARTESIAN_POINT('Ctrl Pts',(-21.6120300102191,3.87923352448663,23.2467449702903));
#5339=CARTESIAN_POINT('Ctrl Pts',(-20.2767645792281,9.30887816533704,23.1263576906128));
#5340=CARTESIAN_POINT('Ctrl Pts',(-15.4059595019865,16.1381902007673,22.9457828881386));
#5341=CARTESIAN_POINT('Ctrl Pts',(-8.35834258543555,20.6864289910616,22.7652003210385));
#5342=CARTESIAN_POINT('Ctrl Pts',(-0.12896955782111,22.3108237068408,22.5846211632101));
#5343=CARTESIAN_POINT('Ctrl Pts',(8.11845315995477,20.7817121938904,22.404040270958));
#5344=CARTESIAN_POINT('Ctrl Pts',(15.2184712819852,16.3152570444393,22.2234602577197));
#5345=CARTESIAN_POINT('Ctrl Pts',(20.1674348447561,9.54274612534362,22.0428797883188));
#5346=CARTESIAN_POINT('Ctrl Pts',(22.2658492583022,1.42143208185828,21.8622995458379));
#5347=CARTESIAN_POINT('Ctrl Pts',(21.2172080033502,-6.90078674503976,21.6817191896219));
#5348=CARTESIAN_POINT('Ctrl Pts',(17.1694992974968,-14.2476380954588,21.5011388816237));
#5349=CARTESIAN_POINT('Ctrl Pts',(10.6953152327038,-19.5806570633566,21.3205585712168));
#5350=CARTESIAN_POINT('Ctrl Pts',(2.7087983457409,-22.1461313075296,21.1399782282325));
#5351=CARTESIAN_POINT('Ctrl Pts',(-5.65937561949972,-21.581304108347,20.9593979839603));
#5352=CARTESIAN_POINT('Ctrl Pts',(-13.2299954858784,-17.9662907452745,20.7788175485067));
#5353=CARTESIAN_POINT('Ctrl Pts',(-18.9260586216667,-11.8115120106029,20.5982375054606));
#5354=CARTESIAN_POINT('Ctrl Pts',(-22.2925618475813,-3.11856188247742,20.3975921532535));
#5355=CARTESIAN_POINT('Ctrl Pts',(-21.5447844151252,7.24815428627811,20.1768838745217));
#5356=CARTESIAN_POINT('Ctrl Pts',(-15.3583595242321,16.756116710112,19.9361088308233));
#5357=CARTESIAN_POINT('Ctrl Pts',(-5.35146682637264,22.0911951976446,19.6953358468141));
#5358=CARTESIAN_POINT('Ctrl Pts',(5.9878433738029,21.9269626568251,19.4545620182618));
#5359=CARTESIAN_POINT('Ctrl Pts',(15.8394573615656,16.3040022128268,19.2137885523604));
#5360=CARTESIAN_POINT('Ctrl Pts',(21.2488515977779,7.42895352764604,18.9930781850993));
#5361=CARTESIAN_POINT('Ctrl Pts',(22.2330507943105,-1.84104692567724,18.7924347340677));
#5362=CARTESIAN_POINT('Ctrl Pts',(19.9853237681787,-9.92015959494756,18.6118537433567));
#5363=CARTESIAN_POINT('Ctrl Pts',(14.9082879133809,-16.5989787431912,18.4312737706696));
#5364=CARTESIAN_POINT('Ctrl Pts',(7.72598185443587,-20.9307170175872,18.2506932776769));
#5365=CARTESIAN_POINT('Ctrl Pts',(-0.548511882100168,-22.3044694756244,
18.070113044673));
#5366=CARTESIAN_POINT('Ctrl Pts',(-8.74697044009114,-20.5255063132046,17.8895327089983));
#5367=CARTESIAN_POINT('Ctrl Pts',(-15.7052601302639,-15.8452874599324,17.7089523799077));
#5368=CARTESIAN_POINT('Ctrl Pts',(-20.9790361664693,-8.15706796601765,17.5083077400481));
#5369=CARTESIAN_POINT('Ctrl Pts',(-22.6342191050499,2.10079299056071,17.2875984690489));
#5370=CARTESIAN_POINT('Ctrl Pts',(-18.7974184652175,12.782125046187,17.0468243735752));
#5371=CARTESIAN_POINT('Ctrl Pts',(-10.2865509349184,20.2636010863931,16.8060506621948));
#5372=CARTESIAN_POINT('Ctrl Pts',(2.02321662983012,23.0033369678865,16.5385245629736));
#5373=CARTESIAN_POINT('Ctrl Pts',(15.2602435070036,17.8696873106714,16.2442456450735));
#5374=CARTESIAN_POINT('Ctrl Pts',(23.073551677424,4.46082284782644,15.9232134230939));
#5375=CARTESIAN_POINT('Ctrl Pts',(21.007059059336,-9.58408973439844,15.6289338114631));
#5376=CARTESIAN_POINT('Ctrl Pts',(12.5548708541227,-18.9426889443705,15.3614089428673));
#5377=CARTESIAN_POINT('Ctrl Pts',(1.84691856164943,-22.6559663733183,15.1206344367895));
#5378=CARTESIAN_POINT('Ctrl Pts',(-9.33358700275247,-20.7256424586806,14.8798611140729));
#5379=CARTESIAN_POINT('Ctrl Pts',(-18.1838539635363,-13.63741746285,14.6390870457413));
#5380=CARTESIAN_POINT('Ctrl Pts',(-22.5106918739153,-3.15326533010159,14.3983135918382));
#5381=CARTESIAN_POINT('Ctrl Pts',(-21.2317007493946,8.11545892554854,14.1575396680771));
#5382=CARTESIAN_POINT('Ctrl Pts',(-14.6679975729219,17.3640288623098,13.9167659923983));
#5383=CARTESIAN_POINT('Ctrl Pts',(-4.45219390614706,22.2897785648599,13.6759921844282));
#5384=CARTESIAN_POINT('Ctrl Pts',(6.87167893484567,21.6663778071039,13.4352186369061));
#5385=CARTESIAN_POINT('Ctrl Pts',(16.4851141908342,15.6494303182329,13.1944444674505));
#5386=CARTESIAN_POINT('Ctrl Pts',(21.9941013955584,5.73587894824517,12.9536715210689));
#5387=CARTESIAN_POINT('Ctrl Pts',(22.0288847411615,-5.60482041154039,12.7128976226526));
#5388=CARTESIAN_POINT('Ctrl Pts',(16.5770712036555,-15.5505993799795,12.4721227403066));
#5389=CARTESIAN_POINT('Ctrl Pts',(7.00220798689814,-21.6257453535689,12.2313499269092));
#5390=CARTESIAN_POINT('Ctrl Pts',(-4.32137897668422,-22.314854900995,11.9905759549634));
#5391=CARTESIAN_POINT('Ctrl Pts',(-14.5600424878411,-17.4530988134196,11.7498024478451));
#5392=CARTESIAN_POINT('Ctrl Pts',(-21.1908419366071,-8.23842352373002,11.5090282324747));
#5393=CARTESIAN_POINT('Ctrl Pts',(-22.3656574882571,1.76143626300256,11.2950079441675));
#5394=CARTESIAN_POINT('Ctrl Pts',(-19.0775225482295,12.4160321850441,11.054233135894));
#5395=CARTESIAN_POINT('Ctrl Pts',(-9.78534431098743,21.3726945106658,10.7867066581994));
#5396=CARTESIAN_POINT('Ctrl Pts',(3.09408976687464,22.5571600556515,10.5191820557473));
#5397=CARTESIAN_POINT('Ctrl Pts',(12.1448535287393,18.5654859766681,10.3051592648736));
#5398=CARTESIAN_POINT('Ctrl Pts',(19.4441614787244,11.8540723120665,10.0911386955758));
#5399=CARTESIAN_POINT('Ctrl Pts',(23.0789480974022,0.827822975748806,9.85036389197012));
#5400=CARTESIAN_POINT('Ctrl Pts',(19.7002709593284,-11.3273100364346,9.58283913844609));
#5401=CARTESIAN_POINT('Ctrl Pts',(11.7871320530535,-19.4358906882106,9.34206458308207));
#5402=CARTESIAN_POINT('Ctrl Pts',(0.922884429889487,-22.7123480525849,9.10129123696869));
#5403=CARTESIAN_POINT('Ctrl Pts',(-10.163168316783,-20.3299348131528,8.86051728055991));
#5404=CARTESIAN_POINT('Ctrl Pts',(-18.7217205744566,-12.8912106257339,8.61974361132694));
#5405=CARTESIAN_POINT('Ctrl Pts',(-22.6210302963381,-2.23604985350091,8.37897005325304));
#5406=CARTESIAN_POINT('Ctrl Pts',(-20.882514169778,8.96311600517539,8.13819570129523));
#5407=CARTESIAN_POINT('Ctrl Pts',(-13.1894286362457,18.9537715753161,7.87067064813683));
#5408=CARTESIAN_POINT('Ctrl Pts',(0.264258690825547,23.4987740183035,7.57638928241441));
#5409=CARTESIAN_POINT('Ctrl Pts',(14.8458891063662,18.211968667386,7.25535903021206));
#5410=CARTESIAN_POINT('Ctrl Pts',(22.9565330493142,5.00352002421128,6.93432901451608));
#5411=CARTESIAN_POINT('Ctrl Pts',(21.0788615719571,-10.381359992942,6.61329513042226));
#5412=CARTESIAN_POINT('Ctrl Pts',(10.0207833727422,-21.2549971301919,6.29226411726838));
#5413=CARTESIAN_POINT('Ctrl Pts',(-3.14214359589215,-22.6243284128782,6.01804875191127));
#5414=CARTESIAN_POINT('Ctrl Pts',(-12.7777996368955,-18.2799923876699,5.790652456261));
#5415=CARTESIAN_POINT('Ctrl Pts',(-18.6305442997917,-12.2816287161498,5.61007160786867));
#5416=CARTESIAN_POINT('Ctrl Pts',(-21.8458765163861,-4.52813315745481,5.42949158005448));
#5417=CARTESIAN_POINT('Ctrl Pts',(-21.9756072939697,3.85540663503967,5.24891112772945));
#5418=CARTESIAN_POINT('Ctrl Pts',(-18.9981167253657,11.6991487275185,5.06833090480418));
#5419=CARTESIAN_POINT('Ctrl Pts',(-13.3359461086706,17.886654490204,4.88775056094705));
#5420=CARTESIAN_POINT('Ctrl Pts',(-5.78853508877087,21.5473577503978,4.70717029852123));
#5421=CARTESIAN_POINT('Ctrl Pts',(2.57689582505355,22.1617971848136,4.52658996513547));
#5422=CARTESIAN_POINT('Ctrl Pts',(10.5781746359828,19.6441613503074,4.34600972722915));
#5423=CARTESIAN_POINT('Ctrl Pts',(17.0842670213036,14.3498003559958,4.16542932166737));
#5424=CARTESIAN_POINT('Ctrl Pts',(21.1756212409557,7.02723173708983,3.98484922317853));
#5425=CARTESIAN_POINT('Ctrl Pts',(22.2739605366858,-1.28852967314548,3.80426852151542));
#5426=CARTESIAN_POINT('Ctrl Pts',(20.2239803086358,-9.4223513647908,3.62368897497591));
#5427=CARTESIAN_POINT('Ctrl Pts',(15.3155739984577,-16.2239884809891,3.44310713837336));
#5428=CARTESIAN_POINT('Ctrl Pts',(8.24221567823184,-20.7333078084368,3.2625298630533));
#5429=CARTESIAN_POINT('Ctrl Pts',(2.75028017710818,-21.7844955953517,3.14213808319469));
#5430=CARTESIAN_POINT('Ctrl Pts',(0.00399801628998328,-21.784999648916,
3.08194751841126));
#5431=CARTESIAN_POINT('Ctrl Pts',(-21.7553680113304,1.1358642927659,23.2695408815114));
#5432=CARTESIAN_POINT('Ctrl Pts',(-21.6121777507983,3.87840742344982,23.209350316728));
#5433=CARTESIAN_POINT('Ctrl Pts',(-20.2771185594498,9.30810872192225,23.0889630370506));
#5434=CARTESIAN_POINT('Ctrl Pts',(-15.4065736653463,16.1376026808614,22.9083882345763));
#5435=CARTESIAN_POINT('Ctrl Pts',(-8.35912977782588,20.6861113002259,22.7278056674762));
#5436=CARTESIAN_POINT('Ctrl Pts',(-0.129818685356537,22.3108183672974,22.5472265096478));
#5437=CARTESIAN_POINT('Ctrl Pts',(8.1176622024984,20.7820211731431,22.3666456173958));
#5438=CARTESIAN_POINT('Ctrl Pts',(15.2178502466408,16.3158360475469,22.1860656041574));
#5439=CARTESIAN_POINT('Ctrl Pts',(20.167071533355,9.54351363515191,22.0054851347565));
#5440=CARTESIAN_POINT('Ctrl Pts',(22.2657950111337,1.42227944916142,21.8249048922756));
#5441=CARTESIAN_POINT('Ctrl Pts',(21.2174704930678,-6.89997920048711,21.6443245360596));
#5442=CARTESIAN_POINT('Ctrl Pts',(17.170041421534,-14.2469845676276,21.4637442280614));
#5443=CARTESIAN_POINT('Ctrl Pts',(10.6960603637856,-19.5802498830564,21.2831639176546));
#5444=CARTESIAN_POINT('Ctrl Pts',(2.70964117021555,-22.1460280746215,21.1025835746702));
#5445=CARTESIAN_POINT('Ctrl Pts',(-5.65855424123809,-21.5815193377385,20.922003330398));
#5446=CARTESIAN_POINT('Ctrl Pts',(-13.2293116260102,-17.966794156224,20.7414228949444));
#5447=CARTESIAN_POINT('Ctrl Pts',(-18.9256089863503,-11.8122321764907,20.5608428518983));
#5448=CARTESIAN_POINT('Ctrl Pts',(-22.2924429732772,-3.11941041900948,20.3601974996912));
#5449=CARTESIAN_POINT('Ctrl Pts',(-21.5450601608097,7.24733429703743,20.1394892209594));
#5450=CARTESIAN_POINT('Ctrl Pts',(-15.3589969584305,16.7555322651919,19.898714177261));
#5451=CARTESIAN_POINT('Ctrl Pts',(-5.35230782081623,22.0909911752048,19.6579411932518));
#5452=CARTESIAN_POINT('Ctrl Pts',(5.98700893739518,21.9271905187045,19.4171673646994));
#5453=CARTESIAN_POINT('Ctrl Pts',(15.8388369022563,16.3046047432363,19.1763938987981));
#5454=CARTESIAN_POINT('Ctrl Pts',(21.2485685540925,7.42976236867325,18.955683531537));
#5455=CARTESIAN_POINT('Ctrl Pts',(22.2331208105132,-1.84020089911604,18.7550400805054));
#5456=CARTESIAN_POINT('Ctrl Pts',(19.9857011266166,-9.91939885096703,18.5744590897945));
#5457=CARTESIAN_POINT('Ctrl Pts',(14.9089195623103,-16.5984112875358,18.3938791171073));
#5458=CARTESIAN_POINT('Ctrl Pts',(7.72677838344661,-20.9304228241838,18.2132986241147));
#5459=CARTESIAN_POINT('Ctrl Pts',(-0.547663025317741,-22.304490206341,18.0327183911107));
#5460=CARTESIAN_POINT('Ctrl Pts',(-8.74618918201392,-20.5258390757017,17.852138055436));
#5461=CARTESIAN_POINT('Ctrl Pts',(-15.704657060225,-15.8458850435292,17.6715577263455));
#5462=CARTESIAN_POINT('Ctrl Pts',(-20.9787254060615,-8.15786643562666,17.4709130864859));
#5463=CARTESIAN_POINT('Ctrl Pts',(-22.6342991536371,2.09993152282816,17.2502038154866));
#5464=CARTESIAN_POINT('Ctrl Pts',(-18.7979044233592,12.7814097151725,17.0094297200129));
#5465=CARTESIAN_POINT('Ctrl Pts',(-10.2873223841515,20.2632094328024,16.7686560086325));
#5466=CARTESIAN_POINT('Ctrl Pts',(2.02234132160529,23.003413718452,16.5011299094113));
#5467=CARTESIAN_POINT('Ctrl Pts',(15.2595633401128,17.870267978386,16.2068509915112));
#5468=CARTESIAN_POINT('Ctrl Pts',(23.0733816233244,4.4617011741502,15.8858187695317));
#5469=CARTESIAN_POINT('Ctrl Pts',(21.007423698159,-9.58329039664937,15.5915391579008));
#5470=CARTESIAN_POINT('Ctrl Pts',(12.5555916730312,-18.9422109111734,15.324014289305));
#5471=CARTESIAN_POINT('Ctrl Pts',(1.84778080503314,-22.6558959783386,15.0832397832272));
#5472=CARTESIAN_POINT('Ctrl Pts',(-9.33279816684862,-20.7259975152335,14.8424664605106));
#5473=CARTESIAN_POINT('Ctrl Pts',(-18.1833348245544,-13.638109427067,14.601692392179));
#5474=CARTESIAN_POINT('Ctrl Pts',(-22.5105717164367,-3.15412201950114,14.3609189382759));
#5475=CARTESIAN_POINT('Ctrl Pts',(-21.2320094683071,8.11465083249151,14.1201450145148));
#5476=CARTESIAN_POINT('Ctrl Pts',(-14.6686583133139,17.363470504057,13.8793713388361));
#5477=CARTESIAN_POINT('Ctrl Pts',(-4.45304219279144,22.2896089867227,13.6385975308659));
#5478=CARTESIAN_POINT('Ctrl Pts',(6.87085432436544,21.6666391572866,13.3978239833438));
#5479=CARTESIAN_POINT('Ctrl Pts',(16.4845184559694,15.6500576781632,13.1570498138882));
#5480=CARTESIAN_POINT('Ctrl Pts',(21.9938830427568,5.73671567895673,12.9162768675067));
#5481=CARTESIAN_POINT('Ctrl Pts',(22.0290978764749,-5.60398155506823,12.6755029690903));
#5482=CARTESIAN_POINT('Ctrl Pts',(16.5776627735944,-15.549968808384,12.4347280867443));
#5483=CARTESIAN_POINT('Ctrl Pts',(7.00303126633171,-21.6254783078052,12.193955273347));
#5484=CARTESIAN_POINT('Ctrl Pts',(-4.3205298725229,-22.3150195050652,11.9531813014011));
#5485=CARTESIAN_POINT('Ctrl Pts',(-14.5593780195409,-17.4536525467518,11.7124077942829));
#5486=CARTESIAN_POINT('Ctrl Pts',(-21.1905284068587,-8.23923034809262,11.4716335789124));
#5487=CARTESIAN_POINT('Ctrl Pts',(-22.3657241691931,1.76058567973066,11.2576132906053));
#5488=CARTESIAN_POINT('Ctrl Pts',(-19.0779951731778,12.4153056068232,11.0168384823317));
#5489=CARTESIAN_POINT('Ctrl Pts',(-9.78615773897104,21.3723219979483,10.7493120046371));
#5490=CARTESIAN_POINT('Ctrl Pts',(3.09323144577435,22.5572777696845,10.481787402185));
#5491=CARTESIAN_POINT('Ctrl Pts',(12.1441470707715,18.5659477743953,10.2677646113113));
#5492=CARTESIAN_POINT('Ctrl Pts',(19.4437100044237,11.8548126675488,10.0537440420135));
#5493=CARTESIAN_POINT('Ctrl Pts',(23.0789164456662,0.828701172904893,9.81296923840786));
#5494=CARTESIAN_POINT('Ctrl Pts',(19.700701931729,-11.3265601720927,9.5454444848838));
#5495=CARTESIAN_POINT('Ctrl Pts',(11.7878716601948,-19.4354419750266,9.30466992951979));
#5496=CARTESIAN_POINT('Ctrl Pts',(0.923748823219277,-22.7123127722124,9.06389658340641));
#5497=CARTESIAN_POINT('Ctrl Pts',(-10.162394544801,-20.3303214689639,8.82312262699763));
#5498=CARTESIAN_POINT('Ctrl Pts',(-18.7212298055398,-12.8919230576249,8.58234895776466));
#5499=CARTESIAN_POINT('Ctrl Pts',(-22.6209450986367,-2.23691074269132,8.34157539969075));
#5500=CARTESIAN_POINT('Ctrl Pts',(-20.8828550469443,8.96232117715386,8.10080104773295));
#5501=CARTESIAN_POINT('Ctrl Pts',(-13.1901501276814,18.9532694992496,7.83327599457455));
#5502=CARTESIAN_POINT('Ctrl Pts',(0.263364644913728,23.4987837694425,7.53899462885214));
#5503=CARTESIAN_POINT('Ctrl Pts',(14.8451958495143,18.2125336770404,7.21796437664977));
#5504=CARTESIAN_POINT('Ctrl Pts',(22.9563424240334,5.00439363822403,6.89693436095381));
#5505=CARTESIAN_POINT('Ctrl Pts',(21.0792564721259,-10.3805577270324,6.57590047685996));
#5506=CARTESIAN_POINT('Ctrl Pts',(10.0215924400168,-21.2546156071649,6.25486946370612));
#5507=CARTESIAN_POINT('Ctrl Pts',(-3.14128279545802,-22.6244477576667,5.98065409834897));
#5508=CARTESIAN_POINT('Ctrl Pts',(-12.7771037938512,-18.2804786000133,5.75325780269873));
#5509=CARTESIAN_POINT('Ctrl Pts',(-18.6300767833789,-12.2823376595721,5.57267695430637));
#5510=CARTESIAN_POINT('Ctrl Pts',(-21.8457040255072,-4.52896455013461,5.39209692649221));
#5511=CARTESIAN_POINT('Ctrl Pts',(-21.9757538840593,3.85457026327392,5.21151647416717));
#5512=CARTESIAN_POINT('Ctrl Pts',(-18.9985618404654,11.6984256138753,5.0309362512419));
#5513=CARTESIAN_POINT('Ctrl Pts',(-13.3366267591642,17.8861468303207,4.85035590738477));
#5514=CARTESIAN_POINT('Ctrl Pts',(-5.78935509154998,21.5471373052622,4.66977564495895));
#5515=CARTESIAN_POINT('Ctrl Pts',(2.57605235085,22.1618951079285,4.48919531157319));
#5516=CARTESIAN_POINT('Ctrl Pts',(10.577426983509,19.6445638063004,4.30861507366686));
#5517=CARTESIAN_POINT('Ctrl Pts',(17.0837207056462,14.3504504520986,4.1280346681051));
#5518=CARTESIAN_POINT('Ctrl Pts',(21.1753538011334,7.02803760175684,3.94745456961624));
#5519=CARTESIAN_POINT('Ctrl Pts',(22.2740091443891,-1.28768197230072,3.76687386795314));
#5520=CARTESIAN_POINT('Ctrl Pts',(20.2243393218426,-9.42158158857612,3.58629432141362));
#5521=CARTESIAN_POINT('Ctrl Pts',(15.316190259647,-16.2234055418453,3.40571248481108));
#5522=CARTESIAN_POINT('Ctrl Pts',(8.24300701229186,-20.7329938770426,3.22513520949101));
#5523=CARTESIAN_POINT('Ctrl Pts',(2.75110567001035,-21.7843909455098,3.1047434296324));
#5524=CARTESIAN_POINT('Ctrl Pts',(0.0048271145690931,-21.7849994652046,
3.04455286484898));
#5525=CARTESIAN_POINT('',(-21.7553680113304,1.13586429276646,23.2695408815114));
#5526=CARTESIAN_POINT('Ctrl Pts',(-21.78272035831,-4.36934155816082E-5,
20.294445707233));
#5527=CARTESIAN_POINT('Ctrl Pts',(-21.7835809530374,-1.30537631443344,20.3230511920479));
#5528=CARTESIAN_POINT('Ctrl Pts',(-21.4257124929312,-5.35722006649392,20.4118500145384));
#5529=CARTESIAN_POINT('Ctrl Pts',(-18.9256089863503,-11.8122321764907,20.5608428518983));
#5530=CARTESIAN_POINT('Ctrl Pts',(-13.2293116260102,-17.966794156224,20.7414228949444));
#5531=CARTESIAN_POINT('Ctrl Pts',(-5.65855424123809,-21.5815193377385,20.922003330398));
#5532=CARTESIAN_POINT('Ctrl Pts',(2.70964117021555,-22.1460280746215,21.1025835746702));
#5533=CARTESIAN_POINT('Ctrl Pts',(10.6960603637856,-19.5802498830564,21.2831639176546));
#5534=CARTESIAN_POINT('Ctrl Pts',(17.170041421534,-14.2469845676276,21.4637442280614));
#5535=CARTESIAN_POINT('Ctrl Pts',(21.2174704930678,-6.89997920048711,21.6443245360596));
#5536=CARTESIAN_POINT('Ctrl Pts',(22.2657950111337,1.42227944916142,21.8249048922756));
#5537=CARTESIAN_POINT('Ctrl Pts',(20.167071533355,9.54351363515191,22.0054851347565));
#5538=CARTESIAN_POINT('Ctrl Pts',(15.2178502466408,16.3158360475469,22.1860656041574));
#5539=CARTESIAN_POINT('Ctrl Pts',(8.1176622024984,20.7820211731431,22.3666456173958));
#5540=CARTESIAN_POINT('Ctrl Pts',(-0.129818685356537,22.3108183672974,22.5472265096478));
#5541=CARTESIAN_POINT('Ctrl Pts',(-8.35912977782588,20.6861113002259,22.7278056674762));
#5542=CARTESIAN_POINT('Ctrl Pts',(-15.4065736653463,16.1376026808614,22.9083882345763));
#5543=CARTESIAN_POINT('Ctrl Pts',(-20.2771185594498,9.30810872192225,23.0889630370506));
#5544=CARTESIAN_POINT('Ctrl Pts',(-21.6121777507983,3.87840742344982,23.209350316728));
#5545=CARTESIAN_POINT('Ctrl Pts',(-21.7553680113304,1.1358642927659,23.2695408815114));
#5546=CARTESIAN_POINT('',(-21.6302639970581,1.13413846612949,23.4860077912662));
#5547=CARTESIAN_POINT('Origin',(-21.5057080616939,1.12282935711332,23.2695408815114));
#5548=CARTESIAN_POINT('Ctrl Pts',(-21.6302639970581,1.13413846612949,23.4860077912662));
#5549=CARTESIAN_POINT('Ctrl Pts',(-21.4872912991057,3.86091063146889,23.4258172264828));
#5550=CARTESIAN_POINT('Ctrl Pts',(-20.1586977879271,9.25915682042989,23.3054299468054));
#5551=CARTESIAN_POINT('Ctrl Pts',(-15.3146002948154,16.0483833818437,23.1248551443311));
#5552=CARTESIAN_POINT('Ctrl Pts',(-8.30659952285185,20.5692355604117,22.944272577231));
#5553=CARTESIAN_POINT('Ctrl Pts',(-0.124158403624944,22.1828054708648,22.7636934194026));
#5554=CARTESIAN_POINT('Ctrl Pts',(8.07565349223874,20.6609650370945,22.5831125271506));
#5555=CARTESIAN_POINT('Ctrl Pts',(15.1341097127521,16.2188470609366,22.4025325139122));
#5556=CARTESIAN_POINT('Ctrl Pts',(20.0534354853709,9.48430056528363,22.2219520445114));
#5557=CARTESIAN_POINT('Ctrl Pts',(22.1383252427308,1.40921167092001,22.0413718020304));
#5558=CARTESIAN_POINT('Ctrl Pts',(21.0941835844611,-6.86505469015645,21.8607914458144));
#5559=CARTESIAN_POINT('Ctrl Pts',(17.0683640509603,-14.1690040076105,21.6802111378162));
#5560=CARTESIAN_POINT('Ctrl Pts',(10.6303621247885,-19.4702355122728,21.4996308274094));
#5561=CARTESIAN_POINT('Ctrl Pts',(2.6892116254205,-22.0195292633238,21.319050484425));
#5562=CARTESIAN_POINT('Ctrl Pts',(-5.63083445551739,-21.4564166535182,21.1384702401528));
#5563=CARTESIAN_POINT('Ctrl Pts',(-13.1573470088544,-17.8607684336561,20.9578898046992));
#5564=CARTESIAN_POINT('Ctrl Pts',(-18.819597492852,-11.7402724646638,20.7773097616531));
#5565=CARTESIAN_POINT('Ctrl Pts',(-22.1651941642639,-3.09659695743513,20.576664409446));
#5566=CARTESIAN_POINT('Ctrl Pts',(-21.4198166942178,7.21048849098074,20.3559561307143));
#5567=CARTESIAN_POINT('Ctrl Pts',(-15.2671604951099,16.6627561947897,20.1151810870158));
#5568=CARTESIAN_POINT('Ctrl Pts',(-5.31672417154617,21.9653904208236,19.8744081030066));
#5569=CARTESIAN_POINT('Ctrl Pts',(5.95748030860438,21.8000316708411,19.6336342744543));
#5570=CARTESIAN_POINT('Ctrl Pts',(15.7515300596774,16.2075434045457,19.3928608085529));
#5571=CARTESIAN_POINT('Ctrl Pts',(21.1282601322438,7.38244182728895,19.1721504412918));
#5572=CARTESIAN_POINT('Ctrl Pts',(22.1051198080789,-1.83453814666411,18.9715069902602));
#5573=CARTESIAN_POINT('Ctrl Pts',(19.8688181237857,-9.86687456175098,18.7909259995493));
#5574=CARTESIAN_POINT('Ctrl Pts',(14.8197007023384,-16.506437776686,18.6103460268621));
#5575=CARTESIAN_POINT('Ctrl Pts',(7.67782336109612,-20.8120056715763,18.4297655338694));
#5576=CARTESIAN_POINT('Ctrl Pts',(-0.549433854174814,-22.1763643724339,
18.2491853008655));
#5577=CARTESIAN_POINT('Ctrl Pts',(-8.70051692459954,-20.4061146957955,18.0686049651908));
#5578=CARTESIAN_POINT('Ctrl Pts',(-15.6180192143499,-15.7514858521372,17.8880246361003));
#5579=CARTESIAN_POINT('Ctrl Pts',(-20.8601260177539,-8.10642676309941,17.6873799962407));
#5580=CARTESIAN_POINT('Ctrl Pts',(-22.5039385731475,2.09286656254175,17.4666707252414));
#5581=CARTESIAN_POINT('Ctrl Pts',(-18.6872076461922,12.7121987015829,17.2258966297677));
#5582=CARTESIAN_POINT('Ctrl Pts',(-10.2238194255852,20.1491855177549,16.9851229183873));
#5583=CARTESIAN_POINT('Ctrl Pts',(2.01580296940305,22.8709518880237,16.7175968191661));
#5584=CARTESIAN_POINT('Ctrl Pts',(15.1759258692669,17.7643489374019,16.4233179012661));
#5585=CARTESIAN_POINT('Ctrl Pts',(22.9419467350764,4.43101227627413,16.1022856792864));
#5586=CARTESIAN_POINT('Ctrl Pts',(20.8847510901884,-9.53292012324038,15.8080060676556));
#5587=CARTESIAN_POINT('Ctrl Pts',(12.4793621731798,-18.8362679075621,15.5404811990598));
#5588=CARTESIAN_POINT('Ctrl Pts',(1.83218513763991,-22.5262811669516,15.299706692982));
#5589=CARTESIAN_POINT('Ctrl Pts',(-9.28380346462231,-20.6049951939348,15.0589333702654));
#5590=CARTESIAN_POINT('Ctrl Pts',(-18.0819854883665,-13.5558345584474,14.8181593019338));
#5591=CARTESIAN_POINT('Ctrl Pts',(-22.3820787166491,-3.13106129297411,14.5773858480307));
#5592=CARTESIAN_POINT('Ctrl Pts',(-21.1083715187122,8.07275854051108,14.3366119242697));
#5593=CARTESIAN_POINT('Ctrl Pts',(-14.5806497607845,17.2670533968114,14.0958382485909));
#5594=CARTESIAN_POINT('Ctrl Pts',(-4.4225756601565,22.1626702518023,13.8550644406207));
#5595=CARTESIAN_POINT('Ctrl Pts',(6.8361959168148,21.5407808920018,13.6142908930987));
#5596=CARTESIAN_POINT('Ctrl Pts',(16.3933618533287,15.5566105276934,13.373516723643));
#5597=CARTESIAN_POINT('Ctrl Pts',(21.8689242788497,5.69894731169469,13.1327437772615));
#5598=CARTESIAN_POINT('Ctrl Pts',(21.9014385676447,-5.57667356646105,12.8919698788451));
#5599=CARTESIAN_POINT('Ctrl Pts',(16.4790979983983,-15.4643799329357,12.6511949964992));
#5600=CARTESIAN_POINT('Ctrl Pts',(6.9580766929243,-21.5029127934622,12.4104221831018));
#5601=CARTESIAN_POINT('Ctrl Pts',(-4.30065058728578,-22.1860020505263,12.1696482111559));
#5602=CARTESIAN_POINT('Ctrl Pts',(-14.4796671193927,-17.3502787128103,11.9288747040377));
#5603=CARTESIAN_POINT('Ctrl Pts',(-21.0707314090122,-8.18727706721304,11.6881004886672));
#5604=CARTESIAN_POINT('Ctrl Pts',(-22.236979697685,1.75540905158155,11.4740802003601));
#5605=CARTESIAN_POINT('Ctrl Pts',(-18.9657716145394,12.3482573662122,11.2333053920865));
#5606=CARTESIAN_POINT('Ctrl Pts',(-9.72528661130678,21.251822489679,10.9657789143919));
#5607=CARTESIAN_POINT('Ctrl Pts',(3.08044898170964,22.4271403818981,10.6982543119398));
#5608=CARTESIAN_POINT('Ctrl Pts',(12.0785421972844,18.4567225875429,10.4842315210661));
#5609=CARTESIAN_POINT('Ctrl Pts',(19.3347345167458,11.7824944449869,10.2702109517683));
#5610=CARTESIAN_POINT('Ctrl Pts',(22.9466494138204,0.818860795436048,10.0294361481626));
#5611=CARTESIAN_POINT('Ctrl Pts',(19.5851445265364,-11.2658974147187,9.76191139463863));
#5612=CARTESIAN_POINT('Ctrl Pts',(11.7159394327176,-19.3264991898158,9.52113683927458));
#5613=CARTESIAN_POINT('Ctrl Pts',(0.913443734279439,-22.5821706138494,9.28036349316122));
#5614=CARTESIAN_POINT('Ctrl Pts',(-10.1085516291098,-20.2114071605494,9.03958953675243));
#5615=CARTESIAN_POINT('Ctrl Pts',(-18.6166291061487,-12.8138120402573,8.79881586751946));
#5616=CARTESIAN_POINT('Ctrl Pts',(-22.4916165983708,-2.21908956360694,8.55804230944556));
#5617=CARTESIAN_POINT('Ctrl Pts',(-20.7610341413919,8.91548719453937,8.31726795748774));
#5618=CARTESIAN_POINT('Ctrl Pts',(-13.1102764688123,18.847402828912,8.04974290432937));
#5619=CARTESIAN_POINT('Ctrl Pts',(0.267030171024361,23.3638665335399,7.75546153860693));
#5620=CARTESIAN_POINT('Ctrl Pts',(14.7640118322151,18.1047416661758,7.43443128640459));
#5621=CARTESIAN_POINT('Ctrl Pts',(22.8256987817737,4.97061602003585,7.1134012707086));
#5622=CARTESIAN_POINT('Ctrl Pts',(20.9559959723494,-10.3256277721217,6.79236738661477));
#5623=CARTESIAN_POINT('Ctrl Pts',(9.95939608733541,-21.1348434825134,6.47133637346092));
#5624=CARTESIAN_POINT('Ctrl Pts',(-3.1282393634146,-22.4939142960911,6.19712100810378));
#5625=CARTESIAN_POINT('Ctrl Pts',(-12.7078034987884,-18.1727522715487,5.96972471245354));
#5626=CARTESIAN_POINT('Ctrl Pts',(-18.5258649133967,-12.2077451266276,5.78914386406118));
#5627=CARTESIAN_POINT('Ctrl Pts',(-21.7213295816982,-4.49816009593614,5.60856383624701));
#5628=CARTESIAN_POINT('Ctrl Pts',(-21.8487861251843,3.83729037121214,5.42798338392197));
#5629=CARTESIAN_POINT('Ctrl Pts',(-18.8869520831592,11.6354740384168,5.2474031609967));
#5630=CARTESIAN_POINT('Ctrl Pts',(-13.2561475685781,17.7864366330943,5.06682281713958));
#5631=CARTESIAN_POINT('Ctrl Pts',(-5.75138304908764,21.4247540062233,4.88624255471375));
#5632=CARTESIAN_POINT('Ctrl Pts',(2.56615086488444,22.0341407548408,4.70566222132799));
#5633=CARTESIAN_POINT('Ctrl Pts',(10.521051124081,19.5294936171885,4.52508198342166));
#5634=CARTESIAN_POINT('Ctrl Pts',(16.9888389750875,14.264329721494,4.3445015778599));
#5635=CARTESIAN_POINT('Ctrl Pts',(21.0553770545802,6.98303868338997,4.16392147937105));
#5636=CARTESIAN_POINT('Ctrl Pts',(22.1458952087328,-1.28519912681743,3.98334077770795));
#5637=CARTESIAN_POINT('Ctrl Pts',(20.1061964506867,-9.37196684008382,3.80276123116842));
#5638=CARTESIAN_POINT('Ctrl Pts',(15.2247166952411,-16.1336739091277,3.62217939456589));
#5639=CARTESIAN_POINT('Ctrl Pts',(8.19113285574813,-20.6158234959439,3.44160211924582));
#5640=CARTESIAN_POINT('Ctrl Pts',(2.73051783257853,-21.6599766999594,3.32121033938721));
#5641=CARTESIAN_POINT('Ctrl Pts',(-5.55111512312578E-15,-21.6599766999594,
3.26101977460379));
#5642=CARTESIAN_POINT('Ctrl Pts',(-20.2594752340198,-1.40569828171793,24.3245535975308));
#5643=CARTESIAN_POINT('Ctrl Pts',(-20.6106596941921,-1.20164329776909,24.1250806169499));
#5644=CARTESIAN_POINT('Ctrl Pts',(-21.350864816305,-0.52929776559417,23.7050357059204));
#5645=CARTESIAN_POINT('Ctrl Pts',(-21.6619873313638,0.529111728746658,23.4993631062043));
#5646=CARTESIAN_POINT('Ctrl Pts',(-21.6302639970581,1.13413846612949,23.4860077912662));
#5647=CARTESIAN_POINT('Ctrl Pts',(-20.2832277686695,-1.4612396132139,24.3099173898281));
#5648=CARTESIAN_POINT('Ctrl Pts',(-20.6400146371554,-1.25077554168463,24.107568338221));
#5649=CARTESIAN_POINT('Ctrl Pts',(-21.3910543635308,-0.561165571101016,
23.6822993757386));
#5650=CARTESIAN_POINT('Ctrl Pts',(-21.7059486514429,0.518616867430871,23.4745831558231));
#5651=CARTESIAN_POINT('Ctrl Pts',(-21.6734270425589,1.1358386620021,23.4610827751883));
#5652=CARTESIAN_POINT('Ctrl Pts',(-20.3033119261501,-1.55732837483347,24.2476130325472));
#5653=CARTESIAN_POINT('Ctrl Pts',(-20.6720405300884,-1.33619861407148,24.0439771938703));
#5654=CARTESIAN_POINT('Ctrl Pts',(-21.4460543822699,-0.617284544129516,
23.6164357773919));
#5655=CARTESIAN_POINT('Ctrl Pts',(-21.7691366908278,0.499475914384641,23.4077844040516));
#5656=CARTESIAN_POINT('Ctrl Pts',(-21.7353781938277,1.1375889213517,23.3942296735798));
#5657=CARTESIAN_POINT('Ctrl Pts',(-20.2772695102106,-1.60834224816966,24.1499206585667));
#5658=CARTESIAN_POINT('Ctrl Pts',(-20.6567971945083,-1.38570098132522,23.9492062695074));
#5659=CARTESIAN_POINT('Ctrl Pts',(-21.4550304275001,-0.656467385665178,
23.5269201024691));
#5660=CARTESIAN_POINT('Ctrl Pts',(-21.7895540572945,0.484585884176476,23.3203503515233));
#5661=CARTESIAN_POINT('Ctrl Pts',(-21.7553247823585,1.13669226332457,23.3069355350737));
#5662=CARTESIAN_POINT('Ctrl Pts',(-20.2594486156916,-1.6186311464174,24.1080921115674));
#5663=CARTESIAN_POINT('Ctrl Pts',(-20.6425206197952,-1.39746442172917,23.9086176458988));
#5664=CARTESIAN_POINT('Ctrl Pts',(-21.4499398158386,-0.668474073347894,
23.4885699135826));
#5665=CARTESIAN_POINT('Ctrl Pts',(-21.7896301972445,0.479635843483002,23.2828961964495));
#5666=CARTESIAN_POINT('Ctrl Pts',(-21.7553680113304,1.13586429276582,23.2695408815114));
#5667=CARTESIAN_POINT('',(-20.2594486156916,-1.61863114641741,24.1080921115674));
#5668=CARTESIAN_POINT('Ctrl Pts',(-21.7553680113304,1.13586429276582,23.2695408815114));
#5669=CARTESIAN_POINT('Ctrl Pts',(-21.7896301972445,0.479635843483002,23.2828961964495));
#5670=CARTESIAN_POINT('Ctrl Pts',(-21.4499398158386,-0.668474073347894,
23.4885699135826));
#5671=CARTESIAN_POINT('Ctrl Pts',(-20.6425206197952,-1.39746442172917,23.9086176458988));
#5672=CARTESIAN_POINT('Ctrl Pts',(-20.2594486156916,-1.6186311464174,24.1080921115674));
#5673=CARTESIAN_POINT('',(-20.2594752340198,-1.40569828171793,24.3245535975308));
#5674=CARTESIAN_POINT('Origin',(-20.1344486156916,-1.40212479547129,24.1080921115674));
#5675=CARTESIAN_POINT('Ctrl Pts',(-20.2594752340198,-1.40569828171793,24.3245535975308));
#5676=CARTESIAN_POINT('Ctrl Pts',(-20.6106596941921,-1.20164329776909,24.1250806169499));
#5677=CARTESIAN_POINT('Ctrl Pts',(-21.350864816305,-0.52929776559417,23.7050357059204));
#5678=CARTESIAN_POINT('Ctrl Pts',(-21.6619873313638,0.529111728746658,23.4993631062043));
#5679=CARTESIAN_POINT('Ctrl Pts',(-21.6302639970581,1.13413846612949,23.4860077912662));
#5680=CARTESIAN_POINT('Ctrl Pts',(-20.2594486156916,-1.6186311464174,24.1080921115674));
#5681=CARTESIAN_POINT('Ctrl Pts',(-20.2524294197287,-1.62268368109607,24.1120794474847));
#5682=CARTESIAN_POINT('Ctrl Pts',(-20.2454099583843,-1.62673636899283,24.1160661605085));
#5683=CARTESIAN_POINT('Ctrl Pts',(-20.2383902308678,-1.63078921056413,24.1200522485402));
#5684=CARTESIAN_POINT('Ctrl Pts',(-20.2832098083836,-1.60491261542041,24.1638635075665));
#5685=CARTESIAN_POINT('Ctrl Pts',(-20.2761863645654,-1.60896747725771,24.1678482294296));
#5686=CARTESIAN_POINT('Ctrl Pts',(-20.2691628810239,-1.61302273820277,24.1718324413481));
#5687=CARTESIAN_POINT('Ctrl Pts',(-20.2621388952473,-1.6170779127917,24.1758159117275));
#5688=CARTESIAN_POINT('Ctrl Pts',(-20.3033136387267,-1.54419834475624,24.2609607725509));
#5689=CARTESIAN_POINT('Ctrl Pts',(-20.2962862656798,-1.54826295749841,24.2649412060129));
#5690=CARTESIAN_POINT('Ctrl Pts',(-20.2892585446383,-1.55232767310757,24.2689209682312));
#5691=CARTESIAN_POINT('Ctrl Pts',(-20.2822306166889,-1.55639261757931,24.2729001441841));
#5692=CARTESIAN_POINT('Ctrl Pts',(-20.2772896350071,-1.44735428033988,24.3135764417538));
#5693=CARTESIAN_POINT('Ctrl Pts',(-20.2702667735632,-1.45142988325384,24.3175604698639));
#5694=CARTESIAN_POINT('Ctrl Pts',(-20.2632436549396,-1.45550559324557,24.3215439447333));
#5695=CARTESIAN_POINT('Ctrl Pts',(-20.2562202404702,-1.45958155025631,24.325526720136));
#5696=CARTESIAN_POINT('Ctrl Pts',(-20.2594752340199,-1.4056982817179,24.3245535975308));
#5697=CARTESIAN_POINT('Ctrl Pts',(-20.2524553359746,-1.40977717855248,24.3285409037623));
#5698=CARTESIAN_POINT('Ctrl Pts',(-20.2454351634845,-1.41385625612032,24.3325275870618));
#5699=CARTESIAN_POINT('Ctrl Pts',(-20.2384147157042,-1.4179355149501,24.3365136453306));
#5700=CARTESIAN_POINT('',(-20.2383902308678,-1.63078921056413,24.1200522485402));
#5701=CARTESIAN_POINT('',(-20.2384147157042,-1.41793551495008,24.3365136453305));
#5702=CARTESIAN_POINT('Origin',(-20.1133902308678,-1.414282859618,24.1200522485402));
#5703=CARTESIAN_POINT('Ctrl Pts',(-20.2384147157042,-1.4179355149501,24.3365136453306));
#5704=CARTESIAN_POINT('Ctrl Pts',(-20.2454351634845,-1.41385625612032,24.3325275870618));
#5705=CARTESIAN_POINT('Ctrl Pts',(-20.2524553359746,-1.40977717855248,24.3285409037623));
#5706=CARTESIAN_POINT('Ctrl Pts',(-20.2594752340199,-1.4056982817179,24.3245535975308));
#5707=CARTESIAN_POINT('Ctrl Pts',(-20.2594486156916,-1.6186311464174,24.1080921115674));
#5708=CARTESIAN_POINT('Ctrl Pts',(-20.2524294197287,-1.62268368109607,24.1120794474847));
#5709=CARTESIAN_POINT('Ctrl Pts',(-20.2454099583843,-1.62673636899283,24.1160661605085));
#5710=CARTESIAN_POINT('Ctrl Pts',(-20.2383902308678,-1.63078921056413,24.1200522485402));
#5711=CARTESIAN_POINT('Ctrl Pts',(-20.2383902308678,-1.63078921056411,24.1200522485402));
#5712=CARTESIAN_POINT('Ctrl Pts',(-20.1658136561434,-1.67269131551809,24.1612641923385));
#5713=CARTESIAN_POINT('Ctrl Pts',(-20.0346305413368,-1.74842992216484,24.2801872024505));
#5714=CARTESIAN_POINT('Ctrl Pts',(-19.9763620579833,-1.78207124671426,24.4638846615996));
#5715=CARTESIAN_POINT('Ctrl Pts',(-19.9763620579833,-1.78207124671426,24.5572740074048));
#5716=CARTESIAN_POINT('Ctrl Pts',(-20.2621388952474,-1.61707791279168,24.1758159117275));
#5717=CARTESIAN_POINT('Ctrl Pts',(-20.1948676388818,-1.65580521005187,24.2095297375725));
#5718=CARTESIAN_POINT('Ctrl Pts',(-20.0719086735156,-1.72685133724325,24.311325011209));
#5719=CARTESIAN_POINT('Ctrl Pts',(-20.0164884263833,-1.75890681564616,24.4743387997596));
#5720=CARTESIAN_POINT('Ctrl Pts',(-20.0163021635086,-1.75901181603778,24.5572740074048));
#5721=CARTESIAN_POINT('Ctrl Pts',(-20.2822305211554,-1.55639254133538,24.2729000534649));
#5722=CARTESIAN_POINT('Ctrl Pts',(-20.2272292890094,-1.59471093232164,24.2938272020296));
#5723=CARTESIAN_POINT('Ctrl Pts',(-20.1234171572153,-1.66564215691791,24.3657868581572));
#5724=CARTESIAN_POINT('Ctrl Pts',(-20.0750143883618,-1.69837475566074,24.4925843453345));
#5725=CARTESIAN_POINT('Ctrl Pts',(-20.0746186070185,-1.6988551620073,24.5572740074048));
#5726=CARTESIAN_POINT('Ctrl Pts',(-20.2562202404702,-1.45958155025627,24.3255267201361));
#5727=CARTESIAN_POINT('Ctrl Pts',(-20.2138290830492,-1.50275015786113,24.3447825269836));
#5728=CARTESIAN_POINT('Ctrl Pts',(-20.1346852132792,-1.58193922798802,24.4054356823508));
#5729=CARTESIAN_POINT('Ctrl Pts',(-20.0980989533777,-1.6187577000809,24.5061192390671));
#5730=CARTESIAN_POINT('Ctrl Pts',(-20.0978688104425,-1.61970203656846,24.5572740074048));
#5731=CARTESIAN_POINT('Ctrl Pts',(-20.2384147157042,-1.41793551495006,24.3365136453306));
#5732=CARTESIAN_POINT('Ctrl Pts',(-20.2004416433993,-1.4630201501796,24.3576854812203));
#5733=CARTESIAN_POINT('Ctrl Pts',(-20.1315417925023,-1.54556626052691,24.4181948438874));
#5734=CARTESIAN_POINT('Ctrl Pts',(-20.1006761932381,-1.58410442419122,24.5105531609252));
#5735=CARTESIAN_POINT('Ctrl Pts',(-20.100588217502,-1.58521995647934,24.5572740074048));
#5736=CARTESIAN_POINT('Ctrl Pts',(-20.100588217502,-1.58521995647934,24.5572740074048));
#5737=CARTESIAN_POINT('Ctrl Pts',(-20.1006761932381,-1.58410442419122,24.5105531609252));
#5738=CARTESIAN_POINT('Ctrl Pts',(-20.1315417925023,-1.54556626052691,24.4181948438874));
#5739=CARTESIAN_POINT('Ctrl Pts',(-20.2004416433993,-1.4630201501796,24.3576854812203));
#5740=CARTESIAN_POINT('Ctrl Pts',(-20.2384147157042,-1.41793551495006,24.3365136453306));
#5741=CARTESIAN_POINT('Ctrl Pts',(-20.2383902308678,-1.63078921056411,24.1200522485402));
#5742=CARTESIAN_POINT('Ctrl Pts',(-20.1831596788701,-1.66267658462748,24.1514144120692));
#5743=CARTESIAN_POINT('Ctrl Pts',(-20.131974264662,-1.69222849729913,24.1933451950437));
#5744=CARTESIAN_POINT('Ctrl Pts',(-20.0897891256394,-1.7165840986696,24.244938528853));
#5745=CARTESIAN_POINT('Origin',(0.,0.,2.5));
#5746=CARTESIAN_POINT('Origin',(-22.285,-2.72912539189988E-15,2.5));
#5747=CARTESIAN_POINT('Origin',(0.,0.,13.15));
#5748=CARTESIAN_POINT('',(-21.7553680113304,1.13586429276703,13.15));
#5749=CARTESIAN_POINT('Origin',(-18.7594486156916,0.979445064935901,13.15));
#5750=CARTESIAN_POINT('',(-20.2594486156916,-1.61863114641742,13.15));
#5751=CARTESIAN_POINT('Origin',(-23.063,3.05311331771918E-15,21.8));
#5752=CARTESIAN_POINT('Ctrl Pts',(-20.1004985000389,-1.58635716341959,22.0179073665964));
#5753=CARTESIAN_POINT('Ctrl Pts',(-20.4423694142677,2.7454389523109,21.9150104014862));
#5754=CARTESIAN_POINT('Ctrl Pts',(-18.2341190846643,11.6238601377267,21.7091985188695));
#5755=CARTESIAN_POINT('Ctrl Pts',(-7.54248201302395,20.2678529953035,21.4005008988067));
#5756=CARTESIAN_POINT('Ctrl Pts',(3.89418057384707,20.6384436305509,21.1432436922874));
#5757=CARTESIAN_POINT('Ctrl Pts',(11.8048597912998,16.7693333845504,20.937440729372));
#5758=CARTESIAN_POINT('Ctrl Pts',(18.1158115650977,10.6287081683338,20.7316360563991));
#5759=CARTESIAN_POINT('Ctrl Pts',(21.622606985525,-0.267297361622221,20.4743841078488));
#5760=CARTESIAN_POINT('Ctrl Pts',(17.0961524758275,-13.2382222456268,20.1656777134522));
#5761=CARTESIAN_POINT('Ctrl Pts',(5.66694865937525,-20.8700078533356,19.8569709970127));
#5762=CARTESIAN_POINT('Ctrl Pts',(-6.5163224508364,-20.1514879244498,19.5825689761471));
#5763=CARTESIAN_POINT('Ctrl Pts',(-15.0946558776312,-14.3002124180115,19.3424633620457));
#5764=CARTESIAN_POINT('Ctrl Pts',(-19.6938568971138,-6.6918931475559,19.1366611540676));
#5765=CARTESIAN_POINT('Ctrl Pts',(-20.6858660629299,2.14974293499687,18.9308564033752));
#5766=CARTESIAN_POINT('Ctrl Pts',(-17.8970996231149,10.5988618896638,18.7250544594589));
#5767=CARTESIAN_POINT('Ctrl Pts',(-11.8314502727538,17.0996591981537,18.5192497081667));
#5768=CARTESIAN_POINT('Ctrl Pts',(-2.23277982971238,21.0599865677006,18.2791464440276));
#5769=CARTESIAN_POINT('Ctrl Pts',(9.83703026952113,19.259530343761,18.0047402166141));
#5770=CARTESIAN_POINT('Ctrl Pts',(19.4541569710234,9.43826197855343,17.6960387866738));
#5771=CARTESIAN_POINT('Ctrl Pts',(21.2133293495293,-4.18234491675285,17.3873309609491));
#5772=CARTESIAN_POINT('Ctrl Pts',(14.412854653853,-16.1206751259921,17.0786253613641));
#5773=CARTESIAN_POINT('Ctrl Pts',(1.79083306506474,-21.5473543829982,16.7699234178418));
#5774=CARTESIAN_POINT('Ctrl Pts',(-11.5487529968003,-18.2804369854864,16.4612153798703));
#5775=CARTESIAN_POINT('Ctrl Pts',(-20.2363053838569,-7.62789270721886,16.1525104225223));
#5776=CARTESIAN_POINT('Ctrl Pts',(-20.6797988501952,4.56711640431143,15.8781080579346));
#5777=CARTESIAN_POINT('Ctrl Pts',(-15.6734518358963,13.6646507560509,15.6380018746584));
#5778=CARTESIAN_POINT('Ctrl Pts',(-8.5374634714043,18.9670419928027,15.4321995213368));
#5779=CARTESIAN_POINT('Ctrl Pts',(0.170965270285814,20.7967431027234,15.2263953564697));
#5780=CARTESIAN_POINT('Ctrl Pts',(8.84464936712692,18.8247334777859,15.0205925231271));
#5781=CARTESIAN_POINT('Ctrl Pts',(15.897327564604,13.4063809013204,14.8147895134613));
#5782=CARTESIAN_POINT('Ctrl Pts',(20.5146648960917,4.66454162477337,14.5861175374569));
#5783=CARTESIAN_POINT('Ctrl Pts',(20.3257375620528,-6.40129233905515,14.3345822973037));
#5784=CARTESIAN_POINT('Ctrl Pts',(13.575625461263,-16.4212397263438,14.0601761656665));
#5785=CARTESIAN_POINT('Ctrl Pts',(2.47058664147791,-21.1632176266114,13.7857731119684));
#5786=CARTESIAN_POINT('Ctrl Pts',(-9.43103926264502,-19.1070725452958,13.5113664382819));
#5787=CARTESIAN_POINT('Ctrl Pts',(-18.3032301039294,-10.9087020912441,13.236963375957));
#5788=CARTESIAN_POINT('Ctrl Pts',(-21.0398577783068,-0.184956476720528,
12.9854252292747));
#5789=CARTESIAN_POINT('Ctrl Pts',(-18.5556820783055,9.38595293742807,12.7567551827644));
#5790=CARTESIAN_POINT('Ctrl Pts',(-12.9428532408621,16.2815980918863,12.5509515324618));
#5791=CARTESIAN_POINT('Ctrl Pts',(-4.95358024466469,20.199446042856,12.3451483658169));
#5792=CARTESIAN_POINT('Ctrl Pts',(3.93801343057083,20.4215996044457,12.1393449161136));
#5793=CARTESIAN_POINT('Ctrl Pts',(12.1098507969334,16.9088581420482,11.9335414282984));
#5794=CARTESIAN_POINT('Ctrl Pts',(18.0687255012457,10.3014325388555,11.7277380342418));
#5795=CARTESIAN_POINT('Ctrl Pts',(20.7159705707318,1.81245941810568,11.5219345273601));
#5796=CARTESIAN_POINT('Ctrl Pts',(19.4611104587138,-7.99449939754626,11.2932644828865));
#5797=CARTESIAN_POINT('Ctrl Pts',(12.9345467353004,-16.9337443819089,11.0417273144143));
#5798=CARTESIAN_POINT('Ctrl Pts',(1.64914389659011,-21.2432168396559,10.7673214043489));
#5799=CARTESIAN_POINT('Ctrl Pts',(-10.1623941122228,-18.7275120494311,10.4929178290219));
#5800=CARTESIAN_POINT('Ctrl Pts',(-18.7093583545855,-10.1957671439486,10.2185136704035));
#5801=CARTESIAN_POINT('Ctrl Pts',(-21.2472836155275,1.61486120659927,9.94410800900977));
#5802=CARTESIAN_POINT('Ctrl Pts',(-17.3097298154854,11.9590434361601,9.69257070891082));
#5803=CARTESIAN_POINT('Ctrl Pts',(-9.7715380476101,18.3563362877006,9.46390074630516));
#5804=CARTESIAN_POINT('Ctrl Pts',(-1.21124629142956,20.7636713116326,9.2580973781439));
#5805=CARTESIAN_POINT('Ctrl Pts',(7.57590687813138,19.3690853163019,9.05229345776858));
#5806=CARTESIAN_POINT('Ctrl Pts',(14.1536848225165,14.9806448693307,8.86935805250738));
#5807=CARTESIAN_POINT('Ctrl Pts',(18.1319293509338,9.43099394853149,8.70928750724591));
#5808=CARTESIAN_POINT('Ctrl Pts',(20.7207326733045,2.06530086406012,8.52635330206221));
#5809=CARTESIAN_POINT('Ctrl Pts',(19.7688146050951,-7.95098088363471,8.29768047478228));
#5810=CARTESIAN_POINT('Ctrl Pts',(12.2684021779037,-17.4220041322238,8.02327819873167));
#5811=CARTESIAN_POINT('Ctrl Pts',(0.82929168943766,-21.2896106809958,7.74887168641065));
#5812=CARTESIAN_POINT('Ctrl Pts',(-10.8799820901246,-18.3229006956385,7.47446894581108));
#5813=CARTESIAN_POINT('Ctrl Pts',(-17.8900928587255,-10.753549636044,7.24007984263446));
#5814=CARTESIAN_POINT('Ctrl Pts',(-20.3171753977839,-2.80172032066243,7.04571052139484));
#5815=CARTESIAN_POINT('Ctrl Pts',(-20.1259268246564,6.00382517597773,6.83990829883454));
#5816=CARTESIAN_POINT('Ctrl Pts',(-14.550945804677,15.9974562551541,6.58265342906642));
#5817=CARTESIAN_POINT('Ctrl Pts',(-1.97203488180497,21.5323890157745,6.27394619530197));
#5818=CARTESIAN_POINT('Ctrl Pts',(11.3959089672683,18.376088003621,5.96524381127391));
#5819=CARTESIAN_POINT('Ctrl Pts',(20.1664414214408,7.80023540192146,5.65653876415876));
#5820=CARTESIAN_POINT('Ctrl Pts',(20.7968361637035,-5.92082113767449,5.34782906350204));
#5821=CARTESIAN_POINT('Ctrl Pts',(13.0284461981671,-17.2589685962953,5.03913266871205));
#5822=CARTESIAN_POINT('Ctrl Pts',(4.35029012559591,-20.1619149688105,4.83331912293352));
#5823=CARTESIAN_POINT('Ctrl Pts',(0.00503188120209663,-20.1629993721215,
4.73042232928054));
#5824=CARTESIAN_POINT('Ctrl Pts',(-20.1005902526036,-1.5851945801561,22.0677657092158));
#5825=CARTESIAN_POINT('Ctrl Pts',(-20.4422076285084,2.74658610774854,21.9648687441056));
#5826=CARTESIAN_POINT('Ctrl Pts',(-18.2334466482373,11.6249387102167,21.7590568614889));
#5827=CARTESIAN_POINT('Ctrl Pts',(-7.54131013055648,20.2682756841504,21.4503592414262));
#5828=CARTESIAN_POINT('Ctrl Pts',(3.89537633504647,20.6382224724271,21.1931020349068));
#5829=CARTESIAN_POINT('Ctrl Pts',(11.805829215034,16.768647552004,20.9872990719914));
#5830=CARTESIAN_POINT('Ctrl Pts',(18.1164238748212,10.6276636645235,20.7814943990185));
#5831=CARTESIAN_POINT('Ctrl Pts',(21.6225916449543,-0.268550194826924,20.5242424504682));
#5832=CARTESIAN_POINT('Ctrl Pts',(17.0953852774741,-13.2392092405523,20.2155360560716));
#5833=CARTESIAN_POINT('Ctrl Pts',(5.66574221242971,-20.8703356527964,19.9068293396322));
#5834=CARTESIAN_POINT('Ctrl Pts',(-6.51748907331836,-20.1511091915466,19.6324273187665));
#5835=CARTESIAN_POINT('Ctrl Pts',(-15.095482179809,-14.2993391954383,19.3923217046651));
#5836=CARTESIAN_POINT('Ctrl Pts',(-19.6942426064049,-6.69075351558541,19.1865194966869));
#5837=CARTESIAN_POINT('Ctrl Pts',(-20.6857418667717,2.15094033286375,18.9807147459946));
#5838=CARTESIAN_POINT('Ctrl Pts',(-17.8964844159478,10.5998956217152,18.7749128020783));
#5839=CARTESIAN_POINT('Ctrl Pts',(-11.8304618465525,17.1003433011261,18.569108050786));
#5840=CARTESIAN_POINT('Ctrl Pts',(-2.23156269873791,21.0601138253166,18.329004786647));
#5841=CARTESIAN_POINT('Ctrl Pts',(9.83814436926134,19.2589610840899,18.0545985592334));
#5842=CARTESIAN_POINT('Ctrl Pts',(19.4547017306054,9.43713610008861,17.7458971292932));
#5843=CARTESIAN_POINT('Ctrl Pts',(21.2130866743648,-4.1835715745838,17.4371893035685));
#5844=CARTESIAN_POINT('Ctrl Pts',(14.4119215519449,-16.12150806238,17.1284837039835));
#5845=CARTESIAN_POINT('Ctrl Pts',(1.78958674661801,-21.5474571012072,16.8197817604612));
#5846=CARTESIAN_POINT('Ctrl Pts',(-11.5498098172307,-18.2797680220967,16.5110737224897));
#5847=CARTESIAN_POINT('Ctrl Pts',(-20.236745712257,-7.62672236325762,16.2023687651417));
#5848=CARTESIAN_POINT('Ctrl Pts',(-20.6795337670448,4.56831309969006,15.9279664005541));
#5849=CARTESIAN_POINT('Ctrl Pts',(-15.6726595628691,13.6655580817135,15.6878602172778));
#5850=CARTESIAN_POINT('Ctrl Pts',(-8.53636862222379,18.9675330637323,15.4820578639563));
#5851=CARTESIAN_POINT('Ctrl Pts',(0.172171312536733,20.7967331899633,15.276253699089));
#5852=CARTESIAN_POINT('Ctrl Pts',(8.84573414309427,18.8242213094794,15.0704508657466));
#5853=CARTESIAN_POINT('Ctrl Pts',(15.898104049224,13.4054600855731,14.8646478560806));
#5854=CARTESIAN_POINT('Ctrl Pts',(20.5149329063373,4.66335684708578,14.6359758800764));
#5855=CARTESIAN_POINT('Ctrl Pts',(20.3253662547928,-6.40246972358051,14.3844406399231));
#5856=CARTESIAN_POINT('Ctrl Pts',(13.5746739097276,-16.4220243664625,14.1100345082859));
#5857=CARTESIAN_POINT('Ctrl Pts',(2.46936574823557,-21.1633591120343,13.8356314545878));
#5858=CARTESIAN_POINT('Ctrl Pts',(-9.43214625465004,-19.1065256574937,13.5612247809012));
#5859=CARTESIAN_POINT('Ctrl Pts',(-18.3038604148535,-10.9076420884933,13.2868217185764));
#5860=CARTESIAN_POINT('Ctrl Pts',(-21.0398669105321,-0.183741783081602,
13.0352835718941));
#5861=CARTESIAN_POINT('Ctrl Pts',(-18.5551387767508,9.38702692942844,12.8066135253838));
#5862=CARTESIAN_POINT('Ctrl Pts',(-12.9419107654611,16.2823453759606,12.6008098750812));
#5863=CARTESIAN_POINT('Ctrl Pts',(-4.95241182525844,20.1997319689381,12.3950067084364));
#5864=CARTESIAN_POINT('Ctrl Pts',(3.93919447885293,20.4213708285892,12.189203258733));
#5865=CARTESIAN_POINT('Ctrl Pts',(12.1108282208032,16.9081569801257,11.9833997709178));
#5866=CARTESIAN_POINT('Ctrl Pts',(18.0693205721619,10.3003871549568,11.7775963768612));
#5867=CARTESIAN_POINT('Ctrl Pts',(20.7160744338792,1.81126079729438,11.5717928699795));
#5868=CARTESIAN_POINT('Ctrl Pts',(19.4606475812882,-7.99562352160112,11.3431228255059));
#5869=CARTESIAN_POINT('Ctrl Pts',(12.9335656743232,-16.9344929786366,11.0915856570337));
#5870=CARTESIAN_POINT('Ctrl Pts',(1.64791595125257,-21.2433107863351,10.8171797469683));
#5871=CARTESIAN_POINT('Ctrl Pts',(-10.1634770544396,-18.7269238059476,10.5427761716413));
#5872=CARTESIAN_POINT('Ctrl Pts',(-18.709947245835,-10.1946836424289,10.2683720130229));
#5873=CARTESIAN_POINT('Ctrl Pts',(-21.2471897438679,1.61608854016439,9.99396635162917));
#5874=CARTESIAN_POINT('Ctrl Pts',(-17.309036544543,11.9600449017766,9.74242905153021));
#5875=CARTESIAN_POINT('Ctrl Pts',(-9.77047631006643,18.3569006268868,9.51375908892455));
#5876=CARTESIAN_POINT('Ctrl Pts',(-1.21004491165032,20.7637401162153,9.3079557207633));
#5877=CARTESIAN_POINT('Ctrl Pts',(7.57702625609885,19.3686471984587,9.10215180038798));
#5878=CARTESIAN_POINT('Ctrl Pts',(14.1545517555026,14.9798236573118,8.91921639512677));
#5879=CARTESIAN_POINT('Ctrl Pts',(18.1324743362338,9.42994584393889,8.7591458498653));
#5880=CARTESIAN_POINT('Ctrl Pts',(20.7208496364168,2.06410227794414,8.5762116446816));
#5881=CARTESIAN_POINT('Ctrl Pts',(19.7683555274284,-7.95212454241258,8.34753881740168));
#5882=CARTESIAN_POINT('Ctrl Pts',(12.2673929859018,-17.4227114840887,8.07313654135105));
#5883=CARTESIAN_POINT('Ctrl Pts',(0.828059590677571,-21.2896586964525,7.79873002903006));
#5884=CARTESIAN_POINT('Ctrl Pts',(-10.8810384961104,-18.322270966688,7.52432728843046));
#5885=CARTESIAN_POINT('Ctrl Pts',(-17.8907162767918,-10.7525127558016,7.28993818525387));
#5886=CARTESIAN_POINT('Ctrl Pts',(-20.317336002694,-2.80054491488945,7.09556886401423));
#5887=CARTESIAN_POINT('Ctrl Pts',(-20.1255792178739,6.00498632553081,6.88976664145394));
#5888=CARTESIAN_POINT('Ctrl Pts',(-14.5500202858256,15.9982986265459,6.63251177168581));
#5889=CARTESIAN_POINT('Ctrl Pts',(-1.97078804712136,21.5325014554258,6.32380453792137));
#5890=CARTESIAN_POINT('Ctrl Pts',(11.3969684544012,18.3754283591987,6.0151021538933));
#5891=CARTESIAN_POINT('Ctrl Pts',(20.1668973743222,7.79906865258774,5.70639710677817));
#5892=CARTESIAN_POINT('Ctrl Pts',(20.7964816150026,-5.92202401250358,5.39768740612143));
#5893=CARTESIAN_POINT('Ctrl Pts',(13.0274710368386,-17.2597206721758,5.08899101133145));
#5894=CARTESIAN_POINT('Ctrl Pts',(4.34908866266095,-20.1621668068299,4.88317746555291));
#5895=CARTESIAN_POINT('Ctrl Pts',(0.00386568298010922,-20.1629996631581,
4.78028067189994));
#5896=CARTESIAN_POINT('Ctrl Pts',(-20.1276092170311,-1.58528414627064,22.1548308078514));
#5897=CARTESIAN_POINT('Ctrl Pts',(-20.4692497840552,2.75236479022209,22.0519338427413));
#5898=CARTESIAN_POINT('Ctrl Pts',(-18.2566376283605,11.6422815046012,21.8461219601246));
#5899=CARTESIAN_POINT('Ctrl Pts',(-7.5493410196885,20.2961373581098,21.5374243400618));
#5900=CARTESIAN_POINT('Ctrl Pts',(3.90266165635247,20.6654014477509,21.2801671335424));
#5901=CARTESIAN_POINT('Ctrl Pts',(11.8232974781048,16.7898667680733,21.074364170627));
#5902=CARTESIAN_POINT('Ctrl Pts',(18.1417072906739,10.6400320328522,20.8685594976541));
#5903=CARTESIAN_POINT('Ctrl Pts',(21.6514571094525,-0.271088398098616,20.6113075491038));
#5904=CARTESIAN_POINT('Ctrl Pts',(17.1168944404374,-13.2586275250953,20.3026011547072));
#5905=CARTESIAN_POINT('Ctrl Pts',(5.67120580503243,-20.8987949545291,19.9938944382678));
#5906=CARTESIAN_POINT('Ctrl Pts',(-6.52823023186457,-20.1773802889604,19.7194924174021));
#5907=CARTESIAN_POINT('Ctrl Pts',(-15.1170973643702,-14.3169231155799,19.4793868033007));
#5908=CARTESIAN_POINT('Ctrl Pts',(-19.7212355995471,-6.69770702054055,19.2735845953226));
#5909=CARTESIAN_POINT('Ctrl Pts',(-20.7131654808531,2.15590091344993,19.0677798446302));
#5910=CARTESIAN_POINT('Ctrl Pts',(-17.9193312589052,10.6158674971404,18.8619779007139));
#5911=CARTESIAN_POINT('Ctrl Pts',(-11.8445434585905,17.1243875081209,18.6561731494216));
#5912=CARTESIAN_POINT('Ctrl Pts',(-2.23241789753484,21.0884826018294,18.4160698852826));
#5913=CARTESIAN_POINT('Ctrl Pts',(9.85323385128263,19.2837029479229,18.141663657869));
#5914=CARTESIAN_POINT('Ctrl Pts',(19.4816515518008,9.4477837176037,17.8329622279289));
#5915=CARTESIAN_POINT('Ctrl Pts',(21.2410109875861,-4.19130304946888,17.5242544022041));
#5916=CARTESIAN_POINT('Ctrl Pts',(14.4295530510008,-16.1445054597734,17.2155488026192));
#5917=CARTESIAN_POINT('Ctrl Pts',(1.78980347153712,-21.5764311516563,16.9068468590968));
#5918=CARTESIAN_POINT('Ctrl Pts',(-11.567088492345,-18.3030296193513,16.5981388211254));
#5919=CARTESIAN_POINT('Ctrl Pts',(-20.2645574511236,-7.63487092836379,16.2894338637774));
#5920=CARTESIAN_POINT('Ctrl Pts',(-20.7067065002069,4.57650367023962,16.0150314991897));
#5921=CARTESIAN_POINT('Ctrl Pts',(-15.6922251404727,13.685399094176,15.7749253159134));
#5922=CARTESIAN_POINT('Ctrl Pts',(-8.54585808339477,18.9937430628098,15.5691229625919));
#5923=CARTESIAN_POINT('Ctrl Pts',(0.174496121281079,20.8245050313226,15.3633187977247));
#5924=CARTESIAN_POINT('Ctrl Pts',(8.8594590631438,18.8484828173557,15.1575159643822));
#5925=CARTESIAN_POINT('Ctrl Pts',(15.9206990744869,13.4217700851425,14.9517129547163));
#5926=CARTESIAN_POINT('Ctrl Pts',(20.5428184881105,4.66751544886724,14.723040978712));
#5927=CARTESIAN_POINT('Ctrl Pts',(20.3518808082288,-6.4130738927672,14.4715057385587));
#5928=CARTESIAN_POINT('Ctrl Pts',(13.5911577033453,-16.4453386587195,14.1970996069215));
#5929=CARTESIAN_POINT('Ctrl Pts',(2.47052543003979,-21.1918892365708,13.9226965532234));
#5930=CARTESIAN_POINT('Ctrl Pts',(-9.44667563385143,-19.1311062421135,13.6482898795369));
#5931=CARTESIAN_POINT('Ctrl Pts',(-18.329420206085,-10.9203716795544,13.373886817212));
#5932=CARTESIAN_POINT('Ctrl Pts',(-21.0680015496646,-0.18186102196676,13.1223486705297));
#5933=CARTESIAN_POINT('Ctrl Pts',(-18.5789858711786,9.40144180510445,12.8936786240195));
#5934=CARTESIAN_POINT('Ctrl Pts',(-12.9575618476005,16.3054101447462,12.6878749737168));
#5935=CARTESIAN_POINT('Ctrl Pts',(-4.95699090395665,20.2272239919664,12.482071807072));
#5936=CARTESIAN_POINT('Ctrl Pts',(3.94651927089475,20.4482621924015,12.2762683573686));
#5937=CARTESIAN_POINT('Ctrl Pts',(12.1287182033859,16.9295288426913,12.0704648695534));
#5938=CARTESIAN_POINT('Ctrl Pts',(18.0945058295681,10.3123276202719,11.8646614754968));
#5939=CARTESIAN_POINT('Ctrl Pts',(20.7439398912866,1.81159089183531,11.6588579686152));
#5940=CARTESIAN_POINT('Ctrl Pts',(19.4858451401923,-8.00827344370996,11.4301879241415));
#5941=CARTESIAN_POINT('Ctrl Pts',(12.9491409082441,-16.9584260040489,11.1786507556693));
#5942=CARTESIAN_POINT('Ctrl Pts',(1.64797305569287,-21.2718648758206,10.9042448456039));
#5943=CARTESIAN_POINT('Ctrl Pts',(-10.1789480599465,-18.7509221266929,10.6298412702769));
#5944=CARTESIAN_POINT('Ctrl Pts',(-18.7359779464957,-10.2064195861261,10.3554371116585));
#5945=CARTESIAN_POINT('Ctrl Pts',(-21.275418352682,1.62039437888589,10.0810314502648));
#5946=CARTESIAN_POINT('Ctrl Pts',(-17.3309603662463,11.9777727540947,9.82949415016583));
#5947=CARTESIAN_POINT('Ctrl Pts',(-9.78167930610507,18.3824167846717,9.60082418756016));
#5948=CARTESIAN_POINT('Ctrl Pts',(-1.20956683399897,20.7916089581733,9.39502081939891));
#5949=CARTESIAN_POINT('Ctrl Pts',(7.58910680633985,19.3937633599652,9.18921689902359));
#5950=CARTESIAN_POINT('Ctrl Pts',(14.1749766677854,14.9984149429547,9.00628149376238));
#5951=CARTESIAN_POINT('Ctrl Pts',(18.1576557989409,9.44071561785768,8.84621094850093));
#5952=CARTESIAN_POINT('Ctrl Pts',(20.7487489632604,2.06476934424837,8.6632767433172));
#5953=CARTESIAN_POINT('Ctrl Pts',(19.7939669847508,-7.96474514834711,8.43460391603731));
#5954=CARTESIAN_POINT('Ctrl Pts',(12.2820286484735,-17.447233161297,8.16020163998666));
#5955=CARTESIAN_POINT('Ctrl Pts',(0.827018402530155,-21.3181900499119,7.88579512766567));
#5956=CARTESIAN_POINT('Ctrl Pts',(-10.8974315420217,-18.345656137503,7.61139238706608));
#5957=CARTESIAN_POINT('Ctrl Pts',(-17.9157056653243,-10.7650777527549,7.37700328388947));
#5958=CARTESIAN_POINT('Ctrl Pts',(-20.3447691113662,-2.80223696816485,7.18263396264985));
#5959=CARTESIAN_POINT('Ctrl Pts',(-20.1518660076282,6.01504525342999,6.97683174008955));
#5960=CARTESIAN_POINT('Ctrl Pts',(-14.5678481602384,16.0211434529213,6.71957687032143));
#5961=CARTESIAN_POINT('Ctrl Pts',(-1.97125019518116,21.5614747900164,6.41086963655698));
#5962=CARTESIAN_POINT('Ctrl Pts',(11.4140562591016,18.3988325881479,6.10216725252892));
#5963=CARTESIAN_POINT('Ctrl Pts',(20.1946258581277,7.80745513520682,5.79346220541378));
#5964=CARTESIAN_POINT('Ctrl Pts',(20.8236884414123,-5.93203600999622,5.48475250475705));
#5965=CARTESIAN_POINT('Ctrl Pts',(13.0431069711391,-17.2841002901763,5.17605610996706));
#5966=CARTESIAN_POINT('Ctrl Pts',(4.35291089572209,-20.1895466854369,4.97024256418853));
#5967=CARTESIAN_POINT('Ctrl Pts',(0.00183593380095969,-20.1899424280328,
4.86734577053555));
#5968=CARTESIAN_POINT('Ctrl Pts',(-20.1932050649128,-1.58903345621882,22.215675577442));
#5969=CARTESIAN_POINT('Ctrl Pts',(-20.5356525987676,2.76274195782338,22.1127786123319));
#5970=CARTESIAN_POINT('Ctrl Pts',(-18.3152208145276,11.6814437470498,21.9069667297151));
#5971=CARTESIAN_POINT('Ctrl Pts',(-7.57248255332225,20.3626950073444,21.5982691096524));
#5972=CARTESIAN_POINT('Ctrl Pts',(3.91680549917433,20.7323641480822,21.341011903133));
#5973=CARTESIAN_POINT('Ctrl Pts',(11.8629391442148,16.8436642078871,21.1352089402176));
#5974=CARTESIAN_POINT('Ctrl Pts',(18.2014749148645,10.6733807238454,20.9294042672447));
#5975=CARTESIAN_POINT('Ctrl Pts',(21.7218809267222,-0.273486024769835,20.6721523186943));
#5976=CARTESIAN_POINT('Ctrl Pts',(17.1716558525845,-13.3029615183491,20.3634459242978));
#5977=CARTESIAN_POINT('Ctrl Pts',(5.68819482858004,-20.967185755488,20.0547392078583));
#5978=CARTESIAN_POINT('Ctrl Pts',(-6.55088193797439,-20.2425698257474,19.7803371869927));
#5979=CARTESIAN_POINT('Ctrl Pts',(-15.1672822232743,-14.3624451998723,19.5402315728913));
#5980=CARTESIAN_POINT('Ctrl Pts',(-19.7858666733891,-6.71811780086727,19.3344293649132));
#5981=CARTESIAN_POINT('Ctrl Pts',(-20.780404691412,2.16436474413241,19.1286246142208));
#5982=CARTESIAN_POINT('Ctrl Pts',(-17.9768881257424,10.6516595730128,18.9228226703045));
#5983=CARTESIAN_POINT('Ctrl Pts',(-11.8818814491626,17.1809302221864,18.7170179190122));
#5984=CARTESIAN_POINT('Ctrl Pts',(-2.23820567060026,21.1572493846114,18.4769146548732));
#5985=CARTESIAN_POINT('Ctrl Pts',(9.88664060927874,19.3457526847037,18.2025084274596));
#5986=CARTESIAN_POINT('Ctrl Pts',(19.5456956317249,9.47715857191349,17.8938069975194));
#5987=CARTESIAN_POINT('Ctrl Pts',(21.3098248479969,-4.20642562315678,17.5850991717947));
#5988=CARTESIAN_POINT('Ctrl Pts',(14.4753695338728,-16.198040895468,17.2763935722097));
#5989=CARTESIAN_POINT('Ctrl Pts',(1.7941167847447,-21.6467547915433,16.9676916286874));
#5990=CARTESIAN_POINT('Ctrl Pts',(-11.6060024543116,-18.3617686230658,16.6589835907159));
#5991=CARTESIAN_POINT('Ctrl Pts',(-20.3310219244083,-7.65829293112853,16.350278633368));
#5992=CARTESIAN_POINT('Ctrl Pts',(-20.7737550157191,4.59284235593734,16.0758762687803));
#5993=CARTESIAN_POINT('Ctrl Pts',(-15.742321445133,13.7310226354142,15.835770085504));
#5994=CARTESIAN_POINT('Ctrl Pts',(-8.57233347136953,19.0561361645386,15.6299677321825));
#5995=CARTESIAN_POINT('Ctrl Pts',(0.176521897841129,20.8922450941466,15.4241635673152));
#5996=CARTESIAN_POINT('Ctrl Pts',(8.88960095749729,18.9091859991534,15.2183607339728));
#5997=CARTESIAN_POINT('Ctrl Pts',(15.9734363415176,13.4643232507777,15.0125577243068));
#5998=CARTESIAN_POINT('Ctrl Pts',(20.6099803756705,4.68126419249291,14.7838857483026));
#5999=CARTESIAN_POINT('Ctrl Pts',(20.4176463597472,-6.43536333817489,14.5323505081493));
#6000=CARTESIAN_POINT('Ctrl Pts',(13.6342251275262,-16.4997942281569,14.2579443765121));
#6001=CARTESIAN_POINT('Ctrl Pts',(2.47708127284728,-21.2610092340911,13.983541322814));
#6002=CARTESIAN_POINT('Ctrl Pts',(-9.47874947071993,-19.192687651839,13.7091346491275));
#6003=CARTESIAN_POINT('Ctrl Pts',(-18.3898187033346,-10.9546180127954,13.4347315868026));
#6004=CARTESIAN_POINT('Ctrl Pts',(-21.1365582963576,-0.180979128327611,
13.1831934401203));
#6005=CARTESIAN_POINT('Ctrl Pts',(-18.6387743994131,9.43332952265382,12.95452339361));
#6006=CARTESIAN_POINT('Ctrl Pts',(-12.9985779447542,16.3593659047061,12.7487197433074));
#6007=CARTESIAN_POINT('Ctrl Pts',(-4.97170301348555,20.2933797006544,12.5429165766625));
#6008=CARTESIAN_POINT('Ctrl Pts',(3.96079002543667,20.5145139184028,12.3371131269592));
#6009=CARTESIAN_POINT('Ctrl Pts',(12.1693632921792,16.9837599515489,12.131309639144));
#6010=CARTESIAN_POINT('Ctrl Pts',(18.1540974505017,10.3446124246965,11.9255062450874));
#6011=CARTESIAN_POINT('Ctrl Pts',(20.8115565282367,1.81603323201635,11.7197027382057));
#6012=CARTESIAN_POINT('Ctrl Pts',(19.5486815799575,-8.03569133086502,11.4910326937321));
#6013=CARTESIAN_POINT('Ctrl Pts',(12.9900836798385,-17.0145062641401,11.2394955252599));
#6014=CARTESIAN_POINT('Ctrl Pts',(1.65184645441033,-21.3411875219832,10.9650896151945));
#6015=CARTESIAN_POINT('Ctrl Pts',(-10.2133771365475,-18.8112156278706,10.6906860398675));
#6016=CARTESIAN_POINT('Ctrl Pts',(-18.7976491647017,-10.2383146336682,10.4162818812491));
#6017=CARTESIAN_POINT('Ctrl Pts',(-21.3445241302503,1.62715457645817,10.1418762198554));
#6018=CARTESIAN_POINT('Ctrl Pts',(-17.3865078597161,12.0179550792225,9.89033891975642));
#6019=CARTESIAN_POINT('Ctrl Pts',(-9.81221758586558,18.4429079640379,9.66166895715075));
#6020=CARTESIAN_POINT('Ctrl Pts',(-1.21204715943895,20.8593384798399,9.4558655889895));
#6021=CARTESIAN_POINT('Ctrl Pts',(7.61515465654423,19.4563297012109,9.25006166861418));
#6022=CARTESIAN_POINT('Ctrl Pts',(14.2221444081837,15.0462195014346,9.06712626335298));
#6023=CARTESIAN_POINT('Ctrl Pts',(18.2173919560878,9.47016049007931,8.90705571809151));
#6024=CARTESIAN_POINT('Ctrl Pts',(20.8163985305328,2.07003513992756,8.72412151290779));
#6025=CARTESIAN_POINT('Ctrl Pts',(19.8578093122084,-7.99204346012773,8.4954486856279));
#6026=CARTESIAN_POINT('Ctrl Pts',(12.3207667913591,-17.5048563025341,8.22104640957725));
#6027=CARTESIAN_POINT('Ctrl Pts',(0.828217187662479,-21.3876063974445,7.94663989725626));
#6028=CARTESIAN_POINT('Ctrl Pts',(-10.9341689535346,-18.4045808245068,7.67223715665667));
#6029=CARTESIAN_POINT('Ctrl Pts',(-17.9747478724396,-10.7988475815048,7.43784805348007));
#6030=CARTESIAN_POINT('Ctrl Pts',(-20.4111562348759,-2.80993033349733,7.24347873224044));
#6031=CARTESIAN_POINT('Ctrl Pts',(-20.2170088399231,6.0360243984432,7.03767650968014));
#6032=CARTESIAN_POINT('Ctrl Pts',(-14.6141233531655,16.0742876148177,6.78042163991202));
#6033=CARTESIAN_POINT('Ctrl Pts',(-1.97615449557119,21.6317622594306,6.47171440614757));
#6034=CARTESIAN_POINT('Ctrl Pts',(11.4524782252691,18.4578941130716,6.16301202211951));
#6035=CARTESIAN_POINT('Ctrl Pts',(20.2608764842372,7.83144343697218,5.85430697500438));
#6036=CARTESIAN_POINT('Ctrl Pts',(20.8910195512781,-5.95279298337718,5.54559727434763));
#6037=CARTESIAN_POINT('Ctrl Pts',(13.0843396316524,-17.3412460163955,5.23690087955765));
#6038=CARTESIAN_POINT('Ctrl Pts',(4.36565034556612,-20.2555379624125,5.03108733377912));
#6039=CARTESIAN_POINT('Ctrl Pts',(0.000429153479721996,-20.2556302773928,
4.92819054012614));
#6040=CARTESIAN_POINT('Ctrl Pts',(-20.2255339802712,-1.59114629820246,22.2343687633867));
#6041=CARTESIAN_POINT('Ctrl Pts',(-20.5684369860896,2.76759582623512,22.1314717982766));
#6042=CARTESIAN_POINT('Ctrl Pts',(-18.3442645226153,11.7005149174596,21.9256599156599));
#6043=CARTESIAN_POINT('Ctrl Pts',(-7.58416125912903,20.3954218185447,21.616962295597));
#6044=CARTESIAN_POINT('Ctrl Pts',(3.92350968411779,20.7654385417493,21.3597050890777));
#6045=CARTESIAN_POINT('Ctrl Pts',(11.8822690765184,16.8703506774011,21.1539021261623));
#6046=CARTESIAN_POINT('Ctrl Pts',(18.230811202793,10.690064566749,20.9480974531894));
#6047=CARTESIAN_POINT('Ctrl Pts',(21.7566151350478,-0.274384392957107,20.6908455046391));
#6048=CARTESIAN_POINT('Ctrl Pts',(17.1988363471702,-13.3246014462371,20.3821391102425));
#6049=CARTESIAN_POINT('Ctrl Pts',(5.69684708268708,-21.0008394967124,20.0734323938031));
#6050=CARTESIAN_POINT('Ctrl Pts',(-6.56178839442243,-20.2748049303057,19.7990303729374));
#6051=CARTESIAN_POINT('Ctrl Pts',(-15.1918441819576,-14.3850933430212,19.558924758836));
#6052=CARTESIAN_POINT('Ctrl Pts',(-19.8176529541959,-6.7284422832147,19.3531225508578));
#6053=CARTESIAN_POINT('Ctrl Pts',(-20.8135930678895,2.1682672212904,19.1473178001655));
#6054=CARTESIAN_POINT('Ctrl Pts',(-18.0054126897961,10.6690763359966,18.9415158562492));
#6055=CARTESIAN_POINT('Ctrl Pts',(-11.9005196760931,17.2086599989236,18.735711104957));
#6056=CARTESIAN_POINT('Ctrl Pts',(-2.24133630190288,21.191133865942,18.4956078408179));
#6057=CARTESIAN_POINT('Ctrl Pts',(9.90286294426464,19.3764827344807,18.2212016134044));
#6058=CARTESIAN_POINT('Ctrl Pts',(19.5771563551835,9.49190071018523,17.9125001834642));
#6059=CARTESIAN_POINT('Ctrl Pts',(21.343816593572,-4.21360520544846,17.6037923577394));
#6060=CARTESIAN_POINT('Ctrl Pts',(14.4981763981913,-16.2242537518071,17.2950867581545));
#6061=CARTESIAN_POINT('Ctrl Pts',(1.79652677678636,-21.681412726002,16.9863848146321));
#6062=CARTESIAN_POINT('Ctrl Pts',(-11.6249536905629,-18.3908884867564,16.6776767766607));
#6063=CARTESIAN_POINT('Ctrl Pts',(-20.3637000371409,-7.67010948114505,16.3689718193126));
#6064=CARTESIAN_POINT('Ctrl Pts',(-20.8068812133468,4.60062857148691,16.094569454725));
#6065=CARTESIAN_POINT('Ctrl Pts',(-15.7672068898632,13.7533168604064,15.8544632714487));
#6066=CARTESIAN_POINT('Ctrl Pts',(-8.58563894122296,19.0867947264242,15.6486609181272));
#6067=CARTESIAN_POINT('Ctrl Pts',(0.177247594654558,20.9256545089041,15.4428567532599));
#6068=CARTESIAN_POINT('Ctrl Pts',(8.90421940615223,18.9392390185529,15.2370539199175));
#6069=CARTESIAN_POINT('Ctrl Pts',(15.9992685462884,13.4855178894913,15.0312509102515));
#6070=CARTESIAN_POINT('Ctrl Pts',(20.6430414528489,4.68831365345722,14.8025789342473));
#6071=CARTESIAN_POINT('Ctrl Pts',(20.4501639223364,-6.44608877099076,14.551043694094));
#6072=CARTESIAN_POINT('Ctrl Pts',(13.6556803256226,-16.5264718280569,14.2766375624568));
#6073=CARTESIAN_POINT('Ctrl Pts',(2.48059175994135,-21.2950647446381,14.0022345087587));
#6074=CARTESIAN_POINT('Ctrl Pts',(-9.49431622618881,-19.2231815385779,13.7278278350722));
#6075=CARTESIAN_POINT('Ctrl Pts',(-18.4194621761073,-10.9717475853794,13.4534247727473));
#6076=CARTESIAN_POINT('Ctrl Pts',(-21.1703660399836,-0.180820067904844,
13.201886626065));
#6077=CARTESIAN_POINT('Ctrl Pts',(-18.6683833869828,9.44881187591919,12.9732165795547));
#6078=CARTESIAN_POINT('Ctrl Pts',(-13.0190195404452,16.3858054239917,12.7674129292521));
#6079=CARTESIAN_POINT('Ctrl Pts',(-4.9792236685781,20.3259406022899,12.5616097626072));
#6080=CARTESIAN_POINT('Ctrl Pts',(3.96755988399404,20.5472389244208,12.355806312904));
#6081=CARTESIAN_POINT('Ctrl Pts',(12.1891862751955,17.0106640003148,12.1500028250887));
#6082=CARTESIAN_POINT('Ctrl Pts',(18.1833509910507,10.3607714233857,11.9441994310321));
#6083=CARTESIAN_POINT('Ctrl Pts',(20.8448791837958,1.81849599511917,11.7383959241504));
#6084=CARTESIAN_POINT('Ctrl Pts',(19.5797754604851,-8.04895771190013,11.5097258796768));
#6085=CARTESIAN_POINT('Ctrl Pts',(13.010497769856,-17.0419933908071,11.2581887112046));
#6086=CARTESIAN_POINT('Ctrl Pts',(1.6540354077248,-21.3753537381786,10.9837828011392));
#6087=CARTESIAN_POINT('Ctrl Pts',(-10.2301106762692,-18.8410838536983,10.7093792258122));
#6088=CARTESIAN_POINT('Ctrl Pts',(-18.8279296822749,-10.2542899614291,10.4349750671939));
#6089=CARTESIAN_POINT('Ctrl Pts',(-21.378626114414,1.63020982869639,10.1605694058001));
#6090=CARTESIAN_POINT('Ctrl Pts',(-17.4140592270703,12.0375444653479,9.90903210570114));
#6091=CARTESIAN_POINT('Ctrl Pts',(-9.82751899483004,18.4726121047866,9.68036214309546));
#6092=CARTESIAN_POINT('Ctrl Pts',(-1.21354294900218,20.892724733431,9.47455877493421));
#6093=CARTESIAN_POINT('Ctrl Pts',(7.62774651820304,19.4872848096599,9.26875485455888));
#6094=CARTESIAN_POINT('Ctrl Pts',(14.2452093106525,15.0699812359053,9.0858194492977));
#6095=CARTESIAN_POINT('Ctrl Pts',(18.2467281750188,9.48491963470367,8.92574890403622));
#6096=CARTESIAN_POINT('Ctrl Pts',(20.8497343051401,2.0729040388858,8.74281469885251));
#6097=CARTESIAN_POINT('Ctrl Pts',(19.8893985153807,-8.00524661964791,8.51414187157261));
#6098=CARTESIAN_POINT('Ctrl Pts',(12.3401000450681,-17.5331134187349,8.23973959552195));
#6099=CARTESIAN_POINT('Ctrl Pts',(0.829087894252967,-21.4218293826277,7.96533308320099));
#6100=CARTESIAN_POINT('Ctrl Pts',(-10.95204659999,-18.4337834350359,7.69093034260138));
#6101=CARTESIAN_POINT('Ctrl Pts',(-18.0037242313845,-10.8157368184621,7.45654123942478));
#6102=CARTESIAN_POINT('Ctrl Pts',(-20.4438596130889,-2.81399114691662,7.26217191818515));
#6103=CARTESIAN_POINT('Ctrl Pts',(-20.249214025796,6.04610685981756,7.05636969562485));
#6104=CARTESIAN_POINT('Ctrl Pts',(-14.6371547518226,16.1003055136206,6.79911482585673));
#6105=CARTESIAN_POINT('Ctrl Pts',(-1.97885592930431,21.6664000641993,6.49040759209229));
#6106=CARTESIAN_POINT('Ctrl Pts',(11.471185939961,18.4871709883273,6.18170520806422));
#6107=CARTESIAN_POINT('Ctrl Pts',(20.2934461459078,7.84353836433376,5.87300016094909));
#6108=CARTESIAN_POINT('Ctrl Pts',(20.9243043144202,-5.96275660892008,5.56429046029234));
#6109=CARTESIAN_POINT('Ctrl Pts',(13.1048978087232,-17.369257801409,5.25559406550237));
#6110=CARTESIAN_POINT('Ctrl Pts',(4.37220215362103,-20.2880253186304,5.04978051972383));
#6111=CARTESIAN_POINT('Ctrl Pts',(-4.9287830761191E-15,-20.2880253186304,
4.94688372607085));
#6112=CARTESIAN_POINT('',(-4.75326090762741E-15,-20.2880253186304,4.94688372607085));
#6113=CARTESIAN_POINT('Ctrl Pts',(-20.2376749795489,-1.42816050647582,22.2305222921593));
#6114=CARTESIAN_POINT('Ctrl Pts',(-20.5405303991781,2.87878342321206,22.128907263722));
#6115=CARTESIAN_POINT('Ctrl Pts',(-18.2995721528903,11.7366294401953,21.9243777320385));
#6116=CARTESIAN_POINT('Ctrl Pts',(-7.58416125912903,20.3954218185447,21.616962295597));
#6117=CARTESIAN_POINT('Ctrl Pts',(3.92350968411779,20.7654385417493,21.3597050890777));
#6118=CARTESIAN_POINT('Ctrl Pts',(11.8822690765184,16.8703506774011,21.1539021261623));
#6119=CARTESIAN_POINT('Ctrl Pts',(18.230811202793,10.690064566749,20.9480974531894));
#6120=CARTESIAN_POINT('Ctrl Pts',(21.7566151350478,-0.274384392957107,20.6908455046391));
#6121=CARTESIAN_POINT('Ctrl Pts',(17.1988363471702,-13.3246014462371,20.3821391102425));
#6122=CARTESIAN_POINT('Ctrl Pts',(5.69684708268708,-21.0008394967124,20.0734323938031));
#6123=CARTESIAN_POINT('Ctrl Pts',(-6.56178839442243,-20.2748049303057,19.7990303729374));
#6124=CARTESIAN_POINT('Ctrl Pts',(-15.1918441819576,-14.3850933430212,19.558924758836));
#6125=CARTESIAN_POINT('Ctrl Pts',(-19.8176529541959,-6.7284422832147,19.3531225508578));
#6126=CARTESIAN_POINT('Ctrl Pts',(-20.8135930678895,2.1682672212904,19.1473178001655));
#6127=CARTESIAN_POINT('Ctrl Pts',(-18.0054126897961,10.6690763359966,18.9415158562492));
#6128=CARTESIAN_POINT('Ctrl Pts',(-11.9005196760931,17.2086599989236,18.735711104957));
#6129=CARTESIAN_POINT('Ctrl Pts',(-2.24133630190288,21.191133865942,18.4956078408179));
#6130=CARTESIAN_POINT('Ctrl Pts',(9.90286294426464,19.3764827344807,18.2212016134044));
#6131=CARTESIAN_POINT('Ctrl Pts',(19.5771563551835,9.49190071018523,17.9125001834642));
#6132=CARTESIAN_POINT('Ctrl Pts',(21.343816593572,-4.21360520544846,17.6037923577394));
#6133=CARTESIAN_POINT('Ctrl Pts',(14.4981763981913,-16.2242537518071,17.2950867581545));
#6134=CARTESIAN_POINT('Ctrl Pts',(1.79652677678636,-21.681412726002,16.9863848146321));
#6135=CARTESIAN_POINT('Ctrl Pts',(-11.6249536905629,-18.3908884867564,16.6776767766607));
#6136=CARTESIAN_POINT('Ctrl Pts',(-20.3637000371409,-7.67010948114505,16.3689718193126));
#6137=CARTESIAN_POINT('Ctrl Pts',(-20.8068812133468,4.60062857148691,16.094569454725));
#6138=CARTESIAN_POINT('Ctrl Pts',(-15.7672068898632,13.7533168604064,15.8544632714487));
#6139=CARTESIAN_POINT('Ctrl Pts',(-8.58563894122296,19.0867947264242,15.6486609181272));
#6140=CARTESIAN_POINT('Ctrl Pts',(0.177247594654558,20.9256545089041,15.4428567532599));
#6141=CARTESIAN_POINT('Ctrl Pts',(8.90421940615223,18.9392390185529,15.2370539199175));
#6142=CARTESIAN_POINT('Ctrl Pts',(15.9992685462884,13.4855178894913,15.0312509102515));
#6143=CARTESIAN_POINT('Ctrl Pts',(20.6430414528489,4.68831365345722,14.8025789342473));
#6144=CARTESIAN_POINT('Ctrl Pts',(20.4501639223364,-6.44608877099076,14.551043694094));
#6145=CARTESIAN_POINT('Ctrl Pts',(13.6556803256226,-16.5264718280569,14.2766375624568));
#6146=CARTESIAN_POINT('Ctrl Pts',(2.48059175994135,-21.2950647446381,14.0022345087587));
#6147=CARTESIAN_POINT('Ctrl Pts',(-9.49431622618881,-19.2231815385779,13.7278278350722));
#6148=CARTESIAN_POINT('Ctrl Pts',(-18.4194621761073,-10.9717475853794,13.4534247727473));
#6149=CARTESIAN_POINT('Ctrl Pts',(-21.1703660399836,-0.180820067904844,
13.201886626065));
#6150=CARTESIAN_POINT('Ctrl Pts',(-18.6683833869828,9.44881187591919,12.9732165795547));
#6151=CARTESIAN_POINT('Ctrl Pts',(-13.0190195404452,16.3858054239917,12.7674129292521));
#6152=CARTESIAN_POINT('Ctrl Pts',(-4.9792236685781,20.3259406022899,12.5616097626072));
#6153=CARTESIAN_POINT('Ctrl Pts',(3.96755988399404,20.5472389244208,12.355806312904));
#6154=CARTESIAN_POINT('Ctrl Pts',(12.1891862751955,17.0106640003148,12.1500028250887));
#6155=CARTESIAN_POINT('Ctrl Pts',(18.1833509910507,10.3607714233857,11.9441994310321));
#6156=CARTESIAN_POINT('Ctrl Pts',(20.8448791837958,1.81849599511917,11.7383959241504));
#6157=CARTESIAN_POINT('Ctrl Pts',(19.5797754604851,-8.04895771190013,11.5097258796768));
#6158=CARTESIAN_POINT('Ctrl Pts',(13.010497769856,-17.0419933908071,11.2581887112046));
#6159=CARTESIAN_POINT('Ctrl Pts',(1.6540354077248,-21.3753537381786,10.9837828011392));
#6160=CARTESIAN_POINT('Ctrl Pts',(-10.2301106762692,-18.8410838536983,10.7093792258122));
#6161=CARTESIAN_POINT('Ctrl Pts',(-18.8279296822749,-10.2542899614291,10.4349750671939));
#6162=CARTESIAN_POINT('Ctrl Pts',(-21.378626114414,1.63020982869639,10.1605694058001));
#6163=CARTESIAN_POINT('Ctrl Pts',(-17.4140592270703,12.0375444653479,9.90903210570114));
#6164=CARTESIAN_POINT('Ctrl Pts',(-9.82751899483004,18.4726121047866,9.68036214309546));
#6165=CARTESIAN_POINT('Ctrl Pts',(-1.21354294900218,20.892724733431,9.47455877493421));
#6166=CARTESIAN_POINT('Ctrl Pts',(7.62774651820304,19.4872848096599,9.26875485455888));
#6167=CARTESIAN_POINT('Ctrl Pts',(14.2452093106525,15.0699812359053,9.0858194492977));
#6168=CARTESIAN_POINT('Ctrl Pts',(18.2467281750188,9.48491963470367,8.92574890403622));
#6169=CARTESIAN_POINT('Ctrl Pts',(20.8497343051401,2.0729040388858,8.74281469885251));
#6170=CARTESIAN_POINT('Ctrl Pts',(19.8893985153807,-8.00524661964791,8.51414187157261));
#6171=CARTESIAN_POINT('Ctrl Pts',(12.3401000450681,-17.5331134187349,8.23973959552195));
#6172=CARTESIAN_POINT('Ctrl Pts',(0.829087894252967,-21.4218293826277,7.96533308320099));
#6173=CARTESIAN_POINT('Ctrl Pts',(-10.95204659999,-18.4337834350359,7.69093034260138));
#6174=CARTESIAN_POINT('Ctrl Pts',(-18.0037242313845,-10.8157368184621,7.45654123942478));
#6175=CARTESIAN_POINT('Ctrl Pts',(-20.4438596130889,-2.81399114691662,7.26217191818515));
#6176=CARTESIAN_POINT('Ctrl Pts',(-20.249214025796,6.04610685981756,7.05636969562485));
#6177=CARTESIAN_POINT('Ctrl Pts',(-14.6371547518226,16.1003055136206,6.79911482585673));
#6178=CARTESIAN_POINT('Ctrl Pts',(-1.97885592930431,21.6664000641993,6.49040759209229));
#6179=CARTESIAN_POINT('Ctrl Pts',(11.471185939961,18.4871709883273,6.18170520806422));
#6180=CARTESIAN_POINT('Ctrl Pts',(20.2934461459078,7.84353836433376,5.87300016094909));
#6181=CARTESIAN_POINT('Ctrl Pts',(20.9243043144202,-5.96275660892008,5.56429046029234));
#6182=CARTESIAN_POINT('Ctrl Pts',(13.1048978087232,-17.369257801409,5.25559406550237));
#6183=CARTESIAN_POINT('Ctrl Pts',(4.37220215362103,-20.2880253186304,5.04978051972383));
#6184=CARTESIAN_POINT('Ctrl Pts',(-4.9287830761191E-15,-20.2880253186304,
4.94688372607085));
#6185=CARTESIAN_POINT('Origin',(0.00509427123832784,-20.4129993643365,4.73042232928054));
#6186=CARTESIAN_POINT('Ctrl Pts',(0.00503188120209774,-20.1629993721215,
4.73042232928054));
#6187=CARTESIAN_POINT('Ctrl Pts',(-4.15005758830577,-20.164036316884,4.63202877941381));
#6188=CARTESIAN_POINT('Ctrl Pts',(-11.0600764634119,-17.9547433628053,4.46802343702434));
#6189=CARTESIAN_POINT('Ctrl Pts',(-17.7832193897849,-10.6705861058795,4.23843458088413));
#6190=CARTESIAN_POINT('Ctrl Pts',(-19.6419612790327,-5.33039933167727,4.10723747589704));
#6191=CARTESIAN_POINT('Ctrl Pts',(-19.9968452484074,-2.58316648926199,4.04164177598589));
#6192=CARTESIAN_POINT('Ctrl Pts',(0.00386568298011032,-20.1629996631581,
4.78028067189994));
#6193=CARTESIAN_POINT('Ctrl Pts',(-4.15119006516317,-20.1637960698075,4.6818871220332));
#6194=CARTESIAN_POINT('Ctrl Pts',(-11.0611376187212,-17.954083075917,4.51788177964374));
#6195=CARTESIAN_POINT('Ctrl Pts',(-17.7838158939854,-10.6695682861775,4.28829292350352));
#6196=CARTESIAN_POINT('Ctrl Pts',(-19.6422726025573,-5.32924095173418,4.15709581851644));
#6197=CARTESIAN_POINT('Ctrl Pts',(-19.9969946549571,-2.58200990115009,4.09150011860528));
#6198=CARTESIAN_POINT('Ctrl Pts',(0.00183586358747442,-20.1899379386981,
4.86734872446614));
#6199=CARTESIAN_POINT('Ctrl Pts',(-4.15881575674906,-20.1903163617515,4.7689551745994));
#6200=CARTESIAN_POINT('Ctrl Pts',(-11.0776974414751,-17.9769806448731,4.60494983220993));
#6201=CARTESIAN_POINT('Ctrl Pts',(-17.8086793214685,-10.6820138687759,4.37536097606972));
#6202=CARTESIAN_POINT('Ctrl Pts',(-19.6690486491482,-5.33440789167697,4.24416387108264));
#6203=CARTESIAN_POINT('Ctrl Pts',(-20.0239713502897,-2.58344125182952,4.17856817117148));
#6204=CARTESIAN_POINT('Ctrl Pts',(0.000429153479722661,-20.2556302773928,
4.92819054012614));
#6205=CARTESIAN_POINT('Ctrl Pts',(-4.17374959198657,-20.2557185522388,4.82979699025941));
#6206=CARTESIAN_POINT('Ctrl Pts',(-11.1150060430631,-18.0346911865987,4.66579164786994));
#6207=CARTESIAN_POINT('Ctrl Pts',(-17.8673645634354,-10.7155271852695,4.43620279172973));
#6208=CARTESIAN_POINT('Ctrl Pts',(-19.7334203466168,-5.35038138118147,4.30500568674264));
#6209=CARTESIAN_POINT('Ctrl Pts',(-20.0893043158765,-2.59044595054796,4.23940998683149));
#6210=CARTESIAN_POINT('Ctrl Pts',(-4.41053443767103E-15,-20.2880253186304,
4.94688372607085));
#6211=CARTESIAN_POINT('Ctrl Pts',(-4.18085418755239,-20.2880253186304,4.84849017620412));
#6212=CARTESIAN_POINT('Ctrl Pts',(-11.1331652371102,-18.0632980464606,4.68448483381465));
#6213=CARTESIAN_POINT('Ctrl Pts',(-17.8961672394966,-10.7322856931885,4.45489597767444));
#6214=CARTESIAN_POINT('Ctrl Pts',(-19.7650936655813,-5.3585192858555,4.32369887268736));
#6215=CARTESIAN_POINT('Ctrl Pts',(-20.1214883124598,-2.59416256640411,4.2581031727762));
#6216=CARTESIAN_POINT('',(-20.1214883124598,-2.59416256640411,4.2581031727762));
#6217=CARTESIAN_POINT('Origin',(-20.2447851041879,-2.61519503770793,4.04164177598589));
#6218=CARTESIAN_POINT('Ctrl Pts',(-4.41053443767103E-15,-20.2880253186304,
4.94688372607085));
#6219=CARTESIAN_POINT('Ctrl Pts',(-4.18085418755239,-20.2880253186304,4.84849017620412));
#6220=CARTESIAN_POINT('Ctrl Pts',(-11.1331652371102,-18.0632980464606,4.68448483381465));
#6221=CARTESIAN_POINT('Ctrl Pts',(-17.8961672394966,-10.7322856931885,4.45489597767444));
#6222=CARTESIAN_POINT('Ctrl Pts',(-19.7650936655813,-5.3585192858555,4.32369887268736));
#6223=CARTESIAN_POINT('Ctrl Pts',(-20.1214883124598,-2.59416256640411,4.2581031727762));
#6224=CARTESIAN_POINT('Ctrl Pts',(-21.4723213134502,-0.577767681052567,
4.89796867257274));
#6225=CARTESIAN_POINT('Ctrl Pts',(-21.1789205391756,-0.74611451808033,4.73516540485945));
#6226=CARTESIAN_POINT('Ctrl Pts',(-20.546745174843,-1.27464618282903,4.39311157124417));
#6227=CARTESIAN_POINT('Ctrl Pts',(-20.1851735935573,-2.10019096421272,4.24638167071628));
#6228=CARTESIAN_POINT('Ctrl Pts',(-20.1214883124598,-2.59416256640411,4.2581031727762));
#6229=CARTESIAN_POINT('Ctrl Pts',(-21.4492340436888,-0.52300321077723,4.88259051696566));
#6230=CARTESIAN_POINT('Ctrl Pts',(-21.1514327820259,-0.697032232505884,
4.71712195480475));
#6231=CARTESIAN_POINT('Ctrl Pts',(-20.5105722820958,-1.2405844046353,4.36993561526962));
#6232=CARTESIAN_POINT('Ctrl Pts',(-20.1438658590023,-2.08450257111695,4.22129180970302));
#6233=CARTESIAN_POINT('Ctrl Pts',(-20.0785763170154,-2.58920707859587,4.23317892484992));
#6234=CARTESIAN_POINT('Ctrl Pts',(-21.4297069904434,-0.42897940544891,4.81993581256393));
#6235=CARTESIAN_POINT('Ctrl Pts',(-21.1221875877137,-0.612779611554067,
4.6532889184345));
#6236=CARTESIAN_POINT('Ctrl Pts',(-20.4621318814209,-1.18256650956315,4.30389082818675));
#6237=CARTESIAN_POINT('Ctrl Pts',(-20.0849287241284,-2.05904594365886,4.15438181159321));
#6238=CARTESIAN_POINT('Ctrl Pts',(-20.016921277271,-2.58281914173502,4.16633097495577));
#6239=CARTESIAN_POINT('Ctrl Pts',(-21.4548565257952,-0.379401961728339,
4.72300348007798));
#6240=CARTESIAN_POINT('Ctrl Pts',(-21.137931300932,-0.565231937672279,4.55905564666982));
#6241=CARTESIAN_POINT('Ctrl Pts',(-20.4563806986634,-1.14522931483055,4.21481036656254));
#6242=CARTESIAN_POINT('Ctrl Pts',(-20.0665828477269,-2.04456108806916,4.06724610142174));
#6243=CARTESIAN_POINT('Ctrl Pts',(-19.9969573033197,-2.5822990481779,4.07903553295044));
#6244=CARTESIAN_POINT('Ctrl Pts',(-21.4721235177729,-0.369432859261904,
4.68150242599504));
#6245=CARTESIAN_POINT('Ctrl Pts',(-21.1519742547054,-0.554271122474786,
4.51870023626389));
#6246=CARTESIAN_POINT('Ctrl Pts',(-20.4620642099342,-1.13457434177807,4.17664886546382));
#6247=CARTESIAN_POINT('Ctrl Pts',(-20.066883375866,-2.04098633862462,4.02992027392597));
#6248=CARTESIAN_POINT('Ctrl Pts',(-19.9968452484074,-2.58316648926181,4.04164177598589));
#6249=CARTESIAN_POINT('',(-21.4723213134502,-0.577767681052567,4.89796867257274));
#6250=CARTESIAN_POINT('Ctrl Pts',(-20.1214883124598,-2.59416256640411,4.2581031727762));
#6251=CARTESIAN_POINT('Ctrl Pts',(-20.1851735935573,-2.10019096421272,4.24638167071628));
#6252=CARTESIAN_POINT('Ctrl Pts',(-20.546745174843,-1.27464618282903,4.39311157124417));
#6253=CARTESIAN_POINT('Ctrl Pts',(-21.1789205391756,-0.74611451808033,4.73516540485945));
#6254=CARTESIAN_POINT('Ctrl Pts',(-21.4723213134502,-0.577767681052567,
4.89796867257274));
#6255=CARTESIAN_POINT('',(-21.4721235177729,-0.369432859261908,4.68150242599504));
#6256=CARTESIAN_POINT('Origin',(-21.5971235177729,-0.585939210208015,4.68150242599504));
#6257=CARTESIAN_POINT('Ctrl Pts',(-21.4721235177729,-0.369432859261904,
4.68150242599504));
#6258=CARTESIAN_POINT('Ctrl Pts',(-21.1519742547054,-0.554271122474786,
4.51870023626389));
#6259=CARTESIAN_POINT('Ctrl Pts',(-20.4620642099342,-1.13457434177807,4.17664886546382));
#6260=CARTESIAN_POINT('Ctrl Pts',(-20.066883375866,-2.04098633862462,4.02992027392597));
#6261=CARTESIAN_POINT('Ctrl Pts',(-19.9968452484074,-2.58316648926181,4.04164177598589));
#6262=CARTESIAN_POINT('Ctrl Pts',(-21.4721235177729,-0.369432859261908,
4.68150242599504));
#6263=CARTESIAN_POINT('Ctrl Pts',(-21.5556316065343,-0.321219441736014,
4.72782843001529));
#6264=CARTESIAN_POINT('Ctrl Pts',(-21.6391008982534,-0.273028423692929,
4.7742476784869));
#6265=CARTESIAN_POINT('Ctrl Pts',(-21.7225326306224,-0.224859090550719,
4.82075675858695));
#6266=CARTESIAN_POINT('Ctrl Pts',(-21.4491008618026,-0.382724995883821,
4.73683716477229));
#6267=CARTESIAN_POINT('Ctrl Pts',(-21.532557990467,-0.334539603710766,4.78319261541408));
#6268=CARTESIAN_POINT('Ctrl Pts',(-21.6159795634068,-0.286378911852349,
4.8296398397381));
#6269=CARTESIAN_POINT('Ctrl Pts',(-21.6993616986549,-0.238236834359524,
4.87617793628655));
#6270=CARTESIAN_POINT('Ctrl Pts',(-21.4297192993277,-0.441753477668556,
4.83320813766582));
#6271=CARTESIAN_POINT('Ctrl Pts',(-21.5131270239626,-0.393681705321043,
4.8796119736981));
#6272=CARTESIAN_POINT('Ctrl Pts',(-21.5964966397682,-0.345629974394083,
4.92610905756977));
#6273=CARTESIAN_POINT('Ctrl Pts',(-21.6798311202481,-0.297599112630988,
4.97269481727274));
#6274=CARTESIAN_POINT('Ctrl Pts',(-21.4550058611291,-0.536694328346068,
4.88643505586743));
#6275=CARTESIAN_POINT('Ctrl Pts',(-21.5384614041108,-0.488751220640443,
4.93279846271178));
#6276=CARTESIAN_POINT('Ctrl Pts',(-21.6218799260673,-0.440826708902382,
4.97925402657228));
#6277=CARTESIAN_POINT('Ctrl Pts',(-21.7052621438275,-0.392921674793089,
5.0257999290981));
#6278=CARTESIAN_POINT('Ctrl Pts',(-21.4723213134502,-0.57776768105257,4.89796867257274));
#6279=CARTESIAN_POINT('Ctrl Pts',(-21.5558096588529,-0.529863925815462,
4.94429498333706));
#6280=CARTESIAN_POINT('Ctrl Pts',(-21.6392605892139,-0.481979003954585,
4.99071453379222));
#6281=CARTESIAN_POINT('Ctrl Pts',(-21.7226752568517,-0.434112302907557,
5.03722391128152));
#6282=CARTESIAN_POINT('Ctrl Pts',(-21.6599540590376,-0.26098884570071,4.7858931199739));
#6283=CARTESIAN_POINT('Ctrl Pts',(-21.5973653543709,-0.297124451188291,
4.75104473058956));
#6284=CARTESIAN_POINT('Ctrl Pts',(-21.5347553480062,-0.33327235521693,4.71624735265083));
#6285=CARTESIAN_POINT('Ctrl Pts',(-21.4721235177729,-0.369432859261908,
4.68150242599504));
#6286=CARTESIAN_POINT('Ctrl Pts',(-21.4723213134502,-0.57776768105257,4.89796867257274));
#6287=CARTESIAN_POINT('Ctrl Pts',(-21.5331707029788,-0.54285365504995,4.93173299878527));
#6288=CARTESIAN_POINT('Ctrl Pts',(-21.5940002175148,-0.507949633398436,
4.9655468542268));
#6289=CARTESIAN_POINT('Ctrl Pts',(-21.6548103031904,-0.473055378938031,
4.99940891765124));
#6290=CARTESIAN_POINT('Ctrl Pts',(-20.2872596192351,-0.176262506343887,
4.20103199604567));
#6291=CARTESIAN_POINT('Ctrl Pts',(-20.2643145268718,-2.81717040794969,4.2631863068811));
#6292=CARTESIAN_POINT('Ctrl Pts',(-19.1733150493513,-8.08837869651566,4.38749492855196));
#6293=CARTESIAN_POINT('Ctrl Pts',(-14.6524156196058,-14.7802737382264,4.57395786105826));
#6294=CARTESIAN_POINT('Ctrl Pts',(-7.92149553371284,-19.2428633116098,4.76042079356455));
#6295=CARTESIAN_POINT('Ctrl Pts',(-2.64100757704849,-20.2880253186304,4.88472941523541));
#6296=CARTESIAN_POINT('Ctrl Pts',(-4.46942977628975E-15,-20.2880253186304,
4.94688372607084));
#6297=CARTESIAN_POINT('Ctrl Pts',(-20.7445594865354,-0.180235680753538,
4.46506416248746));
#6298=CARTESIAN_POINT('Ctrl Pts',(-20.7210971834749,-2.88067290547264,4.52721847332289));
#6299=CARTESIAN_POINT('Ctrl Pts',(-19.6055052313837,-8.27070073379489,4.65152709499375));
#6300=CARTESIAN_POINT('Ctrl Pts',(-14.982699149478,-15.1134393478756,4.83799002750005));
#6301=CARTESIAN_POINT('Ctrl Pts',(-8.10005581856042,-19.6766211972995,5.02445296000634));
#6302=CARTESIAN_POINT('Ctrl Pts',(-2.70053914696928,-20.7453424457401,5.1487615816772));
#6303=CARTESIAN_POINT('Ctrl Pts',(-4.44142717849424E-15,-20.7453424457401,
5.21091589251263));
#6304=CARTESIAN_POINT('Ctrl Pts',(-21.2018593538358,-0.184208855163189,
4.72909632892925));
#6305=CARTESIAN_POINT('Ctrl Pts',(-21.1778798400781,-2.9441754029956,4.79125063976468));
#6306=CARTESIAN_POINT('Ctrl Pts',(-20.0376954134162,-8.45302277107414,4.91555926143555));
#6307=CARTESIAN_POINT('Ctrl Pts',(-15.3129826793503,-15.4466049575249,5.10202219394184));
#6308=CARTESIAN_POINT('Ctrl Pts',(-8.27861610340799,-20.1103790829893,5.28848512644813));
#6309=CARTESIAN_POINT('Ctrl Pts',(-2.76007071689006,-21.2026595728497,5.41279374811899));
#6310=CARTESIAN_POINT('Ctrl Pts',(-4.41342458069874E-15,-21.2026595728497,
5.47494805895442));
#6311=CARTESIAN_POINT('Ctrl Pts',(-21.6591592211362,-0.18818202957284,4.99312849537104));
#6312=CARTESIAN_POINT('Ctrl Pts',(-21.6346624966812,-3.00767790051855,5.05528280620647));
#6313=CARTESIAN_POINT('Ctrl Pts',(-20.4698855954486,-8.63534480835339,5.17959142787734));
#6314=CARTESIAN_POINT('Ctrl Pts',(-15.6432662092225,-15.7797705671741,5.36605436038363));
#6315=CARTESIAN_POINT('Ctrl Pts',(-8.45717638825558,-20.544136968679,5.55251729288992));
#6316=CARTESIAN_POINT('Ctrl Pts',(-2.81960228681084,-21.6599766999594,5.67682591456078));
#6317=CARTESIAN_POINT('Ctrl Pts',(-4.38542198290323E-15,-21.6599766999594,
5.73898022539622));
#6318=CARTESIAN_POINT('',(-4.33297842050706E-15,-19.514,4.5));
#6319=CARTESIAN_POINT('Ctrl Pts',(-4.50484656658431E-15,-20.2880253186304,
4.94688372607083));
#6320=CARTESIAN_POINT('Ctrl Pts',(3.30946620330446,-20.2880253186304,5.02476975445149));
#6321=CARTESIAN_POINT('Ctrl Pts',(9.92530679226861,-18.6383318788881,5.18054181121281));
#6322=CARTESIAN_POINT('Ctrl Pts',(17.52211699193,-11.7835149151809,5.41419989635479));
#6323=CARTESIAN_POINT('Ctrl Pts',(21.0044033257399,-2.16456878321387,5.64785798149678));
#6324=CARTESIAN_POINT('Ctrl Pts',(19.5566856536091,7.96345598123289,5.88151606663876));
#6325=CARTESIAN_POINT('Ctrl Pts',(13.5178282023848,16.2216263971187,6.11517415178075));
#6326=CARTESIAN_POINT('Ctrl Pts',(4.30590961729582,20.6721134110637,6.34883223692272));
#6327=CARTESIAN_POINT('Ctrl Pts',(-5.91687877053252,20.2698255527958,6.58249032206473));
#6328=CARTESIAN_POINT('Ctrl Pts',(-14.7506737249613,15.1093831678019,6.81614840720669));
#6329=CARTESIAN_POINT('Ctrl Pts',(-20.121860215545,6.40207436537142,7.04980649234868));
#6330=CARTESIAN_POINT('Ctrl Pts',(-20.7695528177803,-3.80806604627701,7.28346457749066));
#6331=CARTESIAN_POINT('Ctrl Pts',(-16.5417260817328,-13.1242944580229,7.51712266263266));
#6332=CARTESIAN_POINT('Ctrl Pts',(-8.43082803991202,-19.3596713234732,7.75078074777463));
#6333=CARTESIAN_POINT('Ctrl Pts',(1.65915364662562,-21.0504864252715,7.98443883291662));
#6334=CARTESIAN_POINT('Ctrl Pts',(11.3596599286969,-17.7998281873336,8.2180969180586));
#6335=CARTESIAN_POINT('Ctrl Pts',(18.3935555090376,-10.3707702305964,8.45175500320059));
#6336=CARTESIAN_POINT('Ctrl Pts',(21.1096771832052,-0.507237442944035,8.68541308834257));
#6337=CARTESIAN_POINT('Ctrl Pts',(18.8704318083589,9.47536608022778,8.91907117348455));
#6338=CARTESIAN_POINT('Ctrl Pts',(12.2014686111707,17.2336857306697,9.15272925862653));
#6339=CARTESIAN_POINT('Ctrl Pts',(2.66828563693055,20.9465035574795,9.38638734376852));
#6340=CARTESIAN_POINT('Ctrl Pts',(-7.4912609764309,19.7422584512957,9.6200454289105));
#6341=CARTESIAN_POINT('Ctrl Pts',(-15.8922801309122,13.9036395216201,9.85370351405248));
#6342=CARTESIAN_POINT('Ctrl Pts',(-20.5626842124142,4.80122668530745,10.0873615991945));
#6343=CARTESIAN_POINT('Ctrl Pts',(-20.4061245767117,-5.42824460423291,10.3210196843365));
#6344=CARTESIAN_POINT('Ctrl Pts',(-15.4593526335538,-14.3834688395273,10.5546777694784));
#6345=CARTESIAN_POINT('Ctrl Pts',(-6.88359268967162,-19.9622621814076,10.7883358546204));
#6346=CARTESIAN_POINT('Ctrl Pts',(3.30804832444081,-20.8550371851731,11.0219939397624));
#6347=CARTESIAN_POINT('Ctrl Pts',(12.7231453290672,-16.852220407081,11.2556520249044));
#6348=CARTESIAN_POINT('Ctrl Pts',(19.151562177713,-8.8934484799979,11.4893101100464));
#6349=CARTESIAN_POINT('Ctrl Pts',(21.0842675309588,1.15300580914495,11.7229681951884));
#6350=CARTESIAN_POINT('Ctrl Pts',(18.0675706876298,10.928799072209,11.9566262803303));
#6351=CARTESIAN_POINT('Ctrl Pts',(10.8096226878543,18.13912393307,12.1902843654723));
#6352=CARTESIAN_POINT('Ctrl Pts',(1.01418220953163,21.0914009529714,12.4239424506143));
#6353=CARTESIAN_POINT('Ctrl Pts',(-9.01933130823913,19.0926012493143,12.6576005357563));
#6354=CARTESIAN_POINT('Ctrl Pts',(-16.9356122437906,12.6119307657898,12.8912586208983));
#6355=CARTESIAN_POINT('Ctrl Pts',(-20.876362309375,3.17068706131875,13.1249167060403));
#6356=CARTESIAN_POINT('Ctrl Pts',(-19.9165146511316,-7.01485594038586,13.3585747911822));
#6357=CARTESIAN_POINT('Ctrl Pts',(-14.28138760659,-15.5537046308411,13.5922328763242));
#6358=CARTESIAN_POINT('Ctrl Pts',(-5.29379260997952,-20.4414167687964,13.8258909614662));
#6359=CARTESIAN_POINT('Ctrl Pts',(4.93648766055081,-20.5306319749378,14.0595490466082));
#6360=CARTESIAN_POINT('Ctrl Pts',(14.007957797664,-15.8004075280345,14.2932071317502));
#6361=CARTESIAN_POINT('Ctrl Pts',(19.7911459495632,-7.36113454001395,14.5268652168922));
#6362=CARTESIAN_POINT('Ctrl Pts',(20.9284842472093,2.80611953192382,14.7605233020341));
#6363=CARTESIAN_POINT('Ctrl Pts',(17.1529895165156,12.3146542931319,14.9941813871761));
#6364=CARTESIAN_POINT('Ctrl Pts',(9.35093593731844,18.9323996579773,15.2278394723181));
#6365=CARTESIAN_POINT('Ctrl Pts',(-0.64619237238846,21.1058805817439,15.4614975574601));
#6366=CARTESIAN_POINT('Ctrl Pts',(-10.4916309948435,18.3248857781221,15.6951556426021));
#6367=CARTESIAN_POINT('Ctrl Pts',(-17.8742237340039,11.2422366822699,15.9288137277441));
#6368=CARTESIAN_POINT('Ctrl Pts',(-21.0609523255008,1.5205416320414,16.162471812886));
#6369=CARTESIAN_POINT('Ctrl Pts',(-19.3037518217121,-8.55809121955963,16.396129898028));
#6370=CARTESIAN_POINT('Ctrl Pts',(-13.0151142388612,-16.6277647642614,16.62978798317));
#6371=CARTESIAN_POINT('Ctrl Pts',(-3.67125859370567,-20.7941727429057,16.863446068312));
#6372=CARTESIAN_POINT('Ctrl Pts',(6.53440243995551,-20.0792764923411,17.097104153454));
#6373=CARTESIAN_POINT('Ctrl Pts',(15.2061526660657,-14.6508935155111,17.330762238596));
#6374=CARTESIAN_POINT('Ctrl Pts',(20.3083520312307,-5.78330334241237,17.5644203237379));
#6375=CARTESIAN_POINT('Ctrl Pts',(20.6432905853776,4.44188173316341,17.7980784088799));
#6376=CARTESIAN_POINT('Ctrl Pts',(16.1323435867745,13.624362389893,18.0317364940219));
#6377=CARTESIAN_POINT('Ctrl Pts',(7.83442806494992,19.6086076987475,18.2653945791639));
#6378=CARTESIAN_POINT('Ctrl Pts',(-2.30257122171366,20.9898529383032,18.4990526643059));
#6379=CARTESIAN_POINT('Ctrl Pts',(-11.8990561959289,17.4438591225107,18.7327107494479));
#6380=CARTESIAN_POINT('Ctrl Pts',(-18.7023106199132,9.80302681168007,18.9663688345898));
#6381=CARTESIAN_POINT('Ctrl Pts',(-21.1153130889168,-0.139006189319317,
19.2000269197319));
#6382=CARTESIAN_POINT('Ctrl Pts',(-18.5716246220843,-10.0484075398974,19.4336850048738));
#6383=CARTESIAN_POINT('Ctrl Pts',(-11.6683633827661,-17.5990085729762,19.6673430900158));
#6384=CARTESIAN_POINT('Ctrl Pts',(-2.0260217198698,-21.0183473958822,19.9010011751578));
#6385=CARTESIAN_POINT('Ctrl Pts',(8.09190849046734,-19.5037645518905,20.1346592602998));
#6386=CARTESIAN_POINT('Ctrl Pts',(16.3103279327842,-13.4107806550088,20.3683173454417));
#6387=CARTESIAN_POINT('Ctrl Pts',(20.6999685031727,-4.16972256794254,20.6019754305837));
#6388=CARTESIAN_POINT('Ctrl Pts',(20.2304772873339,6.05019993379289,20.8356335157257));
#6389=CARTESIAN_POINT('Ctrl Pts',(15.0118901626893,14.8497810091676,21.0692916008677));
#6390=CARTESIAN_POINT('Ctrl Pts',(6.26958276864181,20.1636533600998,21.3029496860097));
#6391=CARTESIAN_POINT('Ctrl Pts',(-3.94492297211249,20.7438641489891,21.5366077711517));
#6392=CARTESIAN_POINT('Ctrl Pts',(-13.232481747202,16.4553102202644,21.7702658562937));
#6393=CARTESIAN_POINT('Ctrl Pts',(-19.4156561942617,8.30249508849334,22.0039239414356));
#6394=CARTESIAN_POINT('Ctrl Pts',(-20.4961197560258,1.57022699850955,22.159695998197));
#6395=CARTESIAN_POINT('Ctrl Pts',(-20.2143678834147,-1.72722390076016,22.2375820265776));
#6396=CARTESIAN_POINT('Ctrl Pts',(-4.60639136739887E-15,-20.7453424457402,
5.21091589251273));
#6397=CARTESIAN_POINT('Ctrl Pts',(3.38406565557213,-20.7453424457402,5.28880192089339));
#6398=CARTESIAN_POINT('Ctrl Pts',(10.1490354556864,-19.0584628800627,5.44457397765471));
#6399=CARTESIAN_POINT('Ctrl Pts',(17.9170871320881,-12.04912988281,5.6782320627967));
#6400=CARTESIAN_POINT('Ctrl Pts',(21.4778684971759,-2.21336083477257,5.91189014793868));
#6401=CARTESIAN_POINT('Ctrl Pts',(19.99751748216,8.14296210634891,6.14554823308067));
#6402=CARTESIAN_POINT('Ctrl Pts',(13.8225367317359,16.5872818744,6.37920631822265));
#6403=CARTESIAN_POINT('Ctrl Pts',(4.40297013377538,21.1380883577607,6.61286440336463));
#6404=CARTESIAN_POINT('Ctrl Pts',(-6.05025251974175,20.7267324347243,6.84652248850662));
#6405=CARTESIAN_POINT('Ctrl Pts',(-15.0831721137838,15.4499673101312,7.0801805736486));
#6406=CARTESIAN_POINT('Ctrl Pts',(-20.5754317761754,6.54638502204368,7.31383865879058));
#6407=CARTESIAN_POINT('Ctrl Pts',(-21.2377241689497,-3.89390455430217,7.54749674393257));
#6408=CARTESIAN_POINT('Ctrl Pts',(-16.9145970009242,-13.420132251136,7.78115482907456));
#6409=CARTESIAN_POINT('Ctrl Pts',(-8.62086930799095,-19.7960622058974,8.01481291421654));
#6410=CARTESIAN_POINT('Ctrl Pts',(1.69655301729833,-21.5249903666398,8.24847099935852));
#6411=CARTESIAN_POINT('Ctrl Pts',(11.6157206818726,-18.2010582805455,8.48212908450051));
#6412=CARTESIAN_POINT('Ctrl Pts',(18.8081689487697,-10.6045401896381,8.71578716964249));
#6413=CARTESIAN_POINT('Ctrl Pts',(21.5855153573017,-0.518671200864101,8.94944525478448));
#6414=CARTESIAN_POINT('Ctrl Pts',(19.2957946283666,9.68895252474707,9.18310333992645));
#6415=CARTESIAN_POINT('Ctrl Pts',(12.4765047708831,17.6221542742607,9.41676142506845));
#6416=CARTESIAN_POINT('Ctrl Pts',(2.72843208798356,21.4186635966877,9.65041951021041));
#6417=CARTESIAN_POINT('Ctrl Pts',(-7.66012324342666,20.1872733197125,9.88407759535242));
#6418=CARTESIAN_POINT('Ctrl Pts',(-16.2505117369236,14.2170447142171,10.1177356804944));
#6419=CARTESIAN_POINT('Ctrl Pts',(-21.0261924899327,4.90945225974578,10.3513937656364));
#6420=CARTESIAN_POINT('Ctrl Pts',(-20.8661038068391,-5.55060393633498,10.5850518507784));
#6421=CARTESIAN_POINT('Ctrl Pts',(-15.8078255195208,-14.7076899770831,10.8187099359203));
#6422=CARTESIAN_POINT('Ctrl Pts',(-7.03875736359109,-20.4122362053966,11.0523680210623));
#6423=CARTESIAN_POINT('Ctrl Pts',(3.38261581596916,-21.3251354594756,11.2860261062043));
#6424=CARTESIAN_POINT('Ctrl Pts',(13.0099407257758,-17.2320902515311,11.5196841913463));
#6425=CARTESIAN_POINT('Ctrl Pts',(19.5832620231747,-9.09391778369289,11.7533422764883));
#6426=CARTESIAN_POINT('Ctrl Pts',(21.5595329401369,1.17899598294934,11.9870003616303));
#6427=CARTESIAN_POINT('Ctrl Pts',(18.4748360272059,11.1751476899758,12.2206584467722));
#6428=CARTESIAN_POINT('Ctrl Pts',(11.0532849228482,18.5480021710986,12.4543165319142));
#6429=CARTESIAN_POINT('Ctrl Pts',(1.03704312808553,21.5668271582846,12.6879746170562));
#6430=CARTESIAN_POINT('Ctrl Pts',(-9.2226381662283,19.5229720426892,12.9216327021982));
#6431=CARTESIAN_POINT('Ctrl Pts',(-17.3173618431499,12.8962192489978,13.1552907873402));
#6432=CARTESIAN_POINT('Ctrl Pts',(-21.3469412782933,3.24215826046573,13.3889488724822));
#6433=CARTESIAN_POINT('Ctrl Pts',(-20.3654574693334,-7.17297944996178,13.6226069576241));
#6434=CARTESIAN_POINT('Ctrl Pts',(-14.603307707182,-15.904304327262,13.8562650427661));
#6435=CARTESIAN_POINT('Ctrl Pts',(-5.41312122821072,-20.9021915284857,14.0899231279081));
#6436=CARTESIAN_POINT('Ctrl Pts',(5.04776218428988,-20.9934177554694,14.3235812130501));
#6437=CARTESIAN_POINT('Ctrl Pts',(14.323714452937,-16.1565682122018,14.5572392981921));
#6438=CARTESIAN_POINT('Ctrl Pts',(20.2372628025206,-7.52706359655042,14.7908973833341));
#6439=CARTESIAN_POINT('Ctrl Pts',(21.4002381089274,2.86937292906385,15.024555468476));
#6440=CARTESIAN_POINT('Ctrl Pts',(17.5396390678564,12.5922417977924,15.2582135536181));
#6441=CARTESIAN_POINT('Ctrl Pts',(9.56171757286361,19.3591593097869,15.49187163876));
#6442=CARTESIAN_POINT('Ctrl Pts',(-0.660758345895475,21.5816331757582,15.725529723902));
#6443=CARTESIAN_POINT('Ctrl Pts',(-10.7281253046595,18.7379513173775,15.959187809044));
#6444=CARTESIAN_POINT('Ctrl Pts',(-18.2771307946455,11.495650570565,16.192845894186));
#6445=CARTESIAN_POINT('Ctrl Pts',(-21.5356921811757,1.55481651685127,16.426503979328));
#6446=CARTESIAN_POINT('Ctrl Pts',(-19.7388822095592,-8.75100115675687,16.6601620644699));
#6447=CARTESIAN_POINT('Ctrl Pts',(-13.3084909751007,-17.002575101533,16.8938201496119));
#6448=CARTESIAN_POINT('Ctrl Pts',(-3.7540132929227,-21.2628990575697,17.1274782347539));
#6449=CARTESIAN_POINT('Ctrl Pts',(6.68169593472831,-20.5318881633,17.3611363198959));
#6450=CARTESIAN_POINT('Ctrl Pts',(15.5489181123042,-14.9811427352789,17.5947944050379));
#6451=CARTESIAN_POINT('Ctrl Pts',(20.7661273475268,-5.91366613663306,17.8284524901798));
#6452=CARTESIAN_POINT('Ctrl Pts',(21.1086158300149,4.54200722893094,18.0621105753218));
#6453=CARTESIAN_POINT('Ctrl Pts',(16.4959865193312,13.9314723312991,18.2957686604638));
#6454=CARTESIAN_POINT('Ctrl Pts',(8.01102574160609,20.0506099142702,18.5294267456058));
#6455=CARTESIAN_POINT('Ctrl Pts',(-2.354474018538,21.4629901260506,18.7630848307478));
#6456=CARTESIAN_POINT('Ctrl Pts',(-12.1672756066097,17.8370652337181,18.9967429158898));
#6457=CARTESIAN_POINT('Ctrl Pts',(-19.1238837808635,10.0239991334359,19.2304010010318));
#6458=CARTESIAN_POINT('Ctrl Pts',(-21.591278303283,-0.142139560367095,19.4640590861737));
#6459=CARTESIAN_POINT('Ctrl Pts',(-18.9902519593706,-10.2749110460792,19.6977171713157));
#6460=CARTESIAN_POINT('Ctrl Pts',(-11.931382692752,-17.9957119442592,19.9313752564577));
#6461=CARTESIAN_POINT('Ctrl Pts',(-2.0716907496468,-21.4921268838669,20.1650333415997));
#6462=CARTESIAN_POINT('Ctrl Pts',(8.27431009365828,-19.9434034735014,20.3986914267417));
#6463=CARTESIAN_POINT('Ctrl Pts',(16.6779828521415,-13.7130762005401,20.6323495118837));
#6464=CARTESIAN_POINT('Ctrl Pts',(21.1665713380204,-4.26371326026811,20.8660075970256));
#6465=CARTESIAN_POINT('Ctrl Pts',(20.6864972108012,6.18657890654692,21.0996656821677));
#6466=CARTESIAN_POINT('Ctrl Pts',(15.3502766923722,15.1845133984794,21.3333237673096));
#6467=CARTESIAN_POINT('Ctrl Pts',(6.41090690122261,20.6181669897832,21.5669818524516));
#6468=CARTESIAN_POINT('Ctrl Pts',(-4.03384640413421,21.2114564458629,21.8006399375936));
#6469=CARTESIAN_POINT('Ctrl Pts',(-13.5307582153217,16.8262332192968,22.0342980227356));
#6470=CARTESIAN_POINT('Ctrl Pts',(-19.8533090447616,8.48964357347807,22.2679561078775));
#6471=CARTESIAN_POINT('Ctrl Pts',(-20.9581275885534,1.60562185279383,22.4237281646389));
#6472=CARTESIAN_POINT('Ctrl Pts',(-20.6700246810379,-1.76615765896312,22.5016141930195));
#6473=CARTESIAN_POINT('Ctrl Pts',(-4.70793616821343E-15,-21.2026595728501,
5.47494805895464));
#6474=CARTESIAN_POINT('Ctrl Pts',(3.45866510783979,-21.2026595728501,5.5528340873353));
#6475=CARTESIAN_POINT('Ctrl Pts',(10.3727641191043,-19.4785938812374,5.70860614409662));
#6476=CARTESIAN_POINT('Ctrl Pts',(18.3120572722463,-12.3147448504391,5.94226422923861));
#6477=CARTESIAN_POINT('Ctrl Pts',(21.9513336686119,-2.2621528863313,6.17592231438059));
#6478=CARTESIAN_POINT('Ctrl Pts',(20.4383493107109,8.32246823146495,6.40958039952258));
#6479=CARTESIAN_POINT('Ctrl Pts',(14.1272452610871,16.9529373516814,6.64323848466455));
#6480=CARTESIAN_POINT('Ctrl Pts',(4.50003065025492,21.6040633044577,6.87689656980654));
#6481=CARTESIAN_POINT('Ctrl Pts',(-6.18362626895095,21.1836393166528,7.11055465494852));
#6482=CARTESIAN_POINT('Ctrl Pts',(-15.4156705026063,15.7905514524605,7.34421274009051));
#6483=CARTESIAN_POINT('Ctrl Pts',(-21.0290033368057,6.69069567871596,7.5778708252325));
#6484=CARTESIAN_POINT('Ctrl Pts',(-21.7058955201192,-3.97974306232733,7.81152891037447));
#6485=CARTESIAN_POINT('Ctrl Pts',(-17.2874679201156,-13.7159700442491,8.04518699551647));
#6486=CARTESIAN_POINT('Ctrl Pts',(-8.81091057606986,-20.2324530883216,8.27884508065844));
#6487=CARTESIAN_POINT('Ctrl Pts',(1.73395238797102,-21.9994943080081,8.51250316580043));
#6488=CARTESIAN_POINT('Ctrl Pts',(11.8717814350484,-18.6022883737574,8.74616125094241));
#6489=CARTESIAN_POINT('Ctrl Pts',(19.2227823885018,-10.8383101486798,8.97981933608439));
#6490=CARTESIAN_POINT('Ctrl Pts',(22.0613535313982,-0.530104958784187,9.21347742122638));
#6491=CARTESIAN_POINT('Ctrl Pts',(19.7211574483744,9.90253896926639,9.44713550636836));
#6492=CARTESIAN_POINT('Ctrl Pts',(12.7515409305953,18.0106228178516,9.68079359151035));
#6493=CARTESIAN_POINT('Ctrl Pts',(2.7885785390366,21.890823635896,9.91445167665234));
#6494=CARTESIAN_POINT('Ctrl Pts',(-7.82898551042245,20.6322881881293,10.1481097617943));
#6495=CARTESIAN_POINT('Ctrl Pts',(-16.6087433429351,14.5304499068141,10.3817678469363));
#6496=CARTESIAN_POINT('Ctrl Pts',(-21.4897007674511,5.01767783418411,10.6154259320783));
#6497=CARTESIAN_POINT('Ctrl Pts',(-21.3260830369664,-5.67296326843705,10.8490840172203));
#6498=CARTESIAN_POINT('Ctrl Pts',(-16.1562984054879,-15.0319111146388,11.0827421023622));
#6499=CARTESIAN_POINT('Ctrl Pts',(-7.19392203751053,-20.8622102293856,11.3164001875043));
#6500=CARTESIAN_POINT('Ctrl Pts',(3.45718330749749,-21.795233733778,11.5500582726462));
#6501=CARTESIAN_POINT('Ctrl Pts',(13.2967361224844,-17.6119600959812,11.7837163577882));
#6502=CARTESIAN_POINT('Ctrl Pts',(20.0149618686365,-9.29438708738788,12.0173744429302));
#6503=CARTESIAN_POINT('Ctrl Pts',(22.0347983493149,1.20498615675374,12.2510325280722));
#6504=CARTESIAN_POINT('Ctrl Pts',(18.882101366782,11.4214963077427,12.4846906132141));
#6505=CARTESIAN_POINT('Ctrl Pts',(11.2969471578421,18.9568804091272,12.7183486983561));
#6506=CARTESIAN_POINT('Ctrl Pts',(1.05990404663944,22.0422533635978,12.9520067834981));
#6507=CARTESIAN_POINT('Ctrl Pts',(-9.4259450242175,19.9533428360642,13.1856648686401));
#6508=CARTESIAN_POINT('Ctrl Pts',(-17.6991114425091,13.1805077322059,13.4193229537821));
#6509=CARTESIAN_POINT('Ctrl Pts',(-21.8175202472115,3.31362945961271,13.6529810389241));
#6510=CARTESIAN_POINT('Ctrl Pts',(-20.8144002875353,-7.33110295953769,13.886639124066));
#6511=CARTESIAN_POINT('Ctrl Pts',(-14.9252278077741,-16.2549040236829,14.1202972092081));
#6512=CARTESIAN_POINT('Ctrl Pts',(-5.53244984644189,-21.3629662881749,14.35395529435));
#6513=CARTESIAN_POINT('Ctrl Pts',(5.15903670802892,-21.4562035360011,14.587613379492));
#6514=CARTESIAN_POINT('Ctrl Pts',(14.63947110821,-16.512728896369,14.821271464634));
#6515=CARTESIAN_POINT('Ctrl Pts',(20.6833796554779,-7.69299265308689,15.054929549776));
#6516=CARTESIAN_POINT('Ctrl Pts',(21.8719919706455,2.93262632620388,15.288587634918));
#6517=CARTESIAN_POINT('Ctrl Pts',(17.9262886191971,12.8698293024528,15.5222457200599));
#6518=CARTESIAN_POINT('Ctrl Pts',(9.77249920840879,19.7859189615964,15.7559038052019));
#6519=CARTESIAN_POINT('Ctrl Pts',(-0.675324319402504,22.0573857697725,15.9895618903439));
#6520=CARTESIAN_POINT('Ctrl Pts',(-10.9646196144755,19.1510168566328,16.2232199754859));
#6521=CARTESIAN_POINT('Ctrl Pts',(-18.6800378552872,11.7490644588602,16.4568780606279));
#6522=CARTESIAN_POINT('Ctrl Pts',(-22.0104320368507,1.58909140166115,16.6905361457698));
#6523=CARTESIAN_POINT('Ctrl Pts',(-20.1740125974063,-8.94391109395411,16.9241942309118));
#6524=CARTESIAN_POINT('Ctrl Pts',(-13.6018677113401,-17.3773854388046,17.1578523160538));
#6525=CARTESIAN_POINT('Ctrl Pts',(-3.83676799213974,-21.7316253722338,17.3915104011958));
#6526=CARTESIAN_POINT('Ctrl Pts',(6.82898942950113,-20.9844998342589,17.6251684863378));
#6527=CARTESIAN_POINT('Ctrl Pts',(15.8916835585428,-15.3113919550466,17.8588265714798));
#6528=CARTESIAN_POINT('Ctrl Pts',(21.2239026638228,-6.04402893085375,18.0924846566218));
#6529=CARTESIAN_POINT('Ctrl Pts',(21.5739410746521,4.64213272469847,18.3261427417638));
#6530=CARTESIAN_POINT('Ctrl Pts',(16.859629451888,14.2385822727052,18.5598008269057));
#6531=CARTESIAN_POINT('Ctrl Pts',(8.18762341826226,20.4926121297929,18.7934589120477));
#6532=CARTESIAN_POINT('Ctrl Pts',(-2.40637681536234,21.9361273137979,19.0271169971897));
#6533=CARTESIAN_POINT('Ctrl Pts',(-12.4354950172906,18.2302713449255,19.2607750823317));
#6534=CARTESIAN_POINT('Ctrl Pts',(-19.5454569418138,10.2449714551917,19.4944331674737));
#6535=CARTESIAN_POINT('Ctrl Pts',(-22.0672435176491,-0.145272931414874,
19.7280912526157));
#6536=CARTESIAN_POINT('Ctrl Pts',(-19.4088792966569,-10.501414552261,19.9617493377576));
#6537=CARTESIAN_POINT('Ctrl Pts',(-12.1944020027377,-18.3924153155422,20.1954074228996));
#6538=CARTESIAN_POINT('Ctrl Pts',(-2.11735977942379,-21.9659063718516,20.4290655080416));
#6539=CARTESIAN_POINT('Ctrl Pts',(8.45671169684921,-20.3830423951124,20.6627235931836));
#6540=CARTESIAN_POINT('Ctrl Pts',(17.0456377714989,-14.0153717460715,20.8963816783255));
#6541=CARTESIAN_POINT('Ctrl Pts',(21.6331741728681,-4.35770395259367,21.1300397634676));
#6542=CARTESIAN_POINT('Ctrl Pts',(21.1425171342685,6.32295787930093,21.3636978486095));
#6543=CARTESIAN_POINT('Ctrl Pts',(15.6886632220551,15.5192457877912,21.5973559337515));
#6544=CARTESIAN_POINT('Ctrl Pts',(6.55223103380343,21.0726806194666,21.8310140188935));
#6545=CARTESIAN_POINT('Ctrl Pts',(-4.12276983615594,21.6790487427368,22.0646721040355));
#6546=CARTESIAN_POINT('Ctrl Pts',(-13.8290346834414,17.1971562183293,22.2983301891775));
#6547=CARTESIAN_POINT('Ctrl Pts',(-20.2909618952615,8.6767920584628,22.5319882743194));
#6548=CARTESIAN_POINT('Ctrl Pts',(-21.420135421081,1.64101670707811,22.6877603310808));
#6549=CARTESIAN_POINT('Ctrl Pts',(-21.1256814786611,-1.80509141716608,22.7656463594614));
#6550=CARTESIAN_POINT('Ctrl Pts',(-4.80948096902799E-15,-21.65997669996,
5.73898022539654));
#6551=CARTESIAN_POINT('Ctrl Pts',(3.53326456010746,-21.65997669996,5.81686625377721));
#6552=CARTESIAN_POINT('Ctrl Pts',(10.5964927825221,-19.8987248824121,5.97263831053853));
#6553=CARTESIAN_POINT('Ctrl Pts',(18.7070274124045,-12.5803598180683,6.20629639568051));
#6554=CARTESIAN_POINT('Ctrl Pts',(22.424798840048,-2.31094493789,6.4399544808225));
#6555=CARTESIAN_POINT('Ctrl Pts',(20.8791811392619,8.50197435658098,6.67361256596448));
#6556=CARTESIAN_POINT('Ctrl Pts',(14.4319537904383,17.3185928289627,6.90727065110647));
#6557=CARTESIAN_POINT('Ctrl Pts',(4.59709116673448,22.0700382511548,7.14092873624844));
#6558=CARTESIAN_POINT('Ctrl Pts',(-6.31700001816017,21.6405461985814,7.37458682139043));
#6559=CARTESIAN_POINT('Ctrl Pts',(-15.7481688914288,16.1311355947898,7.60824490653241));
#6560=CARTESIAN_POINT('Ctrl Pts',(-21.482574897436,6.83500633538825,7.8419029916744));
#6561=CARTESIAN_POINT('Ctrl Pts',(-22.1740668712887,-4.0655815703525,8.07556107681638));
#6562=CARTESIAN_POINT('Ctrl Pts',(-17.660338839307,-14.0118078373623,8.30921916195837));
#6563=CARTESIAN_POINT('Ctrl Pts',(-9.00095184414879,-20.6688439707458,8.54287724710035));
#6564=CARTESIAN_POINT('Ctrl Pts',(1.77135175864373,-22.4739982493764,8.77653533224233));
#6565=CARTESIAN_POINT('Ctrl Pts',(12.1278421882241,-19.0035184669694,9.01019341738433));
#6566=CARTESIAN_POINT('Ctrl Pts',(19.6373958282338,-11.0720801077215,9.24385150252629));
#6567=CARTESIAN_POINT('Ctrl Pts',(22.5371917054947,-0.541538716704267,9.47750958766829));
#6568=CARTESIAN_POINT('Ctrl Pts',(20.1465202683821,10.1161254137857,9.71116767281026));
#6569=CARTESIAN_POINT('Ctrl Pts',(13.0265770903076,18.3990913614425,9.94482575795226));
#6570=CARTESIAN_POINT('Ctrl Pts',(2.84872499008963,22.3629836751043,10.1784838430942));
#6571=CARTESIAN_POINT('Ctrl Pts',(-7.99784777741822,21.0773030565461,10.4121419282362));
#6572=CARTESIAN_POINT('Ctrl Pts',(-16.9669749489465,14.8438550994111,10.6458000133782));
#6573=CARTESIAN_POINT('Ctrl Pts',(-21.9532090449695,5.12590340862243,10.8794580985202));
#6574=CARTESIAN_POINT('Ctrl Pts',(-21.7860622670938,-5.79532260053911,11.1131161836622));
#6575=CARTESIAN_POINT('Ctrl Pts',(-16.5047712914549,-15.3561322521946,11.3467742688041));
#6576=CARTESIAN_POINT('Ctrl Pts',(-7.34908671143,-21.3121842533746,11.5804323539462));
#6577=CARTESIAN_POINT('Ctrl Pts',(3.53175079902585,-22.2653320080805,11.8140904390881));
#6578=CARTESIAN_POINT('Ctrl Pts',(13.5835315191929,-17.9918299404314,12.0477485242301));
#6579=CARTESIAN_POINT('Ctrl Pts',(20.4466617140983,-9.49485639108288,12.2814066093721));
#6580=CARTESIAN_POINT('Ctrl Pts',(22.510063758493,1.23097633055814,12.5150646945141));
#6581=CARTESIAN_POINT('Ctrl Pts',(19.2893667063582,11.6678449255095,12.7487227796561));
#6582=CARTESIAN_POINT('Ctrl Pts',(11.5406093928361,19.3657586471558,12.982380864798));
#6583=CARTESIAN_POINT('Ctrl Pts',(1.08276496519336,22.5176795689111,13.21603894994));
#6584=CARTESIAN_POINT('Ctrl Pts',(-9.62925188220669,20.3837136294392,13.449697035082));
#6585=CARTESIAN_POINT('Ctrl Pts',(-18.0808610418683,13.4647962154139,13.683355120224));
#6586=CARTESIAN_POINT('Ctrl Pts',(-22.2880992161297,3.38510065875969,13.917013205366));
#6587=CARTESIAN_POINT('Ctrl Pts',(-21.2633431057372,-7.48922646911362,14.150671290508));
#6588=CARTESIAN_POINT('Ctrl Pts',(-15.2471479083662,-16.6055037201038,14.3843293756499));
#6589=CARTESIAN_POINT('Ctrl Pts',(-5.65177846467306,-21.8237410478641,14.6179874607919));
#6590=CARTESIAN_POINT('Ctrl Pts',(5.27031123176798,-21.9189893165328,14.8516455459339));
#6591=CARTESIAN_POINT('Ctrl Pts',(14.9552277634829,-16.8688895805363,15.0853036310759));
#6592=CARTESIAN_POINT('Ctrl Pts',(21.1294965084352,-7.85892170962337,15.3189617162179));
#6593=CARTESIAN_POINT('Ctrl Pts',(22.3437458323635,2.99587972334391,15.5526198013599));
#6594=CARTESIAN_POINT('Ctrl Pts',(18.3129381705379,13.1474168071132,15.7862778865019));
#6595=CARTESIAN_POINT('Ctrl Pts',(9.98328084395397,20.212678613406,16.0199359716438));
#6596=CARTESIAN_POINT('Ctrl Pts',(-0.689890292909533,22.5331383637869,16.2535940567858));
#6597=CARTESIAN_POINT('Ctrl Pts',(-11.2011139242915,19.5640823958882,16.4872521419278));
#6598=CARTESIAN_POINT('Ctrl Pts',(-19.0829449159289,12.0024783471554,16.7209102270698));
#6599=CARTESIAN_POINT('Ctrl Pts',(-22.4851718925256,1.62336628647105,16.9545683122118));
#6600=CARTESIAN_POINT('Ctrl Pts',(-20.6091429852533,-9.13682103115137,17.1882263973538));
#6601=CARTESIAN_POINT('Ctrl Pts',(-13.8952444475795,-17.7521957760762,17.4218844824957));
#6602=CARTESIAN_POINT('Ctrl Pts',(-3.91952269135678,-22.2003516868978,17.6555425676377));
#6603=CARTESIAN_POINT('Ctrl Pts',(6.97628292427392,-21.4371115052178,17.8892006527797));
#6604=CARTESIAN_POINT('Ctrl Pts',(16.2344490047813,-15.6416411748144,18.1228587379217));
#6605=CARTESIAN_POINT('Ctrl Pts',(21.6816779801189,-6.17439172507445,18.3565168230637));
#6606=CARTESIAN_POINT('Ctrl Pts',(22.0392663192894,4.742258220466,18.5901749082057));
#6607=CARTESIAN_POINT('Ctrl Pts',(17.2232723844448,14.5456922141112,18.8238329933476));
#6608=CARTESIAN_POINT('Ctrl Pts',(8.36422109491844,20.9346143453156,19.0574910784896));
#6609=CARTESIAN_POINT('Ctrl Pts',(-2.45827961218668,22.4092645015452,19.2911491636316));
#6610=CARTESIAN_POINT('Ctrl Pts',(-12.7037144279714,18.6234774561329,19.5248072487736));
#6611=CARTESIAN_POINT('Ctrl Pts',(-19.9670301027641,10.4659437769475,19.7584653339156));
#6612=CARTESIAN_POINT('Ctrl Pts',(-22.5432087320154,-0.148406302462658,
19.9921234190575));
#6613=CARTESIAN_POINT('Ctrl Pts',(-19.8275066339431,-10.7279180584428,20.2257815041996));
#6614=CARTESIAN_POINT('Ctrl Pts',(-12.4574213127235,-18.7891186868252,20.4594395893415));
#6615=CARTESIAN_POINT('Ctrl Pts',(-2.16302880920079,-22.4396858598364,20.6930976744835));
#6616=CARTESIAN_POINT('Ctrl Pts',(8.63911330004014,-20.8226813167233,20.9267557596255));
#6617=CARTESIAN_POINT('Ctrl Pts',(17.4132926908562,-14.3176672916028,21.1604138447675));
#6618=CARTESIAN_POINT('Ctrl Pts',(22.0997770077159,-4.45169464491922,21.3940719299095));
#6619=CARTESIAN_POINT('Ctrl Pts',(21.5985370577359,6.45933685205493,21.6277300150514));
#6620=CARTESIAN_POINT('Ctrl Pts',(16.027049751738,15.8539781771031,21.8613881001934));
#6621=CARTESIAN_POINT('Ctrl Pts',(6.69355516638424,21.52719424915,22.0950461853354));
#6622=CARTESIAN_POINT('Ctrl Pts',(-4.21169326817767,22.1466410396107,22.3287042704774));
#6623=CARTESIAN_POINT('Ctrl Pts',(-14.1273111515611,17.5680792173617,22.5623623556194));
#6624=CARTESIAN_POINT('Ctrl Pts',(-20.7286147457614,8.86394054344754,22.7960204407614));
#6625=CARTESIAN_POINT('Ctrl Pts',(-21.8821432536086,1.67641156136239,22.9517924975227));
#6626=CARTESIAN_POINT('Ctrl Pts',(-21.5813382762843,-1.84402517536904,23.0296785259033));
#6627=CARTESIAN_POINT('Ctrl Pts',(-21.7345117933271,-0.217942917738495,
2.69154104365844));
#6628=CARTESIAN_POINT('Ctrl Pts',(-21.6470823518027,-0.268420329337737,
2.74256985903848));
#6629=CARTESIAN_POINT('Ctrl Pts',(-21.5596199913693,-0.318916746677905,
2.79352347591347));
#6630=CARTESIAN_POINT('Ctrl Pts',(-21.4721235177729,-0.369432859261915,
2.84439887087523));
#6631=CARTESIAN_POINT('Ctrl Pts',(-21.7098430240574,-0.232185438316941,
2.6351865648727));
#6632=CARTESIAN_POINT('Ctrl Pts',(-21.6224575036101,-0.282638914419511,
2.68624463448787));
#6633=CARTESIAN_POINT('Ctrl Pts',(-21.5350370476703,-0.333108271570388,
2.73722642519455));
#6634=CARTESIAN_POINT('Ctrl Pts',(-21.4475857826358,-0.383599727248653,
2.78813158499224));
#6635=CARTESIAN_POINT('Ctrl Pts',(-21.6888730209885,-0.295028668728996,
2.53709376715569));
#6636=CARTESIAN_POINT('Ctrl Pts',(-21.601525515393,-0.345377474477636,2.58819972637359));
#6637=CARTESIAN_POINT('Ctrl Pts',(-21.5141474172561,-0.395744485727868,
2.63923180091971));
#6638=CARTESIAN_POINT('Ctrl Pts',(-21.4267356862736,-0.446128798267141,
2.69018570170376));
#6639=CARTESIAN_POINT('Ctrl Pts',(-21.7159741005572,-0.394312537568751,
2.48531595413939));
#6640=CARTESIAN_POINT('Ctrl Pts',(-21.6285728015442,-0.444544194887193,
2.53638156919337));
#6641=CARTESIAN_POINT('Ctrl Pts',(-21.5411395107587,-0.494792679698408,
2.58737149392216));
#6642=CARTESIAN_POINT('Ctrl Pts',(-21.4536735079106,-0.545056945317811,
2.63828436478992));
#6643=CARTESIAN_POINT('Ctrl Pts',(-21.7344641114142,-0.436692164087924,
2.47507384829524));
#6644=CARTESIAN_POINT('Ctrl Pts',(-21.6470291107551,-0.486889672273955,
2.52610297486711));
#6645=CARTESIAN_POINT('Ctrl Pts',(-21.5595620597591,-0.537102701318175,
2.57705690794146));
#6646=CARTESIAN_POINT('Ctrl Pts',(-21.4720618341269,-0.587331825076321,
2.62793262429753));
#6647=CARTESIAN_POINT('',(-21.4720618341269,-0.58733182507632,2.62793262429753));
#6648=CARTESIAN_POINT('Ctrl Pts',(-21.6859007101444,-0.464572712920678,
2.50340691575923));
#6649=CARTESIAN_POINT('Ctrl Pts',(-21.6146427077237,-0.505481936832929,
2.54496633185451));
#6650=CARTESIAN_POINT('Ctrl Pts',(-21.543363285166,-0.546401537382734,2.58647544664303));
#6651=CARTESIAN_POINT('Ctrl Pts',(-21.4720618341269,-0.587331825076321,
2.62793262429753));
#6652=CARTESIAN_POINT('',(-21.4721235177729,-0.369432859261912,2.84439887087522));
#6653=CARTESIAN_POINT('Origin',(-21.5971235177729,-0.585939210208023,2.84439887087523));
#6654=CARTESIAN_POINT('Ctrl Pts',(-21.4721235177729,-0.369432859261915,
2.84439887087523));
#6655=CARTESIAN_POINT('Ctrl Pts',(-21.5347510294168,-0.333274848555654,
2.80798369596141));
#6656=CARTESIAN_POINT('Ctrl Pts',(-21.597361063887,-0.297126928300332,2.77152844566777));
#6657=CARTESIAN_POINT('Ctrl Pts',(-21.6599540591294,-0.260988845647713,
2.73503422871104));
#6658=CARTESIAN_POINT('Ctrl Pts',(-20.1201910069843,-2.6042052860432,3.36457403302104));
#6659=CARTESIAN_POINT('Ctrl Pts',(-20.1685500116709,-2.23058174091766,3.35570771052332));
#6660=CARTESIAN_POINT('Ctrl Pts',(-20.4693488454571,-1.38964253499677,3.20971747878845));
#6661=CARTESIAN_POINT('Ctrl Pts',(-21.0810034033243,-0.81181721554831,2.85530778430882));
#6662=CARTESIAN_POINT('Ctrl Pts',(-21.4720618341268,-0.587331825076319,
2.62793262429753));
#6663=CARTESIAN_POINT('Ctrl Pts',(-20.0774283885825,-2.59809343854334,3.38949828094732));
#6664=CARTESIAN_POINT('Ctrl Pts',(-20.1266767970053,-2.21630949586043,3.38050668619086));
#6665=CARTESIAN_POINT('Ctrl Pts',(-20.4313249122886,-1.35668145438044,3.23254685424702));
#6666=CARTESIAN_POINT('Ctrl Pts',(-21.0507339006565,-0.763107074142255,
2.8729287900966));
#6667=CARTESIAN_POINT('Ctrl Pts',(-21.4475440658385,-0.530965318731638,
2.64173494495405));
#6668=CARTESIAN_POINT('Ctrl Pts',(-20.016173548745,-2.58860404203987,3.4563460105533));
#6669=CARTESIAN_POINT('Ctrl Pts',(-20.0670989231161,-2.19234730602898,3.44730748158246));
#6670=CARTESIAN_POINT('Ctrl Pts',(-20.3800472061964,-1.29956776281431,3.29851021511568));
#6671=CARTESIAN_POINT('Ctrl Pts',(-21.0170110875254,-0.67806485146301,2.93654672758963));
#6672=CARTESIAN_POINT('Ctrl Pts',(-21.4267410002159,-0.432604544393964,
2.70362358622535));
#6673=CARTESIAN_POINT('Ctrl Pts',(-19.9967331934947,-2.58403393034947,3.54364167284681));
#6674=CARTESIAN_POINT('Ctrl Pts',(-20.0491590696385,-2.17724975999986,3.53472396746538));
#6675=CARTESIAN_POINT('Ctrl Pts',(-20.3728939739848,-1.26120681246756,3.38789305637123));
#6676=CARTESIAN_POINT('Ctrl Pts',(-21.0313968106603,-0.627939997134994,
3.03122553221191));
#6677=CARTESIAN_POINT('Ctrl Pts',(-21.4537202164201,-0.380058010251963,
2.80219840646298));
#6678=CARTESIAN_POINT('Ctrl Pts',(-19.9968452484069,-2.58316648926556,3.58103542981135));
#6679=CARTESIAN_POINT('Ctrl Pts',(-20.0498231536279,-2.17305317419421,3.57216910731364));
#6680=CARTESIAN_POINT('Ctrl Pts',(-20.378292028868,-1.24987424952476,3.42617985919561));
#6681=CARTESIAN_POINT('Ctrl Pts',(-21.045532613664,-0.615725232583023,3.07177259450214));
#6682=CARTESIAN_POINT('Ctrl Pts',(-21.4721235177729,-0.369432859261908,
2.84439887087523));
#6683=CARTESIAN_POINT('',(-20.1201910069843,-2.6042052860432,3.36457403302104));
#6684=CARTESIAN_POINT('Ctrl Pts',(-21.4720618341268,-0.587331825076319,
2.62793262429753));
#6685=CARTESIAN_POINT('Ctrl Pts',(-21.0810034033243,-0.81181721554831,2.85530778430882));
#6686=CARTESIAN_POINT('Ctrl Pts',(-20.4693488454571,-1.38964253499677,3.20971747878845));
#6687=CARTESIAN_POINT('Ctrl Pts',(-20.1685500116709,-2.23058174091766,3.35570771052332));
#6688=CARTESIAN_POINT('Ctrl Pts',(-20.1201910069843,-2.6042052860432,3.36457403302104));
#6689=CARTESIAN_POINT('Origin',(-20.2447851041875,-2.61519503771136,3.58103542981135));
#6690=CARTESIAN_POINT('Ctrl Pts',(-19.9968452484069,-2.58316648926556,3.58103542981135));
#6691=CARTESIAN_POINT('Ctrl Pts',(-20.0498231536279,-2.17305317419421,3.57216910731364));
#6692=CARTESIAN_POINT('Ctrl Pts',(-20.378292028868,-1.24987424952476,3.42617985919561));
#6693=CARTESIAN_POINT('Ctrl Pts',(-21.045532613664,-0.615725232583023,3.07177259450214));
#6694=CARTESIAN_POINT('Ctrl Pts',(-21.4721235177729,-0.369432859261908,
2.84439887087523));
#6695=CARTESIAN_POINT('Ctrl Pts',(-19.996845248407,-2.58316648926538,3.58103542981135));
#6696=CARTESIAN_POINT('Ctrl Pts',(-19.6420840551521,-5.32944889542762,3.64660843614871));
#6697=CARTESIAN_POINT('Ctrl Pts',(-17.7843270420306,-10.668088879613,3.77776553958033));
#6698=CARTESIAN_POINT('Ctrl Pts',(-11.0648831840565,-17.9510139473862,4.00727848988206));
#6699=CARTESIAN_POINT('Ctrl Pts',(-4.15868385054428,-20.1619627861018,4.17121816121342));
#6700=CARTESIAN_POINT('Ctrl Pts',(-0.00503188120210496,-20.1629993721215,
4.26957767071946));
#6701=CARTESIAN_POINT('Ctrl Pts',(-19.9966958418573,-2.58432307737728,3.53117708719195));
#6702=CARTESIAN_POINT('Ctrl Pts',(-19.6417785561492,-5.33056261951966,3.59675009352932));
#6703=CARTESIAN_POINT('Ctrl Pts',(-17.7836896383126,-10.6691285662743,3.72790719696094));
#6704=CARTESIAN_POINT('Ctrl Pts',(-11.0638673714637,-17.9516333036971,3.95742014726266));
#6705=CARTESIAN_POINT('Ctrl Pts',(-4.15748394262399,-20.1622035320346,4.12135981859402));
#6706=CARTESIAN_POINT('Ctrl Pts',(-0.00386568298011758,-20.1629996631581,
4.21971932810006));
#6707=CARTESIAN_POINT('Ctrl Pts',(-20.0231504021707,-2.58979391180545,3.44410882596411));
#6708=CARTESIAN_POINT('Ctrl Pts',(-19.6674781634547,-5.33969613756976,3.50968183230148));
#6709=CARTESIAN_POINT('Ctrl Pts',(-17.8063986117072,-10.6851626156802,3.64083893573309));
#6710=CARTESIAN_POINT('Ctrl Pts',(-11.0768071136854,-17.9767604396303,3.87035188603482));
#6711=CARTESIAN_POINT('Ctrl Pts',(-4.16104805450959,-20.1895593294439,4.03429155736618));
#6712=CARTESIAN_POINT('Ctrl Pts',(-0.00183585862769661,-20.1899376215776,
4.13265106687222));
#6713=CARTESIAN_POINT('Ctrl Pts',(-20.088119043183,-2.59962140041828,3.38326721896575));
#6714=CARTESIAN_POINT('Ctrl Pts',(-19.7310978628955,-5.3584391920012,3.44884022530311));
#6715=CARTESIAN_POINT('Ctrl Pts',(-17.8635818370395,-10.7211786769466,3.57999732873473));
#6716=CARTESIAN_POINT('Ctrl Pts',(-11.1115970606409,-18.0360203797903,3.80951027903645));
#6717=CARTESIAN_POINT('Ctrl Pts',(-4.17316379462955,-20.2555420330864,3.97344995036782));
#6718=CARTESIAN_POINT('Ctrl Pts',(-0.000429153479730639,-20.2556302773928,
4.07180945987386));
#6719=CARTESIAN_POINT('Ctrl Pts',(-20.1201910069843,-2.6042052860432,3.36457403302104));
#6720=CARTESIAN_POINT('Ctrl Pts',(-19.7625404340938,-5.36742747857913,3.4301470393584));
#6721=CARTESIAN_POINT('Ctrl Pts',(-17.8919234564973,-10.7387042635967,3.56130414279002));
#6722=CARTESIAN_POINT('Ctrl Pts',(-11.1289855542367,-18.0651012515774,3.79081709309174));
#6723=CARTESIAN_POINT('Ctrl Pts',(-4.17940777379128,-20.2880253186304,3.9547567644231));
#6724=CARTESIAN_POINT('Ctrl Pts',(-3.79687600804424E-15,-20.2880253186304,
4.05311627392915));
#6725=CARTESIAN_POINT('',(-4.82112567078651E-15,-20.2880253186304,4.05311627392915));
#6726=CARTESIAN_POINT('Origin',(-0.00509427123833672,-20.4129993643365,
4.26957767071946));
#6727=CARTESIAN_POINT('Ctrl Pts',(-20.1201910069843,-2.6042052860432,3.36457403302104));
#6728=CARTESIAN_POINT('Ctrl Pts',(-19.7625404340938,-5.36742747857913,3.4301470393584));
#6729=CARTESIAN_POINT('Ctrl Pts',(-17.8919234564973,-10.7387042635967,3.56130414279002));
#6730=CARTESIAN_POINT('Ctrl Pts',(-11.1289855542367,-18.0651012515774,3.79081709309174));
#6731=CARTESIAN_POINT('Ctrl Pts',(-4.17940777379128,-20.2880253186304,3.9547567644231));
#6732=CARTESIAN_POINT('Ctrl Pts',(-3.79687600804424E-15,-20.2880253186304,
4.05311627392915));
#6733=CARTESIAN_POINT('Ctrl Pts',(-0.00503188120210551,-20.1629993721215,
4.26957767071946));
#6734=CARTESIAN_POINT('Ctrl Pts',(2.54465300073664,-20.1636356718699,4.32995484151603));
#6735=CARTESIAN_POINT('Ctrl Pts',(7.64386319335393,-19.1868111785504,4.45071985876212));
#6736=CARTESIAN_POINT('Ctrl Pts',(14.2060475994986,-14.991126817459,4.63185697913569));
#6737=CARTESIAN_POINT('Ctrl Pts',(18.7477969012463,-8.66431995871647,4.81299865846263));
#6738=CARTESIAN_POINT('Ctrl Pts',(20.6235064467399,-1.10498027696903,4.99413805367661));
#6739=CARTESIAN_POINT('Ctrl Pts',(19.5662900106591,6.61131116832976,5.17527859953439));
#6740=CARTESIAN_POINT('Ctrl Pts',(15.7265680466637,13.3874941944328,5.35641854771362));
#6741=CARTESIAN_POINT('Ctrl Pts',(9.65035013621649,18.2598036426916,5.53755879866467));
#6742=CARTESIAN_POINT('Ctrl Pts',(2.20176111876586,20.5353686237597,5.71869888684731));
#6743=CARTESIAN_POINT('Ctrl Pts',(-5.55995009547128,19.8906466896787,5.89983906225765));
#6744=CARTESIAN_POINT('Ctrl Pts',(-12.5309658795427,16.4171379664651,6.08097917860225));
#6745=CARTESIAN_POINT('Ctrl Pts',(-17.7199697588842,10.6092034124847,6.26211935051394));
#6746=CARTESIAN_POINT('Ctrl Pts',(-20.3889674472522,3.29201288290957,6.44325944643595));
#6747=CARTESIAN_POINT('Ctrl Pts',(-20.1585221813922,-4.4923262063906,6.62439968010046));
#6748=CARTESIAN_POINT('Ctrl Pts',(-17.0611675199531,-11.6397808248093,6.80553966063712));
#6749=CARTESIAN_POINT('Ctrl Pts',(-11.5378424212711,-17.1280930577234,6.98668013920643));
#6750=CARTESIAN_POINT('Ctrl Pts',(-3.57704817394479,-20.5281021365376,7.18794628159047));
#6751=CARTESIAN_POINT('Ctrl Pts',(6.06484153164442,-20.1519000347053,7.4093405692115));
#6752=CARTESIAN_POINT('Ctrl Pts',(15.0740129084445,-14.6844664079802,7.65086054234764));
#6753=CARTESIAN_POINT('Ctrl Pts',(20.2936920641996,-5.54774427997195,7.89238032843708));
#6754=CARTESIAN_POINT('Ctrl Pts',(20.4729197762181,6.16137578588795,8.16073740822612));
#6755=CARTESIAN_POINT('Ctrl Pts',(13.2968663964607,17.2245766533725,8.45592836264935));
#6756=CARTESIAN_POINT('Ctrl Pts',(-0.384252763218113,21.7572107412006,8.77795373626499));
#6757=CARTESIAN_POINT('Ctrl Pts',(-12.7437524244741,17.1664706573385,9.07314680934576));
#6758=CARTESIAN_POINT('Ctrl Pts',(-19.5916711148278,7.66734341646023,9.34150176859088));
#6759=CARTESIAN_POINT('Ctrl Pts',(-20.8612967627186,-2.77935974978839,9.58302260986181));
#6760=CARTESIAN_POINT('Ctrl Pts',(-16.8949924044685,-12.543549455399,9.82454212525072));
#6761=CARTESIAN_POINT('Ctrl Pts',(-8.70946434615735,-19.1556091414059,10.066062657948));
#6762=CARTESIAN_POINT('Ctrl Pts',(1.67572901796481,-20.9811214708204,10.3075826045055));
#6763=CARTESIAN_POINT('Ctrl Pts',(10.5038946293884,-17.9168831275147,10.5222676951045));
#6764=CARTESIAN_POINT('Ctrl Pts',(18.0751734674742,-10.840192735167,10.7637872161508));
#6765=CARTESIAN_POINT('Ctrl Pts',(21.0100935499122,-1.73040991695014,10.9784719062067));
#6766=CARTESIAN_POINT('Ctrl Pts',(19.1994462311482,7.30799376119234,11.1931569761967));
#6767=CARTESIAN_POINT('Ctrl Pts',(15.7127236358829,13.2396200525425,11.3541702462722));
#6768=CARTESIAN_POINT('Ctrl Pts',(9.272741835917,18.7005402964323,11.5509645124119));
#6769=CARTESIAN_POINT('Ctrl Pts',(0.149742209009296,21.0459122856722,11.765649228938));
#6770=CARTESIAN_POINT('Ctrl Pts',(-9.98347782731523,18.4126142274112,12.0071694824801));
#6771=CARTESIAN_POINT('Ctrl Pts',(-17.5277726006361,11.646296804881,12.2397443533346));
#6772=CARTESIAN_POINT('Ctrl Pts',(-20.9753545363364,1.69049466260458,12.4812645696211));
#6773=CARTESIAN_POINT('Ctrl Pts',(-19.168428492195,-8.68240741921065,12.7227847489974));
#6774=CARTESIAN_POINT('Ctrl Pts',(-12.5596392643739,-16.8840740653357,12.9643050718575));
#6775=CARTESIAN_POINT('Ctrl Pts',(-2.80820511539666,-20.8548933303765,13.20582508606));
#6776=CARTESIAN_POINT('Ctrl Pts',(7.6532259772884,-19.6038417744986,13.4473455126933));
#6777=CARTESIAN_POINT('Ctrl Pts',(16.1846647964323,-13.4411062616617,13.6888653966848));
#6778=CARTESIAN_POINT('Ctrl Pts',(21.1881403716648,-2.8554184868922,13.9572217199089));
#6779=CARTESIAN_POINT('Ctrl Pts',(19.2292546462281,10.1876072732712,14.2524140187046));
#6780=CARTESIAN_POINT('Ctrl Pts',(8.64919594477187,19.9633684760184,14.5744397860182));
#6781=CARTESIAN_POINT('Ctrl Pts',(-5.70841928825903,20.9950829492431,14.8964650930853));
#6782=CARTESIAN_POINT('Ctrl Pts',(-17.5690995747211,12.8336229585367,15.2184945423538));
#6783=CARTESIAN_POINT('Ctrl Pts',(-21.7368199475466,-0.947989334691281,
15.5405205371834));
#6784=CARTESIAN_POINT('Ctrl Pts',(-16.3837303197149,-14.3141538776334,15.8625462576829));
#6785=CARTESIAN_POINT('Ctrl Pts',(-3.86002632222345,-21.413453153704,16.184573949755));
#6786=CARTESIAN_POINT('Ctrl Pts',(10.3592159865346,-19.131855110701,16.5066013678947));
#6787=CARTESIAN_POINT('Ctrl Pts',(18.4221193155413,-10.2527904073373,16.7749568575147));
#6788=CARTESIAN_POINT('Ctrl Pts',(20.4944790255128,-1.29028049363371,16.9896421662831));
#6789=CARTESIAN_POINT('Ctrl Pts',(19.5640389566404,7.85334839469597,17.2043251723512));
#6790=CARTESIAN_POINT('Ctrl Pts',(12.6786180501652,17.6871287785222,17.4726822535432));
#6791=CARTESIAN_POINT('Ctrl Pts',(0.013448963917906,21.381038444284,17.7678744319585));
#6792=CARTESIAN_POINT('Ctrl Pts',(-11.1455433267613,17.8419478282455,18.0362287862669));
#6793=CARTESIAN_POINT('Ctrl Pts',(-18.3992333612568,10.2164081415336,18.2777496907173));
#6794=CARTESIAN_POINT('Ctrl Pts',(-21.043050281183,0.0169276952331868,18.5192695416564));
#6795=CARTESIAN_POINT('Ctrl Pts',(-18.4171984900003,-10.178836300191,18.760789962899));
#6796=CARTESIAN_POINT('Ctrl Pts',(-11.1780716123185,-17.8294558877888,19.0023100414461));
#6797=CARTESIAN_POINT('Ctrl Pts',(-1.1394986184654,-21.0119438098924,19.2438301707987));
#6798=CARTESIAN_POINT('Ctrl Pts',(9.18465220754954,-18.9335804823298,19.4853507615874));
#6799=CARTESIAN_POINT('Ctrl Pts',(17.2082222740866,-12.110977871532,19.7268701742484));
#6800=CARTESIAN_POINT('Ctrl Pts',(20.921839095341,-2.25820110723376,19.9683917339862));
#6801=CARTESIAN_POINT('Ctrl Pts',(19.3955557373059,8.16649746929393,20.2099108419866));
#6802=CARTESIAN_POINT('Ctrl Pts',(13.0110152635514,16.5325968261444,20.4514317514401));
#6803=CARTESIAN_POINT('Ctrl Pts',(2.29571738291963,21.256139307307,20.7197860409203));
#6804=CARTESIAN_POINT('Ctrl Pts',(-10.6866482256068,18.955864411656,21.0149787302192));
#6805=CARTESIAN_POINT('Ctrl Pts',(-20.1884912104118,8.11864162202182,21.3370054720802));
#6806=CARTESIAN_POINT('Ctrl Pts',(-20.7336647380602,-4.15552143844338,21.6120710733638));
#6807=CARTESIAN_POINT('Ctrl Pts',(-16.1653820974376,-12.8432331345996,21.8401720284965));
#6808=CARTESIAN_POINT('Ctrl Pts',(-10.2698707012603,-17.9217327237375,22.0213128656279));
#6809=CARTESIAN_POINT('Ctrl Pts',(-2.89706597870913,-20.4481806941303,22.2024526719779));
#6810=CARTESIAN_POINT('Ctrl Pts',(4.87903197764506,-20.0684599721256,22.3835930116778));
#6811=CARTESIAN_POINT('Ctrl Pts',(11.9657484830959,-16.8338806872041,22.5647330687832));
#6812=CARTESIAN_POINT('Ctrl Pts',(17.3485201129969,-11.2058164058155,22.745873271412));
#6813=CARTESIAN_POINT('Ctrl Pts',(20.265323173073,-3.98392893475074,22.9270133829193));
#6814=CARTESIAN_POINT('Ctrl Pts',(20.2995898350551,3.80439396512818,23.1081535596895));
#6815=CARTESIAN_POINT('Ctrl Pts',(17.4473392905162,11.0517504613938,23.2892936561669));
#6816=CARTESIAN_POINT('Ctrl Pts',(12.1137620410485,16.7274104091693,23.4704338782777));
#6817=CARTESIAN_POINT('Ctrl Pts',(5.05751348586967,20.024255320362,23.6515738688436));
#6818=CARTESIAN_POINT('Ctrl Pts',(-2.71791175098315,20.4734719831086,23.8327143071352));
#6819=CARTESIAN_POINT('Ctrl Pts',(-10.1069883642053,18.0110772577453,24.0138538847649));
#6820=CARTESIAN_POINT('Ctrl Pts',(-16.0583873278741,12.9874627383762,24.1949951741864));
#6821=CARTESIAN_POINT('Ctrl Pts',(-19.726866085425,6.11660209543907,24.3761330691057));
#6822=CARTESIAN_POINT('Ctrl Pts',(-20.3010454434112,0.956577563009668,24.4968967236376));
#6823=CARTESIAN_POINT('Ctrl Pts',(-20.100588217502,-1.58521995647934,24.5572740074048));
#6824=CARTESIAN_POINT('Ctrl Pts',(-0.0038656829801181,-20.1629996631581,
4.21971932810006));
#6825=CARTESIAN_POINT('Ctrl Pts',(2.54579850653934,-20.1634883616587,4.28009649889663));
#6826=CARTESIAN_POINT('Ctrl Pts',(7.64498598855287,-19.186367980478,4.40086151614272));
#6827=CARTESIAN_POINT('Ctrl Pts',(14.2069078823522,-14.9903047985603,4.5819986365163));
#6828=CARTESIAN_POINT('Ctrl Pts',(18.7483005162019,-8.66323520237624,4.76314031584323));
#6829=CARTESIAN_POINT('Ctrl Pts',(20.6235679938222,-1.10378744665334,4.94427971105722));
#6830=CARTESIAN_POINT('Ctrl Pts',(19.5659077398009,6.61244264270573,5.125420256915));
#6831=CARTESIAN_POINT('Ctrl Pts',(15.7257927352447,13.3884033018089,5.30656020509422));
#6832=CARTESIAN_POINT('Ctrl Pts',(9.64929388149698,18.2603611509694,5.48770045604528));
#6833=CARTESIAN_POINT('Ctrl Pts',(2.20057318405802,20.5354952238291,5.66884054422791));
#6834=CARTESIAN_POINT('Ctrl Pts',(-5.56110028050194,19.8903243883518,5.84998071963826));
#6835=CARTESIAN_POINT('Ctrl Pts',(-12.531915013634,16.4164125977217,6.03112083598285));
#6836=CARTESIAN_POINT('Ctrl Pts',(-17.7205827005284,10.6081781222141,6.21226100789454));
#6837=CARTESIAN_POINT('Ctrl Pts',(-20.3891571685022,3.29083350113897,6.39340110381656));
#6838=CARTESIAN_POINT('Ctrl Pts',(-20.1582615247096,-4.49349200699374,6.57454133748106));
#6839=CARTESIAN_POINT('Ctrl Pts',(-17.0604938533467,-11.6407671605355,6.75568131801773));
#6840=CARTESIAN_POINT('Ctrl Pts',(-11.5368509622973,-17.1287598493313,6.93682179658705));
#6841=CARTESIAN_POINT('Ctrl Pts',(-3.5758618203535,-20.5283080793194,7.13808793897106));
#6842=CARTESIAN_POINT('Ctrl Pts',(6.06600743032863,-20.1515485353811,7.35948222659212));
#6843=CARTESIAN_POINT('Ctrl Pts',(15.0748613826342,-14.6835941415825,7.60100219972824));
#6844=CARTESIAN_POINT('Ctrl Pts',(20.294012410545,-5.5465699794219,7.84252198581769));
#6845=CARTESIAN_POINT('Ctrl Pts',(20.4725625858791,6.16255870389641,8.11087906560672));
#6846=CARTESIAN_POINT('Ctrl Pts',(13.2958693333067,17.2253462553972,8.40607002002996));
#6847=CARTESIAN_POINT('Ctrl Pts',(-0.385511237304672,21.7571869232264,8.72809539364559));
#6848=CARTESIAN_POINT('Ctrl Pts',(-12.7447440542977,17.1657338676693,9.02328846672638));
#6849=CARTESIAN_POINT('Ctrl Pts',(-19.5921150310852,7.66620813051789,9.29164342597147));
#6850=CARTESIAN_POINT('Ctrl Pts',(-20.8611343120738,-2.78056360074562,9.53316426724243));
#6851=CARTESIAN_POINT('Ctrl Pts',(-16.8942669601825,-12.544527836995,9.77468378263131));
#6852=CARTESIAN_POINT('Ctrl Pts',(-8.70835540382647,-19.1561109900451,10.0162043153286));
#6853=CARTESIAN_POINT('Ctrl Pts',(1.67694135003901,-20.9810251434049,10.2577242618862));
#6854=CARTESIAN_POINT('Ctrl Pts',(10.5049331751328,-17.916272497008,10.4724093524851));
#6855=CARTESIAN_POINT('Ctrl Pts',(18.0757971813603,-10.8391505102724,10.7139288735314));
#6856=CARTESIAN_POINT('Ctrl Pts',(21.01019407148,-1.72919188826872,10.9286135635873));
#6857=CARTESIAN_POINT('Ctrl Pts',(19.1990222205457,7.30910336966509,11.1432986335773));
#6858=CARTESIAN_POINT('Ctrl Pts',(15.7119579653903,13.2405286057298,11.3043119036528));
#6859=CARTESIAN_POINT('Ctrl Pts',(9.27165892340509,18.701075821712,11.5011061697924));
#6860=CARTESIAN_POINT('Ctrl Pts',(0.148524636944009,21.0459204472661,11.7157908863186));
#6861=CARTESIAN_POINT('Ctrl Pts',(-9.98454024288749,18.4120364743581,11.9573111398606));
#6862=CARTESIAN_POINT('Ctrl Pts',(-17.5284468377656,11.645282405381,12.1898860107152));
#6863=CARTESIAN_POINT('Ctrl Pts',(-20.9754508787057,1.68928150043328,12.4314062270017));
#6864=CARTESIAN_POINT('Ctrl Pts',(-19.1679259891425,-8.68351580170252,12.672926406378));
#6865=CARTESIAN_POINT('Ctrl Pts',(-12.5586620215899,-16.8847999274156,12.9144467292381));
#6866=CARTESIAN_POINT('Ctrl Pts',(-2.80699899248256,-20.8550548793983,13.1559667434407));
#6867=CARTESIAN_POINT('Ctrl Pts',(7.65435981510041,-19.603398660149,13.3974871700739));
#6868=CARTESIAN_POINT('Ctrl Pts',(16.185441218401,-13.4401691714618,13.6390070540654));
#6869=CARTESIAN_POINT('Ctrl Pts',(21.1883055066415,-2.8541941294588,13.9073633772895));
#6870=CARTESIAN_POINT('Ctrl Pts',(19.2286631339457,10.1887201609538,14.2025556760852));
#6871=CARTESIAN_POINT('Ctrl Pts',(8.64804168262329,19.9638682004845,14.5245814433988));
#6872=CARTESIAN_POINT('Ctrl Pts',(-5.70963322048567,20.9947515230262,14.8466067504659));
#6873=CARTESIAN_POINT('Ctrl Pts',(-17.5698416061501,12.8326061385963,15.1686361997343));
#6874=CARTESIAN_POINT('Ctrl Pts',(-21.7367641007303,-0.949245749000082,
15.490662194564));
#6875=CARTESIAN_POINT('Ctrl Pts',(-16.3829023833865,-14.3151013326578,15.8126879150634));
#6876=CARTESIAN_POINT('Ctrl Pts',(-3.85878670087109,-21.413674999514,16.1347156071357));
#6877=CARTESIAN_POINT('Ctrl Pts',(10.3603230380818,-19.1312556951924,16.4567430252753));
#6878=CARTESIAN_POINT('Ctrl Pts',(18.4227102173785,-10.2517244411036,16.7250985148953));
#6879=CARTESIAN_POINT('Ctrl Pts',(20.4945540479863,-1.28909491731478,16.9397838236637));
#6880=CARTESIAN_POINT('Ctrl Pts',(19.5635826665584,7.8544785181136,17.1544668297318));
#6881=CARTESIAN_POINT('Ctrl Pts',(12.6775952982427,17.687862876836,17.4228239109238));
#6882=CARTESIAN_POINT('Ctrl Pts',(0.0122127143367727,21.3810370531904,17.7180160893391));
#6883=CARTESIAN_POINT('Ctrl Pts',(-11.1465752943559,17.8413032859884,17.9863704436475));
#6884=CARTESIAN_POINT('Ctrl Pts',(-18.3998233594497,10.2153431760297,18.2278913480979));
#6885=CARTESIAN_POINT('Ctrl Pts',(-21.0430506164468,0.0157108097420706,
18.469411199037));
#6886=CARTESIAN_POINT('Ctrl Pts',(-18.4166090445399,-10.1799012847427,18.7109316202796));
#6887=CARTESIAN_POINT('Ctrl Pts',(-11.1770399680823,-17.8301016784849,18.9524516988267));
#6888=CARTESIAN_POINT('Ctrl Pts',(-1.13828333298465,-21.0120090473127,19.1939718281793));
#6889=CARTESIAN_POINT('Ctrl Pts',(9.18574711122249,-18.9330484204698,19.435492418968));
#6890=CARTESIAN_POINT('Ctrl Pts',(17.2089218476489,-12.1099824959464,19.677011831629));
#6891=CARTESIAN_POINT('Ctrl Pts',(20.9219694998954,-2.25698929457586,19.9185333913668));
#6892=CARTESIAN_POINT('Ctrl Pts',(19.3950824035823,8.16761670240395,20.1600524993672));
#6893=CARTESIAN_POINT('Ctrl Pts',(13.0100590725407,16.5333498421423,20.4015734088207));
#6894=CARTESIAN_POINT('Ctrl Pts',(2.29448720468646,21.2562709130274,20.6699276983009));
#6895=CARTESIAN_POINT('Ctrl Pts',(-10.6877439470829,18.9552452265014,20.9651203875998));
#6896=CARTESIAN_POINT('Ctrl Pts',(-20.1889603388454,8.11747501102165,21.2871471294607));
#6897=CARTESIAN_POINT('Ctrl Pts',(-20.7334228415894,-4.15672212589878,21.5622127307444));
#6898=CARTESIAN_POINT('Ctrl Pts',(-16.1646389765492,-12.844167317694,21.7903136858771));
#6899=CARTESIAN_POINT('Ctrl Pts',(-10.2688336025648,-17.9223262174496,21.9714545230085));
#6900=CARTESIAN_POINT('Ctrl Pts',(-2.89588325657116,-20.4483474398586,22.1525943293584));
#6901=CARTESIAN_POINT('Ctrl Pts',(4.88019257668194,-20.0681770917219,22.3337346690585));
#6902=CARTESIAN_POINT('Ctrl Pts',(11.9667216783389,-16.833187959265,22.5148747261638));
#6903=CARTESIAN_POINT('Ctrl Pts',(17.3491676263429,-11.204812621799,22.6960149287926));
#6904=CARTESIAN_POINT('Ctrl Pts',(20.2655528562397,-3.98275660724007,22.8771550402999));
#6905=CARTESIAN_POINT('Ctrl Pts',(20.2993690647055,3.80556781598814,23.0582952170701));
#6906=CARTESIAN_POINT('Ctrl Pts',(17.4466994291127,11.052759411944,23.2394353135476));
#6907=CARTESIAN_POINT('Ctrl Pts',(12.1127941257826,16.7281100225247,23.4205755356582));
#6908=CARTESIAN_POINT('Ctrl Pts',(5.05635509375565,20.0245479428289,23.6017155262242));
#6909=CARTESIAN_POINT('Ctrl Pts',(-2.71909575274911,20.4733124247745,23.7828559645159));
#6910=CARTESIAN_POINT('Ctrl Pts',(-10.1080298525488,18.0104951896192,23.9639955421455));
#6911=CARTESIAN_POINT('Ctrl Pts',(-16.0591376931219,12.9865272018795,24.145136831567));
#6912=CARTESIAN_POINT('Ctrl Pts',(-19.727219639834,6.11547422422704,24.3262747264863));
#6913=CARTESIAN_POINT('Ctrl Pts',(-20.3010992663701,0.955382705367591,24.4470383810182));
#6914=CARTESIAN_POINT('Ctrl Pts',(-20.1004965307117,-1.58638254493195,24.5074156647854));
#6915=CARTESIAN_POINT('Ctrl Pts',(-0.00183594024670861,-20.1899428401628,
4.13265450064125));
#6916=CARTESIAN_POINT('Ctrl Pts',(2.55126204073189,-20.1901750516579,4.19303167143782));
#6917=CARTESIAN_POINT('Ctrl Pts',(7.65712108128787,-19.2112355885298,4.31379668868392));
#6918=CARTESIAN_POINT('Ctrl Pts',(14.227413466316,-15.008902245729,4.49493380905748));
#6919=CARTESIAN_POINT('Ctrl Pts',(18.7742240259131,-8.67291983822607,4.67607548838442));
#6920=CARTESIAN_POINT('Ctrl Pts',(20.6512406625404,-1.10318098865039,4.8572148835984));
#6921=CARTESIAN_POINT('Ctrl Pts',(19.5913851646249,6.62325343263747,5.03835542945618));
#6922=CARTESIAN_POINT('Ctrl Pts',(15.7454564016681,13.4078812713614,5.21949537763541));
#6923=CARTESIAN_POINT('Ctrl Pts',(9.66034502569693,18.2857362175926,5.40063562858647));
#6924=CARTESIAN_POINT('Ctrl Pts',(2.20144145353299,20.5631588092208,5.58177571676909));
#6925=CARTESIAN_POINT('Ctrl Pts',(-5.57053902007437,19.9163425028836,5.76291589217945));
#6926=CARTESIAN_POINT('Ctrl Pts',(-12.5503180912427,16.4370850241207,5.94405600852404));
#6927=CARTESIAN_POINT('Ctrl Pts',(-17.7453332946676,10.620565384455,6.12519618043573));
#6928=CARTESIAN_POINT('Ctrl Pts',(-20.4167351612596,3.29317328852159,6.30633627635775));
#6929=CARTESIAN_POINT('Ctrl Pts',(-20.1847455517337,-4.50153103955216,6.48747651002225));
#6930=CARTESIAN_POINT('Ctrl Pts',(-17.0821166668414,-11.6580445074607,6.66861649055891));
#6931=CARTESIAN_POINT('Ctrl Pts',(-11.550539409895,-17.1528131657492,6.84975696912823));
#6932=CARTESIAN_POINT('Ctrl Pts',(-3.57856704491235,-20.5561011201282,7.05102311151225));
#6933=CARTESIAN_POINT('Ctrl Pts',(6.07614643653628,-20.1778647480223,7.2724173991333));
#6934=CARTESIAN_POINT('Ctrl Pts',(15.0964881626964,-14.7016942066402,7.51393737226942));
#6935=CARTESIAN_POINT('Ctrl Pts',(20.3216907189316,-5.55193414868779,7.75545715835888));
#6936=CARTESIAN_POINT('Ctrl Pts',(20.4992981486271,6.17286112230924,8.02381423814791));
#6937=CARTESIAN_POINT('Ctrl Pts',(13.3118985496377,17.2497047780456,8.31900519257115));
#6938=CARTESIAN_POINT('Ctrl Pts',(-0.388222084656131,21.7862230908052,8.64103056618677));
#6939=CARTESIAN_POINT('Ctrl Pts',(-12.7635082387089,17.1873849508747,8.93622363926756));
#6940=CARTESIAN_POINT('Ctrl Pts',(-19.6190680900719,7.67447755236784,9.20457859851267));
#6941=CARTESIAN_POINT('Ctrl Pts',(-20.8887315492672,-2.78638802225973,9.4460994397836));
#6942=CARTESIAN_POINT('Ctrl Pts',(-16.9155758033426,-12.5629939182904,9.68761895517251));
#6943=CARTESIAN_POINT('Ctrl Pts',(-8.71805994902169,-19.1825896395473,9.9291394878698));
#6944=CARTESIAN_POINT('Ctrl Pts',(1.68130115686631,-21.0088910076854,10.1706594344273));
#6945=CARTESIAN_POINT('Ctrl Pts',(10.520775624915,-17.9391569099531,10.3853445250263));
#6946=CARTESIAN_POINT('Ctrl Pts',(18.1010490828709,-10.8518059017291,10.6268640460726));
#6947=CARTESIAN_POINT('Ctrl Pts',(21.0384428703262,-1.72938576958713,10.8415487361285));
#6948=CARTESIAN_POINT('Ctrl Pts',(19.2239409509562,7.3208088805617,11.0562338061185));
#6949=CARTESIAN_POINT('Ctrl Pts',(15.7316166644752,13.2598072639257,11.217247076194));
#6950=CARTESIAN_POINT('Ctrl Pts',(9.28216248047271,18.727001864442,11.4140413423336));
#6951=CARTESIAN_POINT('Ctrl Pts',(0.146599484758862,21.0740586699176,11.6287260588598));
#6952=CARTESIAN_POINT('Ctrl Pts',(-9.99974355229302,18.4356322884854,11.8702463124018));
#6953=CARTESIAN_POINT('Ctrl Pts',(-17.5530436651672,11.6590751786185,12.1028211832564));
#6954=CARTESIAN_POINT('Ctrl Pts',(-21.0036516399294,1.68942187084164,12.3443413995429));
#6955=CARTESIAN_POINT('Ctrl Pts',(-19.1926631644642,-8.69705399872179,12.5858615789192));
#6956=CARTESIAN_POINT('Ctrl Pts',(-12.5737403519957,-16.9086304139391,12.8273819017793));
#6957=CARTESIAN_POINT('Ctrl Pts',(-2.80864496926219,-20.8832068421938,13.0689019159819));
#6958=CARTESIAN_POINT('Ctrl Pts',(7.66656640198199,-19.6288217782865,13.310422342615));
#6959=CARTESIAN_POINT('Ctrl Pts',(16.2084266975099,-13.4564963838754,13.5519422266066));
#6960=CARTESIAN_POINT('Ctrl Pts',(21.21690643496,-2.85586819528311,13.8202985498307));
#6961=CARTESIAN_POINT('Ctrl Pts',(19.2533320769912,10.2042745404296,14.1154908486264));
#6962=CARTESIAN_POINT('Ctrl Pts',(8.65758230503955,19.9914183707869,14.43751661594));
#6963=CARTESIAN_POINT('Ctrl Pts',(-5.71938206884564,21.0222311308023,14.7595419230071));
#6964=CARTESIAN_POINT('Ctrl Pts',(-17.5946147098317,12.8479813335726,15.0815713722755));
#6965=CARTESIAN_POINT('Ctrl Pts',(-21.7657153404761,-0.952708961521085,
15.4035973671052));
#6966=CARTESIAN_POINT('Ctrl Pts',(-16.4033493324213,-14.3358834826253,15.7256230876046));
#6967=CARTESIAN_POINT('Ctrl Pts',(-3.86178328933602,-21.4426802624451,16.0476507796768));
#6968=CARTESIAN_POINT('Ctrl Pts',(10.3760971536831,-19.1557745487281,16.3696781978165));
#6969=CARTESIAN_POINT('Ctrl Pts',(18.4483648941297,-10.263564615912,16.6380336874365));
#6970=CARTESIAN_POINT('Ctrl Pts',(20.5220694638765,-1.28874936479746,16.8527189962049));
#6971=CARTESIAN_POINT('Ctrl Pts',(19.5889344511583,7.86695031714057,17.067402002273));
#6972=CARTESIAN_POINT('Ctrl Pts',(12.6927502938291,17.7127767103773,17.335759083465));
#6973=CARTESIAN_POINT('Ctrl Pts',(0.0100706845010968,21.4096114735397,17.6309512618803));
#6974=CARTESIAN_POINT('Ctrl Pts',(-11.1632704696189,17.8640186353898,17.8993056161887));
#6975=CARTESIAN_POINT('Ctrl Pts',(-18.4254422320658,10.2271374624947,18.1408265206391));
#6976=CARTESIAN_POINT('Ctrl Pts',(-21.0711717871442,0.0136078023935933,
18.3823463715782));
#6977=CARTESIAN_POINT('Ctrl Pts',(-18.4401917587077,-10.1953631327585,18.6238667928207));
#6978=CARTESIAN_POINT('Ctrl Pts',(-11.1901763460993,-17.8550560974022,18.8653868713679));
#6979=CARTESIAN_POINT('Ctrl Pts',(-1.13768375183635,-21.0402020650804,19.1069070007205));
#6980=CARTESIAN_POINT('Ctrl Pts',(9.19993257471264,-18.9574217121055,19.3484275915092));
#6981=CARTESIAN_POINT('Ctrl Pts',(17.2331405970571,-12.1244277732618,19.5899470041701));
#6982=CARTESIAN_POINT('Ctrl Pts',(20.9501545069588,-2.25789591412607,19.831468563908));
#6983=CARTESIAN_POINT('Ctrl Pts',(19.4201760485467,8.18049140551277,20.0729876719084));
#6984=CARTESIAN_POINT('Ctrl Pts',(13.0257751176153,16.5567549091078,20.3145085813619));
#6985=CARTESIAN_POINT('Ctrl Pts',(2.2954089407463,21.2849076652387,20.5828628708421));
#6986=CARTESIAN_POINT('Ctrl Pts',(-10.7039393003195,18.9794969157159,20.878055560141));
#6987=CARTESIAN_POINT('Ctrl Pts',(-20.2167576255353,8.12628308002084,21.2000823020019));
#6988=CARTESIAN_POINT('Ctrl Pts',(-20.7607103437542,-4.1643671037731,21.4751479032856));
#6989=CARTESIAN_POINT('Ctrl Pts',(-16.1849430587437,-12.8629627356827,21.7032488584183));
#6990=CARTESIAN_POINT('Ctrl Pts',(-10.2807472345192,-17.9473119129592,21.8843896955497));
#6991=CARTESIAN_POINT('Ctrl Pts',(-2.89768920953011,-20.475964836934,22.0655295018996));
#6992=CARTESIAN_POINT('Ctrl Pts',(4.88873923627361,-20.0945015322925,22.2466698415996));
#6993=CARTESIAN_POINT('Ctrl Pts',(11.9844116341344,-16.8544744074971,22.427809898705));
#6994=CARTESIAN_POINT('Ctrl Pts',(17.373482048342,-11.2180345919143,22.6089501013338));
#6995=CARTESIAN_POINT('Ctrl Pts',(20.2930355879051,-3.98603357605728,22.7900902128411));
#6996=CARTESIAN_POINT('Ctrl Pts',(20.3261109482355,3.81270199215353,22.9712303896112));
#6997=CARTESIAN_POINT('Ctrl Pts',(17.4688979180924,11.0692896506262,23.1523704860888));
#6998=CARTESIAN_POINT('Ctrl Pts',(12.1272921357539,16.7516867277196,23.3335107081994));
#6999=CARTESIAN_POINT('Ctrl Pts',(5.06109098973848,20.0518158922403,23.5146506987654));
#7000=CARTESIAN_POINT('Ctrl Pts',(-2.7247955647545,20.5003984917929,23.695791137057));
#7001=CARTESIAN_POINT('Ctrl Pts',(-10.1233546865383,18.0335383295916,23.8769307146867));
#7002=CARTESIAN_POINT('Ctrl Pts',(-16.0819083795433,13.0022684043057,24.0580720041082));
#7003=CARTESIAN_POINT('Ctrl Pts',(-19.7541975988993,6.12163818124249,24.2392098990275));
#7004=CARTESIAN_POINT('Ctrl Pts',(-20.3283249400046,0.954637175765602,24.3599735535594));
#7005=CARTESIAN_POINT('Ctrl Pts',(-20.1271956955211,-1.59053094717273,24.4203508373266));
#7006=CARTESIAN_POINT('Ctrl Pts',(-0.000429153479730873,-20.2556302773928,
4.07180945987386));
#7007=CARTESIAN_POINT('Ctrl Pts',(2.5609694686024,-20.2556844454298,4.13218663067043));
#7008=CARTESIAN_POINT('Ctrl Pts',(7.68338120365473,-19.2732026776191,4.25295164791653));
#7009=CARTESIAN_POINT('Ctrl Pts',(14.2747502142948,-15.0567375314869,4.43408876829009));
#7010=CARTESIAN_POINT('Ctrl Pts',(18.8359129111819,-8.69982309634421,4.61523044761703));
#7011=CARTESIAN_POINT('Ctrl Pts',(20.7185053210815,-1.10532510075811,4.79636984283101));
#7012=CARTESIAN_POINT('Ctrl Pts',(19.6546616657152,6.64617278494568,4.97751038868878));
#7013=CARTESIAN_POINT('Ctrl Pts',(15.7957452438137,13.4526049991438,5.15865033686802));
#7014=CARTESIAN_POINT('Ctrl Pts',(9.69049508031689,18.3459040389403,5.33979058781907));
#7015=CARTESIAN_POINT('Ctrl Pts',(2.20716483530526,20.6302141985697,5.5209306760017));
#7016=CARTESIAN_POINT('Ctrl Pts',(-5.59005613007676,19.9807496689285,5.70207085141205));
#7017=CARTESIAN_POINT('Ctrl Pts',(-12.592300182942,16.4896841766311,5.88321096775665));
#7018=CARTESIAN_POINT('Ctrl Pts',(-17.803810117317,10.6538772255132,6.06435113966835));
#7019=CARTESIAN_POINT('Ctrl Pts',(-20.4833905754147,3.3024588535354,6.24549123559035));
#7020=CARTESIAN_POINT('Ctrl Pts',(-20.2501007316319,-4.51758898336187,6.42663146925486));
#7021=CARTESIAN_POINT('Ctrl Pts',(-17.1368768875637,-11.6971687374628,6.60777144979152));
#7022=CARTESIAN_POINT('Ctrl Pts',(-11.5869182396228,-17.2094273583337,6.78891192836084));
#7023=CARTESIAN_POINT('Ctrl Pts',(-3.58877167636753,-20.6232298469714,6.99017807074486));
#7024=CARTESIAN_POINT('Ctrl Pts',(6.09732699169806,-20.2430873933772,7.21157235836591));
#7025=CARTESIAN_POINT('Ctrl Pts',(15.1466325775501,-14.7484692086918,7.45309233150203));
#7026=CARTESIAN_POINT('Ctrl Pts',(20.3881950086497,-5.5685750485772,7.69461211759149));
#7027=CARTESIAN_POINT('Ctrl Pts',(20.5655597608803,6.19437839510285,7.96296919738051));
#7028=CARTESIAN_POINT('Ctrl Pts',(13.354001122232,17.3067577522193,8.25816015180376));
#7029=CARTESIAN_POINT('Ctrl Pts',(-0.391009637490818,21.8570762340443,8.58018552541938));
#7030=CARTESIAN_POINT('Ctrl Pts',(-12.8062361975887,17.2424105048242,8.87537859850017));
#7031=CARTESIAN_POINT('Ctrl Pts',(-19.6834352234561,7.69807280269583,9.14373355774527));
#7032=CARTESIAN_POINT('Ctrl Pts',(-20.9564968814594,-2.79691434419388,9.38525439901622));
#7033=CARTESIAN_POINT('Ctrl Pts',(-16.969731013893,-12.6050511783277,9.62677391440511));
#7034=CARTESIAN_POINT('Ctrl Pts',(-8.74508130294809,-19.2456090668471,9.86829444710242));
#7035=CARTESIAN_POINT('Ctrl Pts',(1.68824094435221,-21.0771252503594,10.1098143936599));
#7036=CARTESIAN_POINT('Ctrl Pts',(10.5562605324791,-17.9967843319164,10.3244994842589));
#7037=CARTESIAN_POINT('Ctrl Pts',(18.1606986525161,-10.8858461805641,10.5660190053052));
#7038=CARTESIAN_POINT('Ctrl Pts',(21.107011894572,-1.73353934593778,10.7807036953611));
#7039=CARTESIAN_POINT('Ctrl Pts',(19.2859727667074,7.34597182169118,10.9953887653511));
#7040=CARTESIAN_POINT('Ctrl Pts',(15.7818711462978,13.3040483324148,11.1564020354266));
#7041=CARTESIAN_POINT('Ctrl Pts',(9.31105092702808,18.7885788326612,11.3531963015662));
#7042=CARTESIAN_POINT('Ctrl Pts',(0.145601728059692,21.1426325403469,11.5678810180924));
#7043=CARTESIAN_POINT('Ctrl Pts',(-10.0335666815652,18.4949121852662,11.8094012716344));
#7044=CARTESIAN_POINT('Ctrl Pts',(-17.6109679159065,11.6957791760648,12.041976142489));
#7045=CARTESIAN_POINT('Ctrl Pts',(-21.0721041370856,1.69344864904197,12.2834963587755));
#7046=CARTESIAN_POINT('Ctrl Pts',(-19.2544972014863,-8.72669247238059,12.5250165381518));
#7047=CARTESIAN_POINT('Ctrl Pts',(-12.6134652468264,-16.9645217543474,12.7665368610119));
#7048=CARTESIAN_POINT('Ctrl Pts',(-2.81632155377029,-20.9513459482479,13.0080568752145));
#7049=CARTESIAN_POINT('Ctrl Pts',(7.69288281467763,-19.6921469126536,13.2495773018476));
#7050=CARTESIAN_POINT('Ctrl Pts',(16.2621016012729,-13.4991422055762,13.4910971858392));
#7051=CARTESIAN_POINT('Ctrl Pts',(21.2861347593479,-2.86367536430614,13.7594535090633));
#7052=CARTESIAN_POINT('Ctrl Pts',(19.3152574929124,10.2388212379166,14.054645807859));
#7053=CARTESIAN_POINT('Ctrl Pts',(8.6843506992065,20.0570654367269,14.3766715751726));
#7054=CARTESIAN_POINT('Ctrl Pts',(-5.73946078370296,21.0902257026898,14.6986968822397));
#7055=CARTESIAN_POINT('Ctrl Pts',(-17.6527571568951,12.8885504756272,15.0207263315081));
#7056=CARTESIAN_POINT('Ctrl Pts',(-21.8364624198028,-0.957331369382291,
15.3427523263378));
#7057=CARTESIAN_POINT('Ctrl Pts',(-16.4557139453785,-14.3836725591199,15.6647780468372));
#7058=CARTESIAN_POINT('Ctrl Pts',(-3.87284673987942,-21.5127131442368,15.9868057389095));
#7059=CARTESIAN_POINT('Ctrl Pts',(10.4111959761912,-19.2173711057473,16.3088331570491));
#7060=CARTESIAN_POINT('Ctrl Pts',(18.5091036280186,-10.2956657474133,16.5771886466691));
#7061=CARTESIAN_POINT('Ctrl Pts',(20.5889276252515,-1.29150621270615,16.7918739554375));
#7062=CARTESIAN_POINT('Ctrl Pts',(19.65211533658,7.89391549510704,17.0065569615056));
#7063=CARTESIAN_POINT('Ctrl Pts',(12.7328063844058,17.7712930152116,17.2749140426976));
#7064=CARTESIAN_POINT('Ctrl Pts',(0.00860544427165565,21.4792670298278,
17.5701062211129));
#7065=CARTESIAN_POINT('Ctrl Pts',(-11.2008398103032,17.9213575223539,17.8384605754213));
#7066=CARTESIAN_POINT('Ctrl Pts',(-18.4861041763378,10.2591215997037,18.0799814798717));
#7067=CARTESIAN_POINT('Ctrl Pts',(-21.1397269160563,0.0121777085569218,
18.3215013308109));
#7068=CARTESIAN_POINT('Ctrl Pts',(-18.4994727040587,-10.2298236691256,18.5630217520533));
#7069=CARTESIAN_POINT('Ctrl Pts',(-11.2253337135398,-17.9139297423657,18.8045418306006));
#7070=CARTESIAN_POINT('Ctrl Pts',(-1.13991291302669,-21.108735084405,19.0460619599531));
#7071=CARTESIAN_POINT('Ctrl Pts',(9.2311907184514,-19.0184550687919,19.2875825507418));
#7072=CARTESIAN_POINT('Ctrl Pts',(17.2900561825965,-12.1626683076541,19.5291019634028));
#7073=CARTESIAN_POINT('Ctrl Pts',(21.0184730835966,-2.26377546576562,19.7706235231406));
#7074=CARTESIAN_POINT('Ctrl Pts',(19.4827862370115,8.20846454430963,20.012142631141));
#7075=CARTESIAN_POINT('Ctrl Pts',(13.0669955222994,16.6115333534414,20.2536635405945));
#7076=CARTESIAN_POINT('Ctrl Pts',(2.30138738179825,21.3543176989533,20.5220178300747));
#7077=CARTESIAN_POINT('Ctrl Pts',(-10.7400920943547,19.040496780325,20.8172105193736));
#7078=CARTESIAN_POINT('Ctrl Pts',(-20.2831006700389,8.15130733037768,21.1392372612345));
#7079=CARTESIAN_POINT('Ctrl Pts',(-20.8279628060428,-4.17936885540464,21.4143028625182));
#7080=CARTESIAN_POINT('Ctrl Pts',(-16.2367000831581,-12.9059442524428,21.6424038176509));
#7081=CARTESIAN_POINT('Ctrl Pts',(-10.3129393175507,-18.006422138772,21.8235446547823));
#7082=CARTESIAN_POINT('Ctrl Pts',(-2.90568395860199,-20.542785242018,22.0046844611322));
#7083=CARTESIAN_POINT('Ctrl Pts',(4.90605063572853,-20.1595360519327,22.1858248008322));
#7084=CARTESIAN_POINT('Ctrl Pts',(12.0245817624937,-16.9084711065744,22.3669648579376));
#7085=CARTESIAN_POINT('Ctrl Pts',(17.4307908901946,-11.2533163054639,22.5481050605664));
#7086=CARTESIAN_POINT('Ctrl Pts',(20.3593370158866,-3.99758196722801,22.7292451720737));
#7087=CARTESIAN_POINT('Ctrl Pts',(20.3919742821229,3.82652871437553,22.9103853488439));
#7088=CARTESIAN_POINT('Ctrl Pts',(17.5249576600248,11.1065255298503,23.0915254453214));
#7089=CARTESIAN_POINT('Ctrl Pts',(12.1655755799717,16.8070360875187,23.2726656674321));
#7090=CARTESIAN_POINT('Ctrl Pts',(5.07615392597308,20.117407981638,23.4538056579981));
#7091=CARTESIAN_POINT('Ctrl Pts',(-2.73509505015372,20.5669045342008,23.6349460962896));
#7092=CARTESIAN_POINT('Ctrl Pts',(-10.1575524713927,18.0915021808778,23.8160856739193));
#7093=CARTESIAN_POINT('Ctrl Pts',(-16.1351399583603,13.0434436567081,23.9972269633408));
#7094=CARTESIAN_POINT('Ctrl Pts',(-19.8188954438352,6.14017612020867,24.1783648582601));
#7095=CARTESIAN_POINT('Ctrl Pts',(-20.3945289619827,0.956314824664976,24.299128512792));
#7096=CARTESIAN_POINT('Ctrl Pts',(-20.1925675635957,-1.59711405611025,24.3595057965592));
#7097=CARTESIAN_POINT('Ctrl Pts',(-3.94866431219221E-15,-20.2880253186304,
4.05311627392915));
#7098=CARTESIAN_POINT('Ctrl Pts',(2.56549486932111,-20.2880253186304,4.11349344472571));
#7099=CARTESIAN_POINT('Ctrl Pts',(7.69607843963629,-19.3038633805615,4.23425846197182));
#7100=CARTESIAN_POINT('Ctrl Pts',(14.297899405532,-15.080515030744,4.41539558234538));
#7101=CARTESIAN_POINT('Ctrl Pts',(18.866222016753,-8.71333708149336,4.59653726167231));
#7102=CARTESIAN_POINT('Ctrl Pts',(20.751664064246,-1.10665320747218,4.7776766568863));
#7103=CARTESIAN_POINT('Ctrl Pts',(19.6859545282127,6.65721916068438,4.95881720274407));
#7104=CARTESIAN_POINT('Ctrl Pts',(15.820722054366,13.4744550723553,5.13995715092331));
#7105=CARTESIAN_POINT('Ctrl Pts',(9.7056038737988,18.3754504587306,5.32109740187436));
#7106=CARTESIAN_POINT('Ctrl Pts',(2.21025698883012,20.6632551351909,5.50223749005699));
#7107=CARTESIAN_POINT('Ctrl Pts',(-5.59942036306909,20.0125864500094,5.68337766546734));
#7108=CARTESIAN_POINT('Ctrl Pts',(-12.6127890908555,16.5157890709056,5.86451778181193));
#7109=CARTESIAN_POINT('Ctrl Pts',(-17.8325100030342,10.6705382666726,6.04565795372364));
#7110=CARTESIAN_POINT('Ctrl Pts',(-20.5162199396098,3.30730583806282,6.22679804964564));
#7111=CARTESIAN_POINT('Ctrl Pts',(-20.2823910453949,-4.52524372555362,6.40793828331015));
#7112=CARTESIAN_POINT('Ctrl Pts',(-17.1640358409161,-11.7162397868728,6.58907826384681));
#7113=CARTESIAN_POINT('Ctrl Pts',(-11.6050841108441,-17.2371964411249,6.77021874241613));
#7114=CARTESIAN_POINT('Ctrl Pts',(-3.59407360926417,-20.656288935703,6.97148488480014));
#7115=CARTESIAN_POINT('Ctrl Pts',(6.10750808158881,-20.2753329662227,7.1928791724212));
#7116=CARTESIAN_POINT('Ctrl Pts',(15.171169701037,-14.7717351597928,7.43439914555732));
#7117=CARTESIAN_POINT('Ctrl Pts',(20.4209202139156,-5.57704827012413,7.67591893164678));
#7118=CARTESIAN_POINT('Ctrl Pts',(20.5983190139281,6.20472152614906,7.94427601143581));
#7119=CARTESIAN_POINT('Ctrl Pts',(13.374991035856,17.334720006764,8.23946696585904));
#7120=CARTESIAN_POINT('Ctrl Pts',(-0.39209879977971,21.8920241596591,8.56149233947467));
#7121=CARTESIAN_POINT('Ctrl Pts',(-12.8270832241622,17.2697147156643,8.85668541255546));
#7122=CARTESIAN_POINT('Ctrl Pts',(-19.7150784916437,7.70996668491005,9.12504037180056));
#7123=CARTESIAN_POINT('Ctrl Pts',(-20.989953459014,-2.80183215219671,9.36656121307151));
#7124=CARTESIAN_POINT('Ctrl Pts',(-16.9966033804456,-12.6255706865547,9.6080807284604));
#7125=CARTESIAN_POINT('Ctrl Pts',(-8.75865899092357,-19.2765743138178,9.84960126115771));
#7126=CARTESIAN_POINT('Ctrl Pts',(1.69138822768026,-21.1107982940859,10.0911212077152));
#7127=CARTESIAN_POINT('Ctrl Pts',(10.5735251801471,-18.0253427127457,10.3058062983142));
#7128=CARTESIAN_POINT('Ctrl Pts',(18.1899742259545,-10.9028706901852,10.5473258193604));
#7129=CARTESIAN_POINT('Ctrl Pts',(21.1408053276825,-1.73586387321727,10.7620105094164));
#7130=CARTESIAN_POINT('Ctrl Pts',(19.3166611186799,7.35812955509822,10.9766955794064));
#7131=CARTESIAN_POINT('Ctrl Pts',(15.8068289308868,13.3256605310364,11.1377088494819));
#7132=CARTESIAN_POINT('Ctrl Pts',(9.32554346589847,18.8188251673307,11.3345031156215));
#7133=CARTESIAN_POINT('Ctrl Pts',(0.145385926798584,21.1764492469544,11.5491878321477));
#7134=CARTESIAN_POINT('Ctrl Pts',(-10.0500059121591,18.5242783724178,11.7907080856897));
#7135=CARTESIAN_POINT('Ctrl Pts',(-17.6393815101593,11.7141106248331,12.0232829565443));
#7136=CARTESIAN_POINT('Ctrl Pts',(-21.1058408849284,1.69570983963833,12.2648031728308));
#7137=CARTESIAN_POINT('Ctrl Pts',(-19.2851059223597,-8.74105774923889,12.5063233522071));
#7138=CARTESIAN_POINT('Ctrl Pts',(-12.633278083275,-16.9919209414537,12.7478436750672));
#7139=CARTESIAN_POINT('Ctrl Pts',(-2.82038112684927,-20.9849134009207,12.9893636892698));
#7140=CARTESIAN_POINT('Ctrl Pts',(7.70560399892452,-19.7234775064964,13.2308841159029));
#7141=CARTESIAN_POINT('Ctrl Pts',(16.2883961895038,-13.5203864187649,13.4724039998945));
#7142=CARTESIAN_POINT('Ctrl Pts',(21.3202386623241,-2.8678035733689,13.7407603231186));
#7143=CARTESIAN_POINT('Ctrl Pts',(19.345931273921,10.2556061679104,14.0359526219143));
#7144=CARTESIAN_POINT('Ctrl Pts',(8.69781404883516,20.0893271867915,14.3579783892279));
#7145=CARTESIAN_POINT('Ctrl Pts',(-5.74908750091843,21.1238337042536,14.680003696295));
#7146=CARTESIAN_POINT('Ctrl Pts',(-17.6812628869776,12.9087886526484,15.0020331455634));
#7147=CARTESIAN_POINT('Ctrl Pts',(-21.871365370301,-0.959325811566705,15.3240591403931));
#7148=CARTESIAN_POINT('Ctrl Pts',(-16.4817265013468,-14.4070257114427,15.6460848608925));
#7149=CARTESIAN_POINT('Ctrl Pts',(-3.87858410139544,-21.5472008056891,15.9681125529647));
#7150=CARTESIAN_POINT('Ctrl Pts',(10.4282545173267,-19.2478847009734,16.2901399711044));
#7151=CARTESIAN_POINT('Ctrl Pts',(18.5389238794842,-10.3117389367957,16.5584954607244));
#7152=CARTESIAN_POINT('Ctrl Pts',(20.6218831131552,-1.29313481470605,16.7731807694928));
#7153=CARTESIAN_POINT('Ctrl Pts',(19.6833776310993,7.90695732034526,16.9878637755608));
#7154=CARTESIAN_POINT('Ctrl Pts',(12.7527929675209,17.7999850313926,17.2562208567529));
#7155=CARTESIAN_POINT('Ctrl Pts',(0.00816341564112859,21.5136191976155,
17.5514130351681));
#7156=CARTESIAN_POINT('Ctrl Pts',(-11.2191337309077,17.9497816394032,17.8197673894766));
#7157=CARTESIAN_POINT('Ctrl Pts',(-18.5158868804305,10.2751368223627,18.061288293927));
#7158=CARTESIAN_POINT('Ctrl Pts',(-21.1735361453041,0.0117485889174276,
18.3028081448661));
#7159=CARTESIAN_POINT('Ctrl Pts',(-18.5288420046404,-10.2465768951969,18.5443285661087));
#7160=CARTESIAN_POINT('Ctrl Pts',(-11.2429063539856,-17.9428178695587,18.7858486446558));
#7161=CARTESIAN_POINT('Ctrl Pts',(-1.14128804722801,-21.1425186782493,19.0273687740085));
#7162=CARTESIAN_POINT('Ctrl Pts',(9.24635783403814,-19.0486755732735,19.2688893647971));
#7163=CARTESIAN_POINT('Ctrl Pts',(17.3179664332791,-12.1817532802619,19.5104087774581));
#7164=CARTESIAN_POINT('Ctrl Pts',(21.0521361662131,-2.26694989898567,19.7519303371959));
#7165=CARTESIAN_POINT('Ctrl Pts',(19.5137710639818,8.22200583057017,19.9934494451963));
#7166=CARTESIAN_POINT('Ctrl Pts',(13.0875411876067,16.638377641764,20.2349703546498));
#7167=CARTESIAN_POINT('Ctrl Pts',(2.3046148564676,21.3885186936739,20.50332464413));
#7168=CARTESIAN_POINT('Ctrl Pts',(-10.7576728724393,19.0707205159149,20.7985173334289));
#7169=CARTESIAN_POINT('Ctrl Pts',(-20.3157126131973,8.16391338858335,21.1205440752899));
#7170=CARTESIAN_POINT('Ctrl Pts',(-20.8611844619739,-4.18649495540392,21.3956096765735));
#7171=CARTESIAN_POINT('Ctrl Pts',(-16.2623937269201,-12.9269294032469,21.6237106317062));
#7172=CARTESIAN_POINT('Ctrl Pts',(-10.3290507913504,-18.0354388302084,21.8048514688376));
#7173=CARTESIAN_POINT('Ctrl Pts',(-2.90989511823081,-20.5757011758186,21.9859912751875));
#7174=CARTESIAN_POINT('Ctrl Pts',(4.91432472745624,-20.1916732827509,22.1671316148875));
#7175=CARTESIAN_POINT('Ctrl Pts',(12.0441715989266,-16.9352578180539,22.3482716719929));
#7176=CARTESIAN_POINT('Ctrl Pts',(17.4589069238864,-11.2709439512143,22.5294118746217));
#7177=CARTESIAN_POINT('Ctrl Pts',(20.391982729926,-4.00354330084877,22.710551986129));
#7178=CARTESIAN_POINT('Ctrl Pts',(20.4245061620813,3.83308124693219,22.8916921628992));
#7179=CARTESIAN_POINT('Ctrl Pts',(17.5527498051484,11.1246601950438,23.0728322593766));
#7180=CARTESIAN_POINT('Ctrl Pts',(12.184675449088,16.8341738980068,23.2539724814873));
#7181=CARTESIAN_POINT('Ctrl Pts',(5.08384536021328,20.1496896733464,23.4351124720533));
#7182=CARTESIAN_POINT('Ctrl Pts',(-2.7399057471187,20.5997393248766,23.6162529103449));
#7183=CARTESIAN_POINT('Ctrl Pts',(-10.1741814716836,18.1202205785721,23.7973924879746));
#7184=CARTESIAN_POINT('Ctrl Pts',(-16.1612217990805,13.0639616979295,23.9785337773961));
#7185=CARTESIAN_POINT('Ctrl Pts',(-19.850722362581,6.1495757357902,24.1596716723154));
#7186=CARTESIAN_POINT('Ctrl Pts',(-20.4271663123603,0.957411265413506,24.2804353268473));
#7187=CARTESIAN_POINT('Ctrl Pts',(-20.2248278469264,-1.60009683818758,24.3408126106145));
#7188=CARTESIAN_POINT('Ctrl Pts',(-3.94866431219221E-15,-20.2880253186304,
4.05311627392915));
#7189=CARTESIAN_POINT('Ctrl Pts',(2.56549486932111,-20.2880253186304,4.11349344472571));
#7190=CARTESIAN_POINT('Ctrl Pts',(7.69607843963629,-19.3038633805615,4.23425846197182));
#7191=CARTESIAN_POINT('Ctrl Pts',(14.297899405532,-15.080515030744,4.41539558234538));
#7192=CARTESIAN_POINT('Ctrl Pts',(18.866222016753,-8.71333708149336,4.59653726167231));
#7193=CARTESIAN_POINT('Ctrl Pts',(20.751664064246,-1.10665320747218,4.7776766568863));
#7194=CARTESIAN_POINT('Ctrl Pts',(19.6859545282127,6.65721916068438,4.95881720274407));
#7195=CARTESIAN_POINT('Ctrl Pts',(15.820722054366,13.4744550723553,5.13995715092331));
#7196=CARTESIAN_POINT('Ctrl Pts',(9.7056038737988,18.3754504587306,5.32109740187436));
#7197=CARTESIAN_POINT('Ctrl Pts',(2.21025698883012,20.6632551351909,5.50223749005699));
#7198=CARTESIAN_POINT('Ctrl Pts',(-5.59942036306909,20.0125864500094,5.68337766546734));
#7199=CARTESIAN_POINT('Ctrl Pts',(-12.6127890908555,16.5157890709056,5.86451778181193));
#7200=CARTESIAN_POINT('Ctrl Pts',(-17.8325100030342,10.6705382666726,6.04565795372364));
#7201=CARTESIAN_POINT('Ctrl Pts',(-20.5162199396098,3.30730583806282,6.22679804964564));
#7202=CARTESIAN_POINT('Ctrl Pts',(-20.2823910453949,-4.52524372555362,6.40793828331015));
#7203=CARTESIAN_POINT('Ctrl Pts',(-17.1640358409161,-11.7162397868728,6.58907826384681));
#7204=CARTESIAN_POINT('Ctrl Pts',(-11.6050841108441,-17.2371964411249,6.77021874241613));
#7205=CARTESIAN_POINT('Ctrl Pts',(-3.59407360926417,-20.656288935703,6.97148488480014));
#7206=CARTESIAN_POINT('Ctrl Pts',(6.10750808158881,-20.2753329662227,7.1928791724212));
#7207=CARTESIAN_POINT('Ctrl Pts',(15.171169701037,-14.7717351597928,7.43439914555732));
#7208=CARTESIAN_POINT('Ctrl Pts',(20.4209202139156,-5.57704827012413,7.67591893164678));
#7209=CARTESIAN_POINT('Ctrl Pts',(20.5983190139281,6.20472152614906,7.94427601143581));
#7210=CARTESIAN_POINT('Ctrl Pts',(13.374991035856,17.334720006764,8.23946696585904));
#7211=CARTESIAN_POINT('Ctrl Pts',(-0.39209879977971,21.8920241596591,8.56149233947467));
#7212=CARTESIAN_POINT('Ctrl Pts',(-12.8270832241622,17.2697147156643,8.85668541255546));
#7213=CARTESIAN_POINT('Ctrl Pts',(-19.7150784916437,7.70996668491005,9.12504037180056));
#7214=CARTESIAN_POINT('Ctrl Pts',(-20.989953459014,-2.80183215219671,9.36656121307151));
#7215=CARTESIAN_POINT('Ctrl Pts',(-16.9966033804456,-12.6255706865547,9.6080807284604));
#7216=CARTESIAN_POINT('Ctrl Pts',(-8.75865899092357,-19.2765743138178,9.84960126115771));
#7217=CARTESIAN_POINT('Ctrl Pts',(1.69138822768026,-21.1107982940859,10.0911212077152));
#7218=CARTESIAN_POINT('Ctrl Pts',(10.5735251801471,-18.0253427127457,10.3058062983142));
#7219=CARTESIAN_POINT('Ctrl Pts',(18.1899742259545,-10.9028706901852,10.5473258193604));
#7220=CARTESIAN_POINT('Ctrl Pts',(21.1408053276825,-1.73586387321727,10.7620105094164));
#7221=CARTESIAN_POINT('Ctrl Pts',(19.3166611186799,7.35812955509822,10.9766955794064));
#7222=CARTESIAN_POINT('Ctrl Pts',(15.8068289308868,13.3256605310364,11.1377088494819));
#7223=CARTESIAN_POINT('Ctrl Pts',(9.32554346589847,18.8188251673307,11.3345031156215));
#7224=CARTESIAN_POINT('Ctrl Pts',(0.145385926798584,21.1764492469544,11.5491878321477));
#7225=CARTESIAN_POINT('Ctrl Pts',(-10.0500059121591,18.5242783724178,11.7907080856897));
#7226=CARTESIAN_POINT('Ctrl Pts',(-17.6393815101593,11.7141106248331,12.0232829565443));
#7227=CARTESIAN_POINT('Ctrl Pts',(-21.1058408849284,1.69570983963833,12.2648031728308));
#7228=CARTESIAN_POINT('Ctrl Pts',(-19.2851059223597,-8.74105774923889,12.5063233522071));
#7229=CARTESIAN_POINT('Ctrl Pts',(-12.633278083275,-16.9919209414537,12.7478436750672));
#7230=CARTESIAN_POINT('Ctrl Pts',(-2.82038112684927,-20.9849134009207,12.9893636892698));
#7231=CARTESIAN_POINT('Ctrl Pts',(7.70560399892452,-19.7234775064964,13.2308841159029));
#7232=CARTESIAN_POINT('Ctrl Pts',(16.2883961895038,-13.5203864187649,13.4724039998945));
#7233=CARTESIAN_POINT('Ctrl Pts',(21.3202386623241,-2.8678035733689,13.7407603231186));
#7234=CARTESIAN_POINT('Ctrl Pts',(19.345931273921,10.2556061679104,14.0359526219143));
#7235=CARTESIAN_POINT('Ctrl Pts',(8.69781404883516,20.0893271867915,14.3579783892279));
#7236=CARTESIAN_POINT('Ctrl Pts',(-5.74908750091843,21.1238337042536,14.680003696295));
#7237=CARTESIAN_POINT('Ctrl Pts',(-17.6812628869776,12.9087886526484,15.0020331455634));
#7238=CARTESIAN_POINT('Ctrl Pts',(-21.871365370301,-0.959325811566705,15.3240591403931));
#7239=CARTESIAN_POINT('Ctrl Pts',(-16.4817265013468,-14.4070257114427,15.6460848608925));
#7240=CARTESIAN_POINT('Ctrl Pts',(-3.87858410139544,-21.5472008056891,15.9681125529647));
#7241=CARTESIAN_POINT('Ctrl Pts',(10.4282545173267,-19.2478847009734,16.2901399711044));
#7242=CARTESIAN_POINT('Ctrl Pts',(18.5389238794842,-10.3117389367957,16.5584954607244));
#7243=CARTESIAN_POINT('Ctrl Pts',(20.6218831131552,-1.29313481470605,16.7731807694928));
#7244=CARTESIAN_POINT('Ctrl Pts',(19.6833776310993,7.90695732034526,16.9878637755608));
#7245=CARTESIAN_POINT('Ctrl Pts',(12.7527929675209,17.7999850313926,17.2562208567529));
#7246=CARTESIAN_POINT('Ctrl Pts',(0.00816341564112859,21.5136191976155,
17.5514130351681));
#7247=CARTESIAN_POINT('Ctrl Pts',(-11.2191337309077,17.9497816394032,17.8197673894766));
#7248=CARTESIAN_POINT('Ctrl Pts',(-18.5158868804305,10.2751368223627,18.061288293927));
#7249=CARTESIAN_POINT('Ctrl Pts',(-21.1735361453041,0.0117485889174276,
18.3028081448661));
#7250=CARTESIAN_POINT('Ctrl Pts',(-18.5288420046404,-10.2465768951969,18.5443285661087));
#7251=CARTESIAN_POINT('Ctrl Pts',(-11.2429063539856,-17.9428178695587,18.7858486446558));
#7252=CARTESIAN_POINT('Ctrl Pts',(-1.14128804722801,-21.1425186782493,19.0273687740085));
#7253=CARTESIAN_POINT('Ctrl Pts',(9.24635783403814,-19.0486755732735,19.2688893647971));
#7254=CARTESIAN_POINT('Ctrl Pts',(17.3179664332791,-12.1817532802619,19.5104087774581));
#7255=CARTESIAN_POINT('Ctrl Pts',(21.0521361662131,-2.26694989898567,19.7519303371959));
#7256=CARTESIAN_POINT('Ctrl Pts',(19.5137710639818,8.22200583057017,19.9934494451963));
#7257=CARTESIAN_POINT('Ctrl Pts',(13.0875411876067,16.638377641764,20.2349703546498));
#7258=CARTESIAN_POINT('Ctrl Pts',(2.3046148564676,21.3885186936739,20.50332464413));
#7259=CARTESIAN_POINT('Ctrl Pts',(-10.7576728724393,19.0707205159149,20.7985173334289));
#7260=CARTESIAN_POINT('Ctrl Pts',(-20.3157126131973,8.16391338858335,21.1205440752899));
#7261=CARTESIAN_POINT('Ctrl Pts',(-20.8611844619739,-4.18649495540392,21.3956096765735));
#7262=CARTESIAN_POINT('Ctrl Pts',(-16.2623937269201,-12.9269294032469,21.6237106317062));
#7263=CARTESIAN_POINT('Ctrl Pts',(-10.3290507913504,-18.0354388302084,21.8048514688376));
#7264=CARTESIAN_POINT('Ctrl Pts',(-2.90989511823081,-20.5757011758186,21.9859912751875));
#7265=CARTESIAN_POINT('Ctrl Pts',(4.91432472745624,-20.1916732827509,22.1671316148875));
#7266=CARTESIAN_POINT('Ctrl Pts',(12.0441715989266,-16.9352578180539,22.3482716719929));
#7267=CARTESIAN_POINT('Ctrl Pts',(17.4589069238864,-11.2709439512143,22.5294118746217));
#7268=CARTESIAN_POINT('Ctrl Pts',(20.391982729926,-4.00354330084877,22.710551986129));
#7269=CARTESIAN_POINT('Ctrl Pts',(20.4245061620813,3.83308124693219,22.8916921628992));
#7270=CARTESIAN_POINT('Ctrl Pts',(17.5527498051484,11.1246601950438,23.0728322593766));
#7271=CARTESIAN_POINT('Ctrl Pts',(12.184675449088,16.8341738980068,23.2539724814873));
#7272=CARTESIAN_POINT('Ctrl Pts',(5.08384536021328,20.1496896733464,23.4351124720533));
#7273=CARTESIAN_POINT('Ctrl Pts',(-2.7399057471187,20.5997393248766,23.6162529103449));
#7274=CARTESIAN_POINT('Ctrl Pts',(-10.1741814716836,18.1202205785721,23.7973924879746));
#7275=CARTESIAN_POINT('Ctrl Pts',(-16.1612217990805,13.0639616979295,23.9785337773961));
#7276=CARTESIAN_POINT('Ctrl Pts',(-19.8215335709397,6.20427760334733,24.1582386338371));
#7277=CARTESIAN_POINT('Ctrl Pts',(-20.4132198230302,1.08055973031083,24.2775691305587));
#7278=CARTESIAN_POINT('Ctrl Pts',(-20.2384059786077,-1.41793490397349,24.3365136310181));
#7279=CARTESIAN_POINT('Ctrl Pts',(-4.80948096902806E-15,-21.6599766999603,
3.26101977460327));
#7280=CARTESIAN_POINT('Ctrl Pts',(3.56774565774771,-21.6599766999603,3.33966589204709));
#7281=CARTESIAN_POINT('Ctrl Pts',(10.6997685662218,-19.8635714792098,3.49695812693475));
#7282=CARTESIAN_POINT('Ctrl Pts',(18.8411558330997,-12.4108202371508,3.73289647926622));
#7283=CARTESIAN_POINT('Ctrl Pts',(22.4732453794618,-1.99101302115999,3.9688348315977));
#7284=CARTESIAN_POINT('Ctrl Pts',(20.729257301285,8.90626153186319,4.20477318392916));
#7285=CARTESIAN_POINT('Ctrl Pts',(14.0253421316354,17.6721183141372,4.44071153626065));
#7286=CARTESIAN_POINT('Ctrl Pts',(3.9659982899294,22.2101366333295,4.67664988859211));
#7287=CARTESIAN_POINT('Ctrl Pts',(-7.04232219566368,21.4341486606605,4.91258824092359));
#7288=CARTESIAN_POINT('Ctrl Pts',(-16.3656908033047,15.5300309235844,5.14852659325507));
#7289=CARTESIAN_POINT('Ctrl Pts',(-21.7735291389083,5.91025543546844,5.38446494558654));
#7290=CARTESIAN_POINT('Ctrl Pts',(-21.9719533067569,-5.12355258174225,5.62040329791802));
#7291=CARTESIAN_POINT('Ctrl Pts',(-16.9135086570894,-14.9315404221506,5.85634165024949));
#7292=CARTESIAN_POINT('Ctrl Pts',(-7.80843802051609,-21.1670942247259,6.09228000258096));
#7293=CARTESIAN_POINT('Ctrl Pts',(3.16483010541879,-22.3383409433885,6.32821835491243));
#7294=CARTESIAN_POINT('Ctrl Pts',(13.3809011717103,-18.1650514580679,6.56415670724392));
#7295=CARTESIAN_POINT('Ctrl Pts',(20.3955391734701,-9.6457034322934,6.80009505957538));
#7296=CARTESIAN_POINT('Ctrl Pts',(22.530465345937,1.18141697470821,7.03603341190687));
#7297=CARTESIAN_POINT('Ctrl Pts',(19.2748899699245,11.7258786086612,7.27197176423833));
#7298=CARTESIAN_POINT('Ctrl Pts',(11.4077222810644,19.464878278683,7.50791011656981));
#7299=CARTESIAN_POINT('Ctrl Pts',(0.811212652150339,22.5468300938481,7.74384846890128));
#7300=CARTESIAN_POINT('Ctrl Pts',(-9.97938274321751,20.2343651648959,7.97978682123276));
#7301=CARTESIAN_POINT('Ctrl Pts',(-18.3823720230378,13.0807496839358,8.21572517356423));
#7302=CARTESIAN_POINT('Ctrl Pts',(-22.387307318405,2.79751398640952,8.45166352589571));
#7303=CARTESIAN_POINT('Ctrl Pts',(-21.0359922937086,-8.15503781254682,8.68760187822718));
#7304=CARTESIAN_POINT('Ctrl Pts',(-14.6517343198491,-17.1564651050405,8.92354023055866));
#7305=CARTESIAN_POINT('Ctrl Pts',(-4.76199194176065,-22.0531414143359,9.15947858289013));
#7306=CARTESIAN_POINT('Ctrl Pts',(6.26707552417255,-21.6735178930928,9.39541693522161));
#7307=CARTESIAN_POINT('Ctrl Pts',(15.7967208032455,-16.1084209453964,9.63135528755308));
#7308=CARTESIAN_POINT('Ctrl Pts',(21.5469392095776,-6.6893216538349,9.86729363988456));
#7309=CARTESIAN_POINT('Ctrl Pts',(22.14196863142,4.33022385270054,10.103231992216));
#7310=CARTESIAN_POINT('Ctrl Pts',(17.439445966061,14.3137464657759,10.3391703445475));
#7311=CARTESIAN_POINT('Ctrl Pts',(8.56446804545729,20.8726495823547,10.575108696879));
#7312=CARTESIAN_POINT('Ctrl Pts',(-2.3595921552851,22.4376901295625,10.8110470492105));
#7313=CARTESIAN_POINT('Ctrl Pts',(-12.7191107583384,18.6344260712968,11.0469854015419));
#7314=CARTESIAN_POINT('Ctrl Pts',(-20.0355326581559,10.3728031213112,11.2829237538734));
#7315=CARTESIAN_POINT('Ctrl Pts',(-22.5583754675794,-0.370553306864566,
11.5188621062049));
#7316=CARTESIAN_POINT('Ctrl Pts',(-19.6840392351647,-11.0252534155913,11.7548004585363));
#7317=CARTESIAN_POINT('Ctrl Pts',(-12.100220080479,-19.0421187763728,11.9907388108678));
#7318=CARTESIAN_POINT('Ctrl Pts',(-1.62137622360013,-22.5030831805568,12.2266771631993));
#7319=CARTESIAN_POINT('Ctrl Pts',(9.24538819899163,-20.5800974375599,12.4626155155308));
#7320=CARTESIAN_POINT('Ctrl Pts',(17.9001575471612,-13.7332433633254,12.6985538678622));
#7321=CARTESIAN_POINT('Ctrl Pts',(22.2722446029829,-3.60065741697433,12.9344922201937));
#7322=CARTESIAN_POINT('Ctrl Pts',(21.3156105388522,7.3933998164232,13.1704305725252));
#7323=CARTESIAN_POINT('Ctrl Pts',(15.259133774186,16.6185573968082,13.4063689248567));
#7324=CARTESIAN_POINT('Ctrl Pts',(5.55184992365504,21.8676605039205,13.6423072771881));
#7325=CARTESIAN_POINT('Ctrl Pts',(-5.48373560775032,21.8848408098804,13.8782456295196));
#7326=CARTESIAN_POINT('Ctrl Pts',(-15.2073160732028,16.6659878596866,14.1141839818511));
#7327=CARTESIAN_POINT('Ctrl Pts',(-21.2924870392277,7.45973251355787,14.3501223341826));
#7328=CARTESIAN_POINT('Ctrl Pts',(-22.2833476919108,-3.53129284128687,14.586060686514));
#7329=CARTESIAN_POINT('Ctrl Pts',(-17.9428307674447,-13.677442653521,14.8219990388455));
#7330=CARTESIAN_POINT('Ctrl Pts',(-9.30942181675621,-20.5512111304228,15.057937391177));
#7331=CARTESIAN_POINT('Ctrl Pts',(1.55130250037924,-22.5080224373852,15.2938757435085));
#7332=CARTESIAN_POINT('Ctrl Pts',(12.0408716625426,-19.0797018607653,15.5298140958399));
#7333=CARTESIAN_POINT('Ctrl Pts',(19.6496154622612,-11.0864884284777,15.7657524481714));
#7334=CARTESIAN_POINT('Ctrl Pts',(22.5571123612236,-0.44078953331702,16.0016908005029));
#7335=CARTESIAN_POINT('Ctrl Pts',(20.0677324214516,10.3103699715601,16.2376291528344));
#7336=CARTESIAN_POINT('Ctrl Pts',(12.7770694727242,18.5947333720829,16.4735675051658));
#7337=CARTESIAN_POINT('Ctrl Pts',(2.42944297297853,22.4302345134938,16.7095058574973));
#7338=CARTESIAN_POINT('Ctrl Pts',(-8.49943720416058,20.8992148345871,16.9454442098288));
#7339=CARTESIAN_POINT('Ctrl Pts',(-17.3947939828366,14.3679767463777,17.1813825621603));
#7340=CARTESIAN_POINT('Ctrl Pts',(-22.1283786667848,4.39914435626753,17.4173209144917));
#7341=CARTESIAN_POINT('Ctrl Pts',(-21.5676627155777,-6.62220042592892,17.6532592668232));
#7342=CARTESIAN_POINT('Ctrl Pts',(-15.8467996001658,-16.0591580075701,17.8891976191547));
#7343=CARTESIAN_POINT('Ctrl Pts',(-6.33452806577804,-21.6538995954286,18.1251359714862));
#7344=CARTESIAN_POINT('Ctrl Pts',(4.69330393958318,-22.0678615095247,18.3610743238176));
#7345=CARTESIAN_POINT('Ctrl Pts',(14.5982447262043,-17.2020017556388,18.5970126761491));
#7346=CARTESIAN_POINT('Ctrl Pts',(21.0104987067441,-8.22049619280265,18.8329510284806));
#7347=CARTESIAN_POINT('Ctrl Pts',(22.395909168314,2.72779503857869,19.0688893808121));
#7348=CARTESIAN_POINT('Ctrl Pts',(18.4230113026757,13.0234507173528,19.3048277331435));
#7349=CARTESIAN_POINT('Ctrl Pts',(10.0423363097873,20.2031951418304,19.540766085475));
#7350=CARTESIAN_POINT('Ctrl Pts',(-0.741006611248738,22.549246638739,19.7767044378065));
#7351=CARTESIAN_POINT('Ctrl Pts',(-11.3470609775216,19.5003030759195,20.012642790138));
#7352=CARTESIAN_POINT('Ctrl Pts',(-19.2382865745744,11.7858364283527,20.2485811424694));
#7353=CARTESIAN_POINT('Ctrl Pts',(-22.5266779174928,1.25156210424167,20.4845194948009));
#7354=CARTESIAN_POINT('Ctrl Pts',(-20.4254727799625,-9.58215236539674,20.7204578471324));
#7355=CARTESIAN_POINT('Ctrl Pts',(-13.4373962216445,-18.1233014998452,20.9563961994639));
#7356=CARTESIAN_POINT('Ctrl Pts',(-3.23436573195145,-22.328376597598,21.1923345517953));
#7357=CARTESIAN_POINT('Ctrl Pts',(7.74249021889205,-21.1913080220579,21.4282729041268));
#7358=CARTESIAN_POINT('Ctrl Pts',(16.8669431974645,-14.9841223677053,21.6642112564583));
#7359=CARTESIAN_POINT('Ctrl Pts',(21.9558792199727,-5.19195516090056,21.9001496087897));
#7360=CARTESIAN_POINT('Ctrl Pts',(21.7918549817807,5.84246250821731,22.1360879611212));
#7361=CARTESIAN_POINT('Ctrl Pts',(16.4139086729799,15.4789401992955,22.3720263134527));
#7362=CARTESIAN_POINT('Ctrl Pts',(7.1091383291382,21.4122337684325,22.6079646657842));
#7363=CARTESIAN_POINT('Ctrl Pts',(-3.89704739498954,22.2221491385764,22.8439030181156));
#7364=CARTESIAN_POINT('Ctrl Pts',(-13.9698061408327,17.7161544493599,23.0798413704472));
#7365=CARTESIAN_POINT('Ctrl Pts',(-20.7023813684685,8.96983416540522,23.3157797227786));
#7366=CARTESIAN_POINT('Ctrl Pts',(-21.8850788067263,1.71076747238758,23.4730719576662));
#7367=CARTESIAN_POINT('Ctrl Pts',(-21.5813382762846,-1.84402517536906,23.5517180751101));
#7368=CARTESIAN_POINT('Ctrl Pts',(-4.70793616821348E-15,-21.2026595728503,
3.52505194104524));
#7369=CARTESIAN_POINT('Ctrl Pts',(3.49241819008413,-21.2026595728503,3.60369805848906));
#7370=CARTESIAN_POINT('Ctrl Pts',(10.4738593933161,-19.4441826881298,3.76099029337671));
#7371=CARTESIAN_POINT('Ctrl Pts',(18.443353777429,-12.1487848372724,3.99692864570819));
#7372=CARTESIAN_POINT('Ctrl Pts',(21.9987573337848,-1.94897584044236,4.23286699803966));
#7373=CARTESIAN_POINT('Ctrl Pts',(20.2915908842124,8.7182195042349,4.46880535037113));
#7374=CARTESIAN_POINT('Ctrl Pts',(13.7292185826943,17.2989986894341,4.70474370270261));
#7375=CARTESIAN_POINT('Ctrl Pts',(3.88226232985901,21.7412037245561,4.94068205503408));
#7376=CARTESIAN_POINT('Ctrl Pts',(-6.89363438314587,20.9815995456118,5.17662040736556));
#7377=CARTESIAN_POINT('Ctrl Pts',(-16.0201543881455,15.2021381827803,5.41255875969704));
#7378=CARTESIAN_POINT('Ctrl Pts',(-21.3138145265251,5.785469473153,5.6484971120285));
#7379=CARTESIAN_POINT('Ctrl Pts',(-21.5080492729516,-5.0153766414014,5.88443546435998));
#7380=CARTESIAN_POINT('Ctrl Pts',(-16.5564059096786,-14.6162838886938,6.12037381669145));
#7381=CARTESIAN_POINT('Ctrl Pts',(-7.64357484950607,-20.7201835537585,6.35631216902294));
#7382=CARTESIAN_POINT('Ctrl Pts',(3.09800958055629,-21.8667011975963,6.59225052135439));
#7383=CARTESIAN_POINT('Ctrl Pts',(13.0983840034438,-17.7815243074305,6.8281888736859));
#7384=CARTESIAN_POINT('Ctrl Pts',(19.9649187019029,-9.44204922510215,7.06412722601734));
#7385=CARTESIAN_POINT('Ctrl Pts',(22.0547691885873,1.1564731705538,7.30006557834884));
#7386=CARTESIAN_POINT('Ctrl Pts',(18.8679302843943,11.4783046988442,7.5360039306803));
#7387=CARTESIAN_POINT('Ctrl Pts',(11.1668657532522,19.0539072819335,7.77194228301178));
#7388=CARTESIAN_POINT('Ctrl Pts',(0.794085143441736,22.070788419991,8.00788063534325));
#7389=CARTESIAN_POINT('Ctrl Pts',(-9.76868341007984,19.8071476348732,8.24381898767473));
#7390=CARTESIAN_POINT('Ctrl Pts',(-17.9942564825877,12.8045697531461,8.4797573400062));
#7391=CARTESIAN_POINT('Ctrl Pts',(-21.9146337228421,2.73844877701264,8.71569569233767));
#7392=CARTESIAN_POINT('Ctrl Pts',(-20.5918496385743,-7.98285671948435,8.95163404466916));
#7393=CARTESIAN_POINT('Ctrl Pts',(-14.3423854623158,-16.7942327055377,9.18757239700062));
#7394=CARTESIAN_POINT('Ctrl Pts',(-4.66144979878915,-21.587523218386,9.4235107493321));
#7395=CARTESIAN_POINT('Ctrl Pts',(6.13475585394404,-21.2159148644961,9.65944910166358));
#7396=CARTESIAN_POINT('Ctrl Pts',(15.4631973154058,-15.7683163879876,9.89538745399504));
#7397=CARTESIAN_POINT('Ctrl Pts',(21.0920086953931,-6.54808690536669,10.1313258063265));
#7398=CARTESIAN_POINT('Ctrl Pts',(21.6744749852657,4.2387978295108,10.367264158658));
#7399=CARTESIAN_POINT('Ctrl Pts',(17.0712388604826,14.0115337024574,10.6032025109895));
#7400=CARTESIAN_POINT('Ctrl Pts',(8.38364246212318,20.4319556575919,10.8391408633209));
#7401=CARTESIAN_POINT('Ctrl Pts',(-2.30977299247833,21.9639527783558,11.0750792156524));
#7402=CARTESIAN_POINT('Ctrl Pts',(-12.4505662777985,18.2409887969029,11.3110175679839));
#7403=CARTESIAN_POINT('Ctrl Pts',(-19.6125131710037,10.1537973213869,11.5469559203154));
#7404=CARTESIAN_POINT('Ctrl Pts',(-22.0820900308956,-0.362729643151342,
11.7828942726468));
#7405=CARTESIAN_POINT('Ctrl Pts',(-19.2684409915635,-10.7924721302039,12.0188326249783));
#7406=CARTESIAN_POINT('Ctrl Pts',(-11.8447425256664,-18.6400736969377,12.2547709773098));
#7407=CARTESIAN_POINT('Ctrl Pts',(-1.58714335590999,-22.027965155556,12.4907093296413));
#7408=CARTESIAN_POINT('Ctrl Pts',(9.05018603286063,-20.1455803018233,12.7266476819727));
#7409=CARTESIAN_POINT('Ctrl Pts',(17.5222232244387,-13.4432870310626,12.9625860343042));
#7410=CARTESIAN_POINT('Ctrl Pts',(21.8020003798603,-3.52463506808413,13.1985243866357));
#7411=CARTESIAN_POINT('Ctrl Pts',(20.8655641741097,7.23729953937959,13.4344627389672));
#7412=CARTESIAN_POINT('Ctrl Pts',(14.9369606104536,16.2676820920608,13.6704010912986));
#7413=CARTESIAN_POINT('Ctrl Pts',(5.43463114302558,21.4059584523995,13.9063394436301));
#7414=CARTESIAN_POINT('Ctrl Pts',(-5.36795495624243,21.4227760225968,14.1422777959616));
#7415=CARTESIAN_POINT('Ctrl Pts',(-14.8862369606079,16.3141111335932,14.3782161482931));
#7416=CARTESIAN_POINT('Ctrl Pts',(-20.8429288916502,7.30223172353554,14.6141545006245));
#7417=CARTESIAN_POINT('Ctrl Pts',(-21.8128690441256,-3.45673501883252,14.850092852956));
#7418=CARTESIAN_POINT('Ctrl Pts',(-17.563995465244,-13.388664467507,15.0860312052875));
#7419=CARTESIAN_POINT('Ctrl Pts',(-9.11286767917483,-20.1173038846771,15.321969557619));
#7420=CARTESIAN_POINT('Ctrl Pts',(1.5185491316855,-22.0328001275656,15.5579079099504));
#7421=CARTESIAN_POINT('Ctrl Pts',(11.7866471583849,-18.6768632722503,15.7938462622819));
#7422=CARTESIAN_POINT('Ctrl Pts',(19.2347440237322,-10.8524142598818,16.0297846146134));
#7423=CARTESIAN_POINT('Ctrl Pts',(22.0808535930897,-0.431482939601392,16.2657229669449));
#7424=CARTESIAN_POINT('Ctrl Pts',(19.6440330857729,10.0926823516633,16.5016613192763));
#7425=CARTESIAN_POINT('Ctrl Pts',(12.5073012829845,18.2021341480444,16.7375996716078));
#7426=CARTESIAN_POINT('Ctrl Pts',(2.3781490174831,21.9566545761648,16.9735380239393));
#7427=CARTESIAN_POINT('Ctrl Pts',(-8.3199846471195,20.4579600253414,17.2094763762708));
#7428=CARTESIAN_POINT('Ctrl Pts',(-17.0275296352754,14.06461899401,17.4454147286022));
#7429=CARTESIAN_POINT('Ctrl Pts',(-21.6611719518526,4.30626318254245,17.6813530809337));
#7430=CARTESIAN_POINT('Ctrl Pts',(-21.112294656406,-6.48238283905508,17.9172914332652));
#7431=CARTESIAN_POINT('Ctrl Pts',(-15.5122187754759,-15.7200935614001,18.1532297855967));
#7432=CARTESIAN_POINT('Ctrl Pts',(-6.20078423877548,-21.1967107770433,18.3891681379281));
#7433=CARTESIAN_POINT('Ctrl Pts',(4.59421203823742,-21.6019325213825,18.6251064902596));
#7434=CARTESIAN_POINT('Ctrl Pts',(14.2900252192531,-16.8388079197265,18.8610448425911));
#7435=CARTESIAN_POINT('Ctrl Pts',(20.5668943095273,-8.04693304661894,19.0969831949226));
#7436=CARTESIAN_POINT('Ctrl Pts',(21.9230539579071,2.67020183764095,19.332921547254));
#7437=CARTESIAN_POINT('Ctrl Pts',(18.0340377262789,12.7484805662017,19.5688598995855));
#7438=CARTESIAN_POINT('Ctrl Pts',(9.83030780882073,19.7766357189516,19.804798251917));
#7439=CARTESIAN_POINT('Ctrl Pts',(-0.725361395221038,22.0731539432496,20.0407366042484));
#7440=CARTESIAN_POINT('Ctrl Pts',(-11.1074852199267,19.0885841390072,20.2766749565799));
#7441=CARTESIAN_POINT('Ctrl Pts',(-18.8320997134953,11.5369966012991,20.5126133089114));
#7442=CARTESIAN_POINT('Ctrl Pts',(-22.0510617258753,1.22513729345633,20.7485516612429));
#7443=CARTESIAN_POINT('Ctrl Pts',(-19.9942203062877,-9.37983994133577,20.9844900135744));
#7444=CARTESIAN_POINT('Ctrl Pts',(-13.1536862472044,-17.7406558354261,21.2204283659058));
#7445=CARTESIAN_POINT('Ctrl Pts',(-3.16607706917732,-21.8569472336568,21.4563667182373));
#7446=CARTESIAN_POINT('Ctrl Pts',(7.57901943438344,-20.7438861139647,21.6923050705688));
#7447=CARTESIAN_POINT('Ctrl Pts',(16.5108236081851,-14.6677556472612,21.9282434229003));
#7448=CARTESIAN_POINT('Ctrl Pts',(21.4923145658117,-5.08233500520246,22.1641817752317));
#7449=CARTESIAN_POINT('Ctrl Pts',(21.3317534473833,5.71910788939584,22.4001201275632));
#7450=CARTESIAN_POINT('Ctrl Pts',(16.06735421159,15.152126160633,22.6360584798947));
#7451=CARTESIAN_POINT('Ctrl Pts',(6.95903979662618,20.9601473526607,22.8719968322261));
#7452=CARTESIAN_POINT('Ctrl Pts',(-3.81476722712163,21.7529626042123,23.1079351845576));
#7453=CARTESIAN_POINT('Ctrl Pts',(-13.6748551490054,17.3421050693237,23.3438735368891));
#7454=CARTESIAN_POINT('Ctrl Pts',(-20.2652823954221,8.78044989930012,23.5798118892206));
#7455=CARTESIAN_POINT('Ctrl Pts',(-21.423008994505,1.67464724583042,23.7371041241082));
#7456=CARTESIAN_POINT('Ctrl Pts',(-21.1256814786613,-1.80509141716609,23.815750241552));
#7457=CARTESIAN_POINT('Ctrl Pts',(-4.6063913673989E-15,-20.7453424457403,
3.78908410748721));
#7458=CARTESIAN_POINT('Ctrl Pts',(3.41709072242055,-20.7453424457403,3.86773022493103));
#7459=CARTESIAN_POINT('Ctrl Pts',(10.2479502204103,-19.0247938970499,4.02502245981868));
#7460=CARTESIAN_POINT('Ctrl Pts',(18.0455517217583,-11.8867494373939,4.26096081215016));
#7461=CARTESIAN_POINT('Ctrl Pts',(21.5242692881078,-1.90693865972476,4.49689916448163));
#7462=CARTESIAN_POINT('Ctrl Pts',(19.8539244671399,8.53017747660664,4.7328375168131));
#7463=CARTESIAN_POINT('Ctrl Pts',(13.4330950337531,16.9258790647309,4.96877586914458));
#7464=CARTESIAN_POINT('Ctrl Pts',(3.7985263697886,21.2722708157828,5.20471422147605));
#7465=CARTESIAN_POINT('Ctrl Pts',(-6.74494657062806,20.5290504305632,5.44065257380753));
#7466=CARTESIAN_POINT('Ctrl Pts',(-15.6746179729862,14.8742454419762,5.676590926139));
#7467=CARTESIAN_POINT('Ctrl Pts',(-20.854099914142,5.66068351083757,5.91252927847048));
#7468=CARTESIAN_POINT('Ctrl Pts',(-21.0441452391463,-4.90720070106054,6.14846763080195));
#7469=CARTESIAN_POINT('Ctrl Pts',(-16.1993031622678,-14.301027355237,6.38440598313342));
#7470=CARTESIAN_POINT('Ctrl Pts',(-7.47871167849604,-20.2732728827911,6.6203443354649));
#7471=CARTESIAN_POINT('Ctrl Pts',(3.03118905569376,-21.3950614518041,6.85628268779637));
#7472=CARTESIAN_POINT('Ctrl Pts',(12.8158668351774,-17.3979971567931,7.09222104012785));
#7473=CARTESIAN_POINT('Ctrl Pts',(19.5342982303358,-9.2383950179109,7.32815939245932));
#7474=CARTESIAN_POINT('Ctrl Pts',(21.5790730312377,1.1315293663994,7.5640977447908));
#7475=CARTESIAN_POINT('Ctrl Pts',(18.4609705988641,11.2307307890273,7.80003609712227));
#7476=CARTESIAN_POINT('Ctrl Pts',(10.9260092254401,18.642936285184,8.03597444945374));
#7477=CARTESIAN_POINT('Ctrl Pts',(0.776957634733135,21.5947467461339,8.27191280178522));
#7478=CARTESIAN_POINT('Ctrl Pts',(-9.55798407694218,19.3799301048506,8.50785115411669));
#7479=CARTESIAN_POINT('Ctrl Pts',(-17.6061409421375,12.5283898223564,8.74378950644818));
#7480=CARTESIAN_POINT('Ctrl Pts',(-21.4419601272791,2.67938356761575,8.97972785877963));
#7481=CARTESIAN_POINT('Ctrl Pts',(-20.1477069834401,-7.81067562642185,9.21566621111113));
#7482=CARTESIAN_POINT('Ctrl Pts',(-14.0330366047824,-16.432000306035,9.45160456344258));
#7483=CARTESIAN_POINT('Ctrl Pts',(-4.56090765581764,-21.121905022436,9.68754291577407));
#7484=CARTESIAN_POINT('Ctrl Pts',(6.00243618371553,-20.7583118358994,9.92348126810554));
#7485=CARTESIAN_POINT('Ctrl Pts',(15.129673827566,-15.4282118305787,10.159419620437));
#7486=CARTESIAN_POINT('Ctrl Pts',(20.6370781812086,-6.40685215689848,10.3953579727685));
#7487=CARTESIAN_POINT('Ctrl Pts',(21.2069813391115,4.14737180632104,10.6312963251));
#7488=CARTESIAN_POINT('Ctrl Pts',(16.7030317549041,13.7093209391389,10.8672346774314));
#7489=CARTESIAN_POINT('Ctrl Pts',(8.20281687878906,19.9912617328291,11.1031730297629));
#7490=CARTESIAN_POINT('Ctrl Pts',(-2.25995382967156,21.4902154271493,11.3391113820944));
#7491=CARTESIAN_POINT('Ctrl Pts',(-12.1820217972586,17.8475515225089,11.5750497344258));
#7492=CARTESIAN_POINT('Ctrl Pts',(-19.1894936838515,9.93479152146265,11.8109880867574));
#7493=CARTESIAN_POINT('Ctrl Pts',(-21.6058045942118,-0.354905979438138,
12.0469264390888));
#7494=CARTESIAN_POINT('Ctrl Pts',(-18.8528427479624,-10.5596908448165,12.2828647914203));
#7495=CARTESIAN_POINT('Ctrl Pts',(-11.5892649708538,-18.2380286175026,12.5188031437518));
#7496=CARTESIAN_POINT('Ctrl Pts',(-1.55291048821987,-21.5528471305551,12.7547414960832));
#7497=CARTESIAN_POINT('Ctrl Pts',(8.85498386672964,-19.7110631660867,12.9906798484147));
#7498=CARTESIAN_POINT('Ctrl Pts',(17.1442889017163,-13.1533306987998,13.2266182007462));
#7499=CARTESIAN_POINT('Ctrl Pts',(21.3317561567377,-3.44861271919393,13.4625565530777));
#7500=CARTESIAN_POINT('Ctrl Pts',(20.4155178093673,7.08119926233597,13.6984949054091));
#7501=CARTESIAN_POINT('Ctrl Pts',(14.6147874467211,15.9168067873134,13.9344332577406));
#7502=CARTESIAN_POINT('Ctrl Pts',(5.31741236239611,20.9442564008785,14.1703716100721));
#7503=CARTESIAN_POINT('Ctrl Pts',(-5.25217430473452,20.9607112353133,14.4063099624036));
#7504=CARTESIAN_POINT('Ctrl Pts',(-14.5651578480129,15.9622344074998,14.642248314735));
#7505=CARTESIAN_POINT('Ctrl Pts',(-20.3933707440727,7.14473093351319,14.8781866670665));
#7506=CARTESIAN_POINT('Ctrl Pts',(-21.3423903963404,-3.38217719637814,15.114125019398));
#7507=CARTESIAN_POINT('Ctrl Pts',(-17.1851601630434,-13.099886281493,15.3500633717295));
#7508=CARTESIAN_POINT('Ctrl Pts',(-8.91631354159343,-19.6833966389314,15.5860017240609));
#7509=CARTESIAN_POINT('Ctrl Pts',(1.48579576299174,-21.5575778177461,15.8219400763924));
#7510=CARTESIAN_POINT('Ctrl Pts',(11.5324226542273,-18.2740246837353,16.0578784287239));
#7511=CARTESIAN_POINT('Ctrl Pts',(18.8198725852032,-10.6183400912859,16.2938167810553));
#7512=CARTESIAN_POINT('Ctrl Pts',(21.6045948249558,-0.42217634588575,16.5297551333868));
#7513=CARTESIAN_POINT('Ctrl Pts',(19.2203337500942,9.87499473176648,16.7656934857183));
#7514=CARTESIAN_POINT('Ctrl Pts',(12.2375330932449,17.8095349240058,17.0016318380498));
#7515=CARTESIAN_POINT('Ctrl Pts',(2.32685506198766,21.4830746388359,17.2375701903812));
#7516=CARTESIAN_POINT('Ctrl Pts',(-8.14053209007841,20.0167052160957,17.4735085427127));
#7517=CARTESIAN_POINT('Ctrl Pts',(-16.6602652877143,13.7612612416423,17.7094468950442));
#7518=CARTESIAN_POINT('Ctrl Pts',(-21.1939652369204,4.21338200881734,17.9453852473757));
#7519=CARTESIAN_POINT('Ctrl Pts',(-20.6569265972343,-6.3425652521812,18.1813235997071));
#7520=CARTESIAN_POINT('Ctrl Pts',(-15.1776379507861,-15.3810291152301,18.4172619520386));
#7521=CARTESIAN_POINT('Ctrl Pts',(-6.06704041177291,-20.7395219586579,18.6532003043701));
#7522=CARTESIAN_POINT('Ctrl Pts',(4.49512013689166,-21.1360035332403,18.8891386567016));
#7523=CARTESIAN_POINT('Ctrl Pts',(13.9818057123019,-16.4756140838142,19.125077009033));
#7524=CARTESIAN_POINT('Ctrl Pts',(20.1232899123105,-7.87336990043522,19.3610153613645));
#7525=CARTESIAN_POINT('Ctrl Pts',(21.4501987475001,2.61260863670321,19.596953713696));
#7526=CARTESIAN_POINT('Ctrl Pts',(17.6450641498822,12.4735104150506,19.8328920660275));
#7527=CARTESIAN_POINT('Ctrl Pts',(9.61827930785411,19.3500762960728,20.068830418359));
#7528=CARTESIAN_POINT('Ctrl Pts',(-0.709716179193337,21.5970612477602,20.3047687706904));
#7529=CARTESIAN_POINT('Ctrl Pts',(-10.8679094623317,18.6768652020949,20.5407071230219));
#7530=CARTESIAN_POINT('Ctrl Pts',(-18.4259128524162,11.2881567742455,20.7766454753533));
#7531=CARTESIAN_POINT('Ctrl Pts',(-21.5754455342577,1.19871248267098,21.0125838276849));
#7532=CARTESIAN_POINT('Ctrl Pts',(-19.562967832613,-9.17752751727479,21.2485221800163));
#7533=CARTESIAN_POINT('Ctrl Pts',(-12.8699762727642,-17.3580101710071,21.4844605323478));
#7534=CARTESIAN_POINT('Ctrl Pts',(-3.09778840640321,-21.3855178697156,21.7203988846793));
#7535=CARTESIAN_POINT('Ctrl Pts',(7.41554864987484,-20.2964642058715,21.9563372370107));
#7536=CARTESIAN_POINT('Ctrl Pts',(16.1547040189056,-14.351388926817,22.1922755893422));
#7537=CARTESIAN_POINT('Ctrl Pts',(21.0287499116508,-4.97271484950437,22.4282139416737));
#7538=CARTESIAN_POINT('Ctrl Pts',(20.8716519129858,5.59575327057436,22.6641522940052));
#7539=CARTESIAN_POINT('Ctrl Pts',(15.7207997502001,14.8253121219706,22.9000906463366));
#7540=CARTESIAN_POINT('Ctrl Pts',(6.80894126411413,20.5080609368889,23.1360289986681));
#7541=CARTESIAN_POINT('Ctrl Pts',(-3.7324870592537,21.2837760698481,23.3719673509996));
#7542=CARTESIAN_POINT('Ctrl Pts',(-13.3799041571782,16.9680556892876,23.6079057033311));
#7543=CARTESIAN_POINT('Ctrl Pts',(-19.8281834223756,8.59106563319499,23.8438440556625));
#7544=CARTESIAN_POINT('Ctrl Pts',(-20.9609391822838,1.63852701927325,24.0011362905502));
#7545=CARTESIAN_POINT('Ctrl Pts',(-20.670024681038,-1.76615765896312,24.079782407994));
#7546=CARTESIAN_POINT('Ctrl Pts',(-4.50484656658431E-15,-20.2880253186304,
4.05311627392917));
#7547=CARTESIAN_POINT('Ctrl Pts',(3.34176325475696,-20.2880253186304,4.131762391373));
#7548=CARTESIAN_POINT('Ctrl Pts',(10.0220410475045,-18.60540510597,4.28905462626065));
#7549=CARTESIAN_POINT('Ctrl Pts',(17.6477496660875,-11.6247140375155,4.52499297859212));
#7550=CARTESIAN_POINT('Ctrl Pts',(21.0497812424309,-1.86490147900715,4.7609313309236));
#7551=CARTESIAN_POINT('Ctrl Pts',(19.4162580500673,8.34213544897836,4.99686968325507));
#7552=CARTESIAN_POINT('Ctrl Pts',(13.136971484812,16.5527594400277,5.23280803558655));
#7553=CARTESIAN_POINT('Ctrl Pts',(3.71479040971821,20.8033379070096,5.46874638791802));
#7554=CARTESIAN_POINT('Ctrl Pts',(-6.59625875811026,20.0765013155145,5.7046847402495));
#7555=CARTESIAN_POINT('Ctrl Pts',(-15.329081557827,14.5463527011721,5.94062309258097));
#7556=CARTESIAN_POINT('Ctrl Pts',(-20.3943853017588,5.53589754852213,6.17656144491245));
#7557=CARTESIAN_POINT('Ctrl Pts',(-20.580241205341,-4.79902476071968,6.41249979724391));
#7558=CARTESIAN_POINT('Ctrl Pts',(-15.842200414857,-13.9857708217802,6.6484381495754));
#7559=CARTESIAN_POINT('Ctrl Pts',(-7.31384850748602,-19.8263622118237,6.88437650190687));
#7560=CARTESIAN_POINT('Ctrl Pts',(2.96436853083125,-20.923421706012,7.12031485423834));
#7561=CARTESIAN_POINT('Ctrl Pts',(12.533349666911,-17.0144700061557,7.35625320656982));
#7562=CARTESIAN_POINT('Ctrl Pts',(19.1036777587686,-9.03474081071966,7.59219155890128));
#7563=CARTESIAN_POINT('Ctrl Pts',(21.103376873888,1.10658556224502,7.82812991123277));
#7564=CARTESIAN_POINT('Ctrl Pts',(18.054010913334,10.9831568792103,8.06406826356424));
#7565=CARTESIAN_POINT('Ctrl Pts',(10.6851526976279,18.2319652884346,8.30000661589572));
#7566=CARTESIAN_POINT('Ctrl Pts',(0.759830126024526,21.1187050722768,8.53594496822719));
#7567=CARTESIAN_POINT('Ctrl Pts',(-9.3472847438045,18.952712574828,8.77188332055866));
#7568=CARTESIAN_POINT('Ctrl Pts',(-17.2180254016874,12.2522098915667,9.00782167289014));
#7569=CARTESIAN_POINT('Ctrl Pts',(-20.9692865317161,2.62031835821887,9.24376002522161));
#7570=CARTESIAN_POINT('Ctrl Pts',(-19.7035643283058,-7.63849453335937,9.47969837755308));
#7571=CARTESIAN_POINT('Ctrl Pts',(-13.7236877472491,-16.0697679065323,9.71563672988456));
#7572=CARTESIAN_POINT('Ctrl Pts',(-4.46036551284614,-20.656286826486,9.95157508221604));
#7573=CARTESIAN_POINT('Ctrl Pts',(5.87011651348703,-20.3007088073027,10.1875134345475));
#7574=CARTESIAN_POINT('Ctrl Pts',(14.7961503397263,-15.0881072731698,10.423451786879));
#7575=CARTESIAN_POINT('Ctrl Pts',(20.1821476670241,-6.26561740843027,10.6593901392105));
#7576=CARTESIAN_POINT('Ctrl Pts',(20.7394876929573,4.05594578313129,10.8953284915419));
#7577=CARTESIAN_POINT('Ctrl Pts',(16.3348246493257,13.4071081758204,11.1312668438734));
#7578=CARTESIAN_POINT('Ctrl Pts',(8.02199129545495,19.5505678080664,11.3672051962049));
#7579=CARTESIAN_POINT('Ctrl Pts',(-2.21013466686478,21.0164780759427,11.6031435485364));
#7580=CARTESIAN_POINT('Ctrl Pts',(-11.9134773167187,17.454114248115,11.8390819008678));
#7581=CARTESIAN_POINT('Ctrl Pts',(-18.7664741966993,9.71578572153839,12.0750202531993));
#7582=CARTESIAN_POINT('Ctrl Pts',(-21.129519157528,-0.347082315724932,12.3109586055308));
#7583=CARTESIAN_POINT('Ctrl Pts',(-18.4372445043612,-10.3269095594291,12.5468969578623));
#7584=CARTESIAN_POINT('Ctrl Pts',(-11.3337874160413,-17.8359835380675,12.7828353101937));
#7585=CARTESIAN_POINT('Ctrl Pts',(-1.51867762052971,-21.0777291055543,13.0187736625252));
#7586=CARTESIAN_POINT('Ctrl Pts',(8.65978170059862,-19.2765460303501,13.2547120148567));
#7587=CARTESIAN_POINT('Ctrl Pts',(16.7663545789938,-12.863374366537,13.4906503671882));
#7588=CARTESIAN_POINT('Ctrl Pts',(20.8615119336151,-3.37259037030374,13.7265887195196));
#7589=CARTESIAN_POINT('Ctrl Pts',(19.9654714446249,6.92509898529236,13.9625270718511));
#7590=CARTESIAN_POINT('Ctrl Pts',(14.2926142829886,15.565931482566,14.1984654241826));
#7591=CARTESIAN_POINT('Ctrl Pts',(5.20019358176669,20.4825543493575,14.4344037765141));
#7592=CARTESIAN_POINT('Ctrl Pts',(-5.13639365322667,20.4986464480297,14.6703421288455));
#7593=CARTESIAN_POINT('Ctrl Pts',(-14.244078735418,15.6103576814063,14.906280481177));
#7594=CARTESIAN_POINT('Ctrl Pts',(-19.9438125964953,6.98723014349086,15.1422188335085));
#7595=CARTESIAN_POINT('Ctrl Pts',(-20.8719117485551,-3.30761937392378,15.3781571858399));
#7596=CARTESIAN_POINT('Ctrl Pts',(-16.8063248608428,-12.8111080954791,15.6140955381714));
#7597=CARTESIAN_POINT('Ctrl Pts',(-8.71975940401202,-19.2494893931858,15.8500338905029));
#7598=CARTESIAN_POINT('Ctrl Pts',(1.45304239429798,-21.0823555079266,16.0859722428344));
#7599=CARTESIAN_POINT('Ctrl Pts',(11.2781981500696,-17.8711860952203,16.3219105951659));
#7600=CARTESIAN_POINT('Ctrl Pts',(18.4050011466742,-10.3842659226901,16.5578489474973));
#7601=CARTESIAN_POINT('Ctrl Pts',(21.1283360568219,-0.412869752170108,16.7937872998288));
#7602=CARTESIAN_POINT('Ctrl Pts',(18.7966344144155,9.65730711186965,17.0297256521603));
#7603=CARTESIAN_POINT('Ctrl Pts',(11.9677649035053,17.4169356999674,17.2656640044918));
#7604=CARTESIAN_POINT('Ctrl Pts',(2.27556110649221,21.0094947015069,17.5016023568232));
#7605=CARTESIAN_POINT('Ctrl Pts',(-7.96107953303731,19.57545040685,17.7375407091547));
#7606=CARTESIAN_POINT('Ctrl Pts',(-16.2930009401531,13.4579034892746,17.9734790614862));
#7607=CARTESIAN_POINT('Ctrl Pts',(-20.7267585219883,4.12050083509228,18.2094174138176));
#7608=CARTESIAN_POINT('Ctrl Pts',(-20.2015585380626,-6.20274766530738,18.4453557661491));
#7609=CARTESIAN_POINT('Ctrl Pts',(-14.8430571260963,-15.0419646690601,18.6812941184806));
#7610=CARTESIAN_POINT('Ctrl Pts',(-5.93329658477035,-20.2823331402726,18.917232470812));
#7611=CARTESIAN_POINT('Ctrl Pts',(4.39602823554589,-20.6700745450981,19.1531708231436));
#7612=CARTESIAN_POINT('Ctrl Pts',(13.6735862053507,-16.1124202479019,19.389109175475));
#7613=CARTESIAN_POINT('Ctrl Pts',(19.6796855150937,-7.69980675425151,19.6250475278065));
#7614=CARTESIAN_POINT('Ctrl Pts',(20.9773435370932,2.55501543576546,19.860985880138));
#7615=CARTESIAN_POINT('Ctrl Pts',(17.2560905734854,12.1985402638994,20.0969242324694));
#7616=CARTESIAN_POINT('Ctrl Pts',(9.40625080688752,18.9235168731939,20.3328625848009));
#7617=CARTESIAN_POINT('Ctrl Pts',(-0.694070963165647,21.1209685522707,20.5688009371324));
#7618=CARTESIAN_POINT('Ctrl Pts',(-10.6283337047368,18.2651462651825,20.8047392894639));
#7619=CARTESIAN_POINT('Ctrl Pts',(-18.0197259913371,11.039316947192,21.0406776417953));
#7620=CARTESIAN_POINT('Ctrl Pts',(-21.0998293426402,1.17228767188563,21.2766159941268));
#7621=CARTESIAN_POINT('Ctrl Pts',(-19.1317153589382,-8.97521509321382,21.5125543464583));
#7622=CARTESIAN_POINT('Ctrl Pts',(-12.586266298324,-16.975364506588,21.7484926987898));
#7623=CARTESIAN_POINT('Ctrl Pts',(-3.02949974362906,-20.9140885057745,21.9844310511212));
#7624=CARTESIAN_POINT('Ctrl Pts',(7.25207786536619,-19.8490422977783,22.2203694034527));
#7625=CARTESIAN_POINT('Ctrl Pts',(15.7985844296263,-14.0350222063729,22.4563077557842));
#7626=CARTESIAN_POINT('Ctrl Pts',(20.5651852574898,-4.86309469380626,22.6922461081157));
#7627=CARTESIAN_POINT('Ctrl Pts',(20.4115503785883,5.47239865175289,22.9281844604471));
#7628=CARTESIAN_POINT('Ctrl Pts',(15.3742452888102,14.4984980833081,23.1641228127786));
#7629=CARTESIAN_POINT('Ctrl Pts',(6.65884273160212,20.055974521117,23.4000611651101));
#7630=CARTESIAN_POINT('Ctrl Pts',(-3.65020689138579,20.8145895354839,23.6359995174415));
#7631=CARTESIAN_POINT('Ctrl Pts',(-13.0849531653509,16.5940063092514,23.8719378697731));
#7632=CARTESIAN_POINT('Ctrl Pts',(-19.3910844493291,8.40168136708985,24.1078762221045));
#7633=CARTESIAN_POINT('Ctrl Pts',(-20.4988693700625,1.60240679271609,24.2651684569921));
#7634=CARTESIAN_POINT('Ctrl Pts',(-20.2143678834147,-1.72722390076015,24.343814574436));
#7635=CARTESIAN_POINT('',(-4.90985030410229E-15,-22.112,3.00004400064535));
#7636=CARTESIAN_POINT('Ctrl Pts',(-21.6900754652672,-0.186396662604371,
2.49728290472525));
#7637=CARTESIAN_POINT('Ctrl Pts',(-21.6658096813603,-3.01008822880779,2.55944098313966));
#7638=CARTESIAN_POINT('Ctrl Pts',(-20.4998120564431,-8.64624776896243,2.68375713996847));
#7639=CARTESIAN_POINT('Ctrl Pts',(-15.6663729259809,-15.8015825429015,2.8702313752117));
#7640=CARTESIAN_POINT('Ctrl Pts',(-8.46976705654507,-20.5733551186879,3.05670561045492));
#7641=CARTESIAN_POINT('Ctrl Pts',(-2.8237958299631,-21.6908763632274,3.18102176728374));
#7642=CARTESIAN_POINT('Ctrl Pts',(-4.38352992421744E-15,-21.6908763632274,
3.24317984569815));
#7643=CARTESIAN_POINT('Ctrl Pts',(-21.2224757163481,-0.18237827950687,2.76726171413559));
#7644=CARTESIAN_POINT('Ctrl Pts',(-21.1987330599186,-2.94519603872443,2.82941979255));
#7645=CARTESIAN_POINT('Ctrl Pts',(-20.0578722860707,-8.45984992574916,2.95373594937881));
#7646=CARTESIAN_POINT('Ctrl Pts',(-15.3286335733267,-15.4609283095211,3.14021018462204));
#7647=CARTESIAN_POINT('Ctrl Pts',(-8.2871738260427,-20.1298298896805,3.32668441986526));
#7648=CARTESIAN_POINT('Ctrl Pts',(-2.76291977523458,-21.2232593483617,3.45100057669408));
#7649=CARTESIAN_POINT('Ctrl Pts',(-4.41216320824154E-15,-21.2232593483617,
3.51315865510849));
#7650=CARTESIAN_POINT('Ctrl Pts',(-20.7548759674291,-0.178359896409369,
3.03724052354593));
#7651=CARTESIAN_POINT('Ctrl Pts',(-20.7316564384769,-2.88030384864105,3.09939860196034));
#7652=CARTESIAN_POINT('Ctrl Pts',(-19.6159325156983,-8.2734520825359,3.22371475878915));
#7653=CARTESIAN_POINT('Ctrl Pts',(-14.9908942206724,-15.1202740761406,3.41018899403238));
#7654=CARTESIAN_POINT('Ctrl Pts',(-8.10458059554033,-19.686304660673,3.5966632292756));
#7655=CARTESIAN_POINT('Ctrl Pts',(-2.70204372050605,-20.755642333496,3.72097938610442));
#7656=CARTESIAN_POINT('Ctrl Pts',(-4.44079649226565E-15,-20.755642333496,
3.78313746451883));
#7657=CARTESIAN_POINT('Ctrl Pts',(-20.2872762185101,-0.174341513311868,
3.30721933295627));
#7658=CARTESIAN_POINT('Ctrl Pts',(-20.2645798170353,-2.81541165855769,3.36937741137068));
#7659=CARTESIAN_POINT('Ctrl Pts',(-19.1739927453259,-8.08705423932263,3.49369356819949));
#7660=CARTESIAN_POINT('Ctrl Pts',(-14.6531548680182,-14.7796198427602,3.68016780344272));
#7661=CARTESIAN_POINT('Ctrl Pts',(-7.92198736503797,-19.2427794316656,3.86664203868594));
#7662=CARTESIAN_POINT('Ctrl Pts',(-2.64116766577753,-20.2880253186304,3.99095819551476));
#7663=CARTESIAN_POINT('Ctrl Pts',(-4.46942977628975E-15,-20.2880253186304,
4.05311627392917));
#7664=CARTESIAN_POINT('Origin',(-22.9721235177729,-2.96750907061523,4.5));
#7665=CARTESIAN_POINT('',(-21.4721235177729,-0.369432859261913,4.5));
#7666=CARTESIAN_POINT('Origin',(-22.112,-2.70793900227463E-15,0.));
#7667=UNCERTAINTY_MEASURE_WITH_UNIT(LENGTH_MEASURE(0.01),#7671,
'DISTANCE_ACCURACY_VALUE',
'Maximum model space distance between geometric entities at asserted c
onnectivities');
#7668=UNCERTAINTY_MEASURE_WITH_UNIT(LENGTH_MEASURE(0.01),#7671,
'DISTANCE_ACCURACY_VALUE',
'Maximum model space distance between geometric entities at asserted c
onnectivities');
#7669=(
GEOMETRIC_REPRESENTATION_CONTEXT(3)
GLOBAL_UNCERTAINTY_ASSIGNED_CONTEXT((#7667))
GLOBAL_UNIT_ASSIGNED_CONTEXT((#7671,#7673,#7674))
REPRESENTATION_CONTEXT('','3D')
);
#7670=(
GEOMETRIC_REPRESENTATION_CONTEXT(3)
GLOBAL_UNCERTAINTY_ASSIGNED_CONTEXT((#7668))
GLOBAL_UNIT_ASSIGNED_CONTEXT((#7671,#7673,#7674))
REPRESENTATION_CONTEXT('','3D')
);
#7671=(
LENGTH_UNIT()
NAMED_UNIT(*)
SI_UNIT(.MILLI.,.METRE.)
);
#7672=(
LENGTH_UNIT()
NAMED_UNIT(*)
SI_UNIT($,.METRE.)
);
#7673=(
NAMED_UNIT(*)
PLANE_ANGLE_UNIT()
SI_UNIT($,.RADIAN.)
);
#7674=(
NAMED_UNIT(*)
SI_UNIT($,.STERADIAN.)
SOLID_ANGLE_UNIT()
);
#7675=SHAPE_DEFINITION_REPRESENTATION(#7676,#7677);
#7676=PRODUCT_DEFINITION_SHAPE('',$,#7679);
#7677=SHAPE_REPRESENTATION('',(#1833),#7669);
#7678=PRODUCT_DEFINITION_CONTEXT('part definition',#7683,'design');
#7679=PRODUCT_DEFINITION('Outer Male Coupling Molded',
'Outer Male Coupling Molded v3',#7680,#7678);
#7680=PRODUCT_DEFINITION_FORMATION('',$,#7685);
#7681=PRODUCT_RELATED_PRODUCT_CATEGORY('Outer Male Coupling Molded v3',
'Outer Male Coupling Molded v3',(#7685));
#7682=APPLICATION_PROTOCOL_DEFINITION('international standard',
'automotive_design',2009,#7683);
#7683=APPLICATION_CONTEXT(
'Core Data for Automotive Mechanical Design Process');
#7684=PRODUCT_CONTEXT('part definition',#7683,'mechanical');
#7685=PRODUCT('Outer Male Coupling Molded',
'Outer Male Coupling Molded v3',$,(#7684));
#7686=PRESENTATION_STYLE_ASSIGNMENT((#7687));
#7687=SURFACE_STYLE_USAGE(.BOTH.,#7688);
#7688=SURFACE_SIDE_STYLE('',(#7689));
#7689=SURFACE_STYLE_FILL_AREA(#7690);
#7690=FILL_AREA_STYLE('Plastic - Glossy (White)',(#7691));
#7691=FILL_AREA_STYLE_COLOUR('Plastic - Glossy (White)',#7692);
#7692=COLOUR_RGB('Plastic - Glossy (White)',0.964705882352941,0.964705882352941,
0.952941176470588);
ENDSEC;
END-ISO-10303-21;
